app_label,package_name,app_category,high_medium_findings,runtime_shift_log2_pps,interactive_run_count,x_log_high_med
BBC News,bbc.mobile.news.ww,News,16,2.4555309335222284,6,1.2304489213782739
CNN,com.cnn.mobile.android.phone,News,25,2.3707100566852812,7,1.414973347970818
The Guardian,com.guardian,News,21,0.8056528677235969,4,1.3424226808222062
Facebook,com.facebook.katana,Social Media,164,4.343173612081366,4,2.2174839442139063
Instagram,com.instagram.android,Social Media,128,4.311695075342142,1,2.110589710299249
Pinterest,com.pinterest,Social Media,16,3.3773832330863063,2,1.2304489213782739
Reddit,com.reddit.frontpage,Social Media,47,2.4254912341110715,1,1.6812412373755872
Snapchat,com.snapchat.android,Social Media,325,2.6496082119364557,2,2.513217600067939
TikTok,com.zhiliaoapp.musically,Social Media,85,3.3852445817762273,3,1.9344984512435677
X (Twitter),com.twitter.android,Social Media,83,2.624807584110142,4,1.9242792860618816
Facebook Msg,com.facebook.orca,Messaging,96,3.620363478767746,5,1.9867717342662448
Signal,org.thoughtcrime.securesms,Messaging,35,6.08974899674651,4,1.5563025007672873
Telegram,org.telegram.messenger,Messaging,43,5.159467094235193,4,1.6434526764861874
WhatsApp,com.whatsapp,Messaging,99,7.019347320082375,5,2.0
LinkedIn,com.linkedin.android,Professional Networking,52,3.732741810096105,4,1.7242758696007892
