id,run_id,finding_id,status,severity,severity_raw,category,title,tags,evidence,fix,rule_id,cvss_score,masvs_control,detector,module,evidence_refs,evidence_hash,created_at,masvs_area,masvs_control_id
197440,5695,manifest_exported_weak_guards,WARN,Medium,P1,PLATFORM,Exported components use weak guards,[],"{""path"": ""/home/secadmin/Laughlin/GitHub/ScytaleDroid/data/store/apk/sha256/a7/a7870bd4eeaad03c13faf0f50e69c5922e2288d352ec8e3647720a6464ac59f0.apk!AndroidManifest.xml"", ""detail"": ""Exported components rely on normal/dangerous permissions or no guard at all: androidx.compose.ui.tooling.PreviewActivity, androidx.profileinstaller.ProfileInstallReceiver, androidx.work.impl.diagnostics.DiagnosticsReceiver, com.google.android.gms.auth.a..."", ""entries"": [{""description"": ""component@permission"", ""location"": ""/home/secadmin/Laughlin/GitHub/ScytaleDroid/data/store/apk/sha256/a7/a7870bd4eeaad03c13faf0f50e69c5922e2288d352ec8e3647720a6464ac59f0.apk!AndroidManifest.xml""}]}",Protect exported components with signature-level permissions or mark them non-exported.,,,PLATFORM,manifest_baseline,,,662a644fb3c735ad27981718a8200e75eea7acdd1ecefe7ce3050d13a4059469,2026-07-04 02:05:48,PLATFORM,
197441,5695,manifest_custom_permissions_review,INFO,Low,P2,PLATFORM,Review custom permission protection levels,[],"{""path"": ""/home/secadmin/Laughlin/GitHub/ScytaleDroid/data/store/apk/sha256/a7/a7870bd4eeaad03c13faf0f50e69c5922e2288d352ec8e3647720a6464ac59f0.apk!AndroidManifest.xml"", ""detail"": ""Custom permissions use uncommon protection levels: bbc.mobile.news.ww.DYNAMIC_RECEIVER_NOT_EXPORTED_PERMISSION, bbc.mobile.news.ww.permission.LOGIN_PROVIDER"", ""entries"": [{""description"": ""permission@protectionLevel"", ""location"": ""/home/secadmin/Laughlin/GitHub/ScytaleDroid/data/store/apk/sha256/a7/a7870bd4eeaad03c13faf0f50e69c5922e2288d352ec8e3647720a6464ac59f0.apk!AndroidManifest.xml""}]}",Verify the custom protection levels only grant access to trusted callers.,,,PLATFORM,manifest_baseline,,,69525eb150a88d5e5c784bb086cf2948e601656369863fe720f00e3f4355aa2f,2026-07-04 02:05:48,PLATFORM,
197442,5695,manifest_task_affinity_custom,INFO,Low,P2,PLATFORM,Custom task affinities present,[],"{""path"": ""/home/secadmin/Laughlin/GitHub/ScytaleDroid/data/store/apk/sha256/a7/a7870bd4eeaad03c13faf0f50e69c5922e2288d352ec8e3647720a6464ac59f0.apk!AndroidManifest.xml"", ""detail"": ""Components override the default task affinity: com.urbanairship.push.NotificationProxyActivity→bbc.mobile.news.ww.NotificationProxyActivity, com.google.android.gms.ads.NotificationHandlerActivity→<empty>"", ""entries"": [{""description"": ""component@taskAffinity"", ""location"": ""/home/secadmin/Laughlin/GitHub/ScytaleDroid/data/store/apk/sha256/a7/a7870bd4eeaad03c13faf0f50e69c5922e2288d352ec8e3647720a6464ac59f0.apk!AndroidManifest.xml""}]}",Ensure custom task affinities are required and do not leak activities into other apps.,,,PLATFORM,manifest_baseline,,,4732a4c2122a03c42fb7189e0cf5dc323a9b80afb84dd38d70121e8ccdbbd621,2026-07-04 02:05:48,PLATFORM,
197443,5695,manifest_custom_process,INFO,Low,P2,PLATFORM,Components run in custom processes,[],"{""path"": ""/home/secadmin/Laughlin/GitHub/ScytaleDroid/data/store/apk/sha256/a7/a7870bd4eeaad03c13faf0f50e69c5922e2288d352ec8e3647720a6464ac59f0.apk!AndroidManifest.xml"", ""detail"": ""Manifest assigns custom android:process values. Review isolation expectations for: com.jakewharton.processphoenix.ProcessPhoenix→:phoenix"", ""entries"": [{""description"": ""component@process"", ""location"": ""/home/secadmin/Laughlin/GitHub/ScytaleDroid/data/store/apk/sha256/a7/a7870bd4eeaad03c13faf0f50e69c5922e2288d352ec8e3647720a6464ac59f0.apk!AndroidManifest.xml""}]}",Document why components require custom processes and ensure permissions isolate IPC boundaries.,,,PLATFORM,manifest_baseline,,,62e3414776826f437a64c8739cfb3648b7344508b04705550bb07f6e7398e3c8,2026-07-04 02:05:48,PLATFORM,
197444,5695,ipc_activity_open_com.mobile.MainActivity,WARN,Medium,P1,PLATFORM,Exported activity without permission,[],"{""detail"": ""Activity com.mobile.MainActivity is exported but does not declare android:permission.""}",Restrict the component with signature-level permissions or mark it non-exported unless explicitly required.,BASE-IPC-COMP-NO-ACL,8.0,PLATFORM,ipc_components,,,7380603bafe7dd0a73a449e6e9353af0d381e16aea047ef89ba8654d036bf764,2026-07-04 02:05:48,PLATFORM,PLATFORM-IPC-1
197445,5695,ipc_activity_open_uk.co.bbc.iDAuth.v5.DeepLinkReceiver,WARN,Medium,P1,PLATFORM,Exported activity without permission,[],"{""detail"": ""Activity uk.co.bbc.iDAuth.v5.DeepLinkReceiver is exported but does not declare android:permission.""}",Restrict the component with signature-level permissions or mark it non-exported unless explicitly required.,BASE-IPC-COMP-NO-ACL,8.0,PLATFORM,ipc_components,,,e1d3932a6d7845d500eee12eb0fe7793cea5669d33bce370d747229bbe4fb4e7,2026-07-04 02:05:48,PLATFORM,PLATFORM-IPC-1
197446,5695,ipc_service_weak_permission_com.mobile.MediaPlayerService,WARN,Medium,P1,PLATFORM,Weak permission guard on exported service,[],"{""detail"": ""Service com.mobile.MediaPlayerService uses android.permission.FOREGROUND_SERVICE (protectionLevel=normal/instant), which is insufficient for exported components.""}",Protect the component with a signature-level permission or mark it non-exported.,,,PLATFORM,ipc_components,,,69db932af6f75b1c9e154d3c35ef37ddfc83b29d412d75fd72824aaba27c9b0b,2026-07-04 02:05:48,PLATFORM,
197447,5695,ipc_service_open_com.mobile.download.DownloadService,WARN,Medium,P1,PLATFORM,Exported service without permission,[],"{""detail"": ""Service com.mobile.download.DownloadService is exported but does not declare android:permission.""}",Restrict the component with signature-level permissions or mark it non-exported unless explicitly required.,BASE-IPC-COMP-NO-ACL,8.0,PLATFORM,ipc_components,,,453b8ae7371142e8cfbd9c93e2190d11b8f9b3d9a0bdc965548f04e5ce2f27ab,2026-07-04 02:05:48,PLATFORM,PLATFORM-IPC-1
197448,5695,ipc_activity_open_org.prebid.mobile.rendering.views.browser.AdBrowserActivity,WARN,Medium,P1,PLATFORM,Exported activity without permission,[],"{""detail"": ""Activity org.prebid.mobile.rendering.views.browser.AdBrowserActivity is exported but does not declare android:permission.""}",Restrict the component with signature-level permissions or mark it non-exported unless explicitly required.,BASE-IPC-COMP-NO-ACL,8.0,PLATFORM,ipc_components,,,8069e880ab3834c28fa119f965da28f818a09e1f3fd72a1bf66afa1bf3c5666a,2026-07-04 02:05:48,PLATFORM,PLATFORM-IPC-1
197449,5695,ipc_provider_permission_weak_uk.co.bbc.authtoolkit.autoSignIn.AuthToolkitLoginProvider,FAIL,High,P0,PLATFORM,Weak guard on exported provider — uk.co.bbc.authtoolkit.autoSignIn.AuthToolkitLoginProvider,[],"{""detail"": ""Provider uk.co.bbc.authtoolkit.autoSignIn.AuthToolkitLoginProvider is exported but guarded by bbc.mobile.news.ww.permission.LOGIN_PROVIDER with protectionLevel=0x00000002, allowing broad callers.""}",Switch the provider permission to signature or signatureOrSystem or make the component private.,,,PLATFORM,ipc_components,,,d9111c2da9b3f62718782ae956e1eb0b1a0727ec8fa72a498b0a03bb71163c00,2026-07-04 02:05:48,PLATFORM,
197450,5695,ipc_activity_open_uk.co.bbc.iDAuth.v5.AccountLinkingActivity,WARN,Medium,P1,PLATFORM,Exported activity without permission,[],"{""detail"": ""Activity uk.co.bbc.iDAuth.v5.AccountLinkingActivity is exported but does not declare android:permission.""}",Restrict the component with signature-level permissions or mark it non-exported unless explicitly required.,BASE-IPC-COMP-NO-ACL,8.0,PLATFORM,ipc_components,,,b80a4a2413c6d65204a143b1ca4d3697f709d58fabf6d16015e27c987906b384,2026-07-04 02:05:48,PLATFORM,PLATFORM-IPC-1
197451,5695,ipc_activity_open_uk.co.bbc.authtoolkit.accountlinking.alexa.AppToAppLinkingActivity,WARN,Medium,P1,PLATFORM,Exported activity without permission,[],"{""detail"": ""Activity uk.co.bbc.authtoolkit.accountlinking.alexa.AppToAppLinkingActivity is exported but does not declare android:permission.""}",Restrict the component with signature-level permissions or mark it non-exported unless explicitly required.,BASE-IPC-COMP-NO-ACL,8.0,PLATFORM,ipc_components,,,8e2127efb61ec73080c307656078aabbbf3e5e7d8180cba1fa17e7998ce44523,2026-07-04 02:05:48,PLATFORM,PLATFORM-IPC-1
197452,5695,ipc_activity_open_uk.co.bbc.authtoolkit.onetap.OneTapSignInActivity,WARN,Medium,P1,PLATFORM,Exported activity without permission,[],"{""detail"": ""Activity uk.co.bbc.authtoolkit.onetap.OneTapSignInActivity is exported but does not declare android:permission.""}",Restrict the component with signature-level permissions or mark it non-exported unless explicitly required.,BASE-IPC-COMP-NO-ACL,8.0,PLATFORM,ipc_components,,,6b45e7d16b21d6efcfece3655c2c3437434c64b7d1b93e0c6d6a8a38ab63f422,2026-07-04 02:05:48,PLATFORM,PLATFORM-IPC-1
197453,5695,ipc_receiver_weak_permission_com.google.firebase.iid.FirebaseInstanceIdReceiver,WARN,Medium,P1,PLATFORM,Weak permission guard on exported receiver,[],"{""detail"": ""Receiver com.google.firebase.iid.FirebaseInstanceIdReceiver uses com.google.android.c2dm.permission.SEND (protectionLevel=unspecified), which is insufficient for exported components.""}",Protect the component with a signature-level permission or mark it non-exported.,,,PLATFORM,ipc_components,,,801a80d1d4bf8adabab2d6125f2ede620061207fdfa45b7458a8fc4129d8acec,2026-07-04 02:05:48,PLATFORM,
197454,5695,ipc_service_weak_permission_com.google.android.gms.auth.api.signin.RevocationBoundService,WARN,Medium,P1,PLATFORM,Weak permission guard on exported service,[],"{""detail"": ""Service com.google.android.gms.auth.api.signin.RevocationBoundService uses com.google.android.gms.auth.api.signin.permission.REVOCATION_NOTIFICATION (protectionLevel=unspecified), which is insufficient for exported components.""}",Protect the component with a signature-level permission or mark it non-exported.,,,PLATFORM,ipc_components,,,333620b6726a9959216b7d765dc48d0cdfd4b817f914fe21914e4a734b970792,2026-07-04 02:05:48,PLATFORM,
197455,5695,ipc_service_permission_com.transistorsoft.tsbackgroundfetch.FetchJobService,INFO,Low,P2,PLATFORM,Exported service gated by android.permission.BIND_JOB_SERVICE,[],"{""detail"": ""Exported service relies on android.permission.BIND_JOB_SERVICE (protectionLevel=signature).""}",Document the permission contract and monitor for unexpected callers.,BASE-IPC-EXPORTED-WITH-PERM,2.5,PLATFORM,ipc_components,,,010feff1d370cdde2b30a44baa245760ecc86f7b41a538afeb48267dd5a387b4,2026-07-04 02:05:48,PLATFORM,PLATFORM-IPC-1
197456,5695,ipc_service_permission_androidx.work.impl.background.systemjob.SystemJobService,INFO,Low,P2,PLATFORM,Exported service gated by android.permission.BIND_JOB_SERVICE,[],"{""detail"": ""Exported service relies on android.permission.BIND_JOB_SERVICE (protectionLevel=signature).""}",Document the permission contract and monitor for unexpected callers.,BASE-IPC-EXPORTED-WITH-PERM,2.5,PLATFORM,ipc_components,,,010feff1d370cdde2b30a44baa245760ecc86f7b41a538afeb48267dd5a387b4,2026-07-04 02:05:48,PLATFORM,PLATFORM-IPC-1
197457,5695,ipc_receiver_weak_permission_androidx.work.impl.diagnostics.DiagnosticsReceiver,WARN,Medium,P1,PLATFORM,Weak permission guard on exported receiver,[],"{""detail"": ""Receiver androidx.work.impl.diagnostics.DiagnosticsReceiver uses android.permission.DUMP (protectionLevel=unspecified), which is insufficient for exported components.""}",Protect the component with a signature-level permission or mark it non-exported.,,,PLATFORM,ipc_components,,,9941e0eccdf7d3b4774f715de75a66f6bc0c3a6738cde28ebf468fc203a6652b,2026-07-04 02:05:48,PLATFORM,
197458,5695,ipc_activity_open_androidx.compose.ui.tooling.PreviewActivity,WARN,Medium,P1,PLATFORM,Exported activity without permission,[],"{""detail"": ""Activity androidx.compose.ui.tooling.PreviewActivity is exported but does not declare android:permission.""}",Restrict the component with signature-level permissions or mark it non-exported unless explicitly required.,BASE-IPC-COMP-NO-ACL,8.0,PLATFORM,ipc_components,,,d7d34743756117e156d4e3558495b41f2d5a16fdeafd9b6b9f43c60d701c3a71,2026-07-04 02:05:48,PLATFORM,PLATFORM-IPC-1
197459,5695,ipc_receiver_weak_permission_androidx.profileinstaller.ProfileInstallReceiver,WARN,Medium,P1,PLATFORM,Weak permission guard on exported receiver,[],"{""detail"": ""Receiver androidx.profileinstaller.ProfileInstallReceiver uses android.permission.DUMP (protectionLevel=unspecified), which is insufficient for exported components.""}",Protect the component with a signature-level permission or mark it non-exported.,,,PLATFORM,ipc_components,,,a1011e55cd81e1a5efa21cd3531f8f576789e1e4757a87011b59740f80197b8d,2026-07-04 02:05:48,PLATFORM,
197460,5695,RN_FOOTPRINT,INFO,Info,NOTE,OTHER,React Native footprint detected,"[""react_native"", ""bundle""]","{""path"": ""/home/secadmin/Laughlin/GitHub/ScytaleDroid/data/store/apk/sha256/a7/a7870bd4eeaad03c13faf0f50e69c5922e2288d352ec8e3647720a6464ac59f0.apk!assets/index.android.bundle"", ""detail"": ""React Native bundle/native components detected; enable RN-specific analysis for JS/Hermes coverage."", ""entries"": [{""description"": ""React Native bundle asset"", ""location"": ""/home/secadmin/Laughlin/GitHub/ScytaleDroid/data/store/apk/sha256/a7/a7870bd4eeaad03c13faf0f50e69c5922e2288d352ec8e3647720a6464ac59f0.apk!assets/index.android.bundle""}]}",,,,OTHER,react_native,,,3b801f6ad9e74530055e6667dc83ca6c02ff3edbae2270fb72382f99ba2f584e,2026-07-04 02:05:48,OTHER,
197461,5695,storage_sensitive_keys,INFO,Low,P2,STORAGE,Potential sensitive preference keys,[],"{""path"": ""/home/secadmin/Laughlin/GitHub/ScytaleDroid/data/store/apk/sha256/a7/a7870bd4eeaad03c13faf0f50e69c5922e2288d352ec8e3647720a6464ac59f0.apk!string[assets/index.android.bundle]"", ""detail"": ""Keys referencing tokens/secrets detected in resources or code."", ""entries"": [{""description"": ""Potential sensitive key 'Children across cultures have invented s'"", ""hash_short"": ""#h:adc83011"", ""location"": ""/home/secadmin/Laughlin/GitHub/ScytaleDroid/data/store/apk/sha256/a7/a7870bd4eeaad03c13faf0f50e69c5922e2288d352ec8e3647720a6464ac59f0.apk!string[assets/index.android.bundle]""}, {""description"": ""Potential sensitive key 'The project was conducted at Kentron Cir'"", ""hash_short"": ""#h:9f8ae112"", ""location"": ""/home/secadmin/Laughlin/GitHub/ScytaleDroid/data/store/apk/sha256/a7/a7870bd4eeaad03c13faf0f50e69c5922e2288d352ec8e3647720a6464ac59f0.apk!string[assets/index.android.bundle]""}, {""description"": ""Potential sensitive key 'He tells Gill Kearsley about his work on'"", ""hash_short"": ""#h:1d9e04b9"", ""location"": ""/home/secadmin/Laughlin/GitHub/ScytaleDroid/data/store/apk/sha256/a7/a7870bd4eeaad03c13faf0f50e69c5922e2288d352ec8e3647720a6464ac59f0.apk!string[assets/index.android.bundle]""}]}",Ensure sensitive tokens are encrypted or stored within Android Keystore-backed preferences.,,,STORAGE,storage_backup,,,28c17e02599fa0245cc838e739b214c7c6eba1ff851c9b662059be69fe2bfa22,2026-07-04 02:05:48,STORAGE,
197462,5695,sdk_inventory_tracker_network_overlap,INFO,Info,NOTE,NETWORK,Endpoint overlap with tracker network reference intel,"[""sdk_inventory"", ""tracker_intel"", ""network_overlap""]","{""path"": ""assets/index.android.bundle@4330914"", ""detail"": ""11 tracker reference entries overlapped root domains from extracted HTTP(S) strings. This indicates contextual network similarity, not confirmed tracking behavior."", ""entries"": [{""description"": ""Endpoint root-domain overlapping tracker network signature"", ""hash_short"": ""60972d7e"", ""location"": ""assets/index.android.bundle@4330914""}, {""description"": ""Endpoint root-domain overlapping tracker network signature"", ""hash_short"": ""60972d7e"", ""location"": ""assets/index.android.bundle@4330914""}]}",,,,NETWORK,sdk_inventory,,,9357caef077d727d20c83a832811104c65aef1a12e287db8157ed91adc0fac3d,2026-07-04 02:05:48,NETWORK,
197463,5695,risk_profile,WARN,High,P0,OTHER,Correlation priority — Critical,"[""risk_profile_downgraded""]","{""detail"": ""Correlation priority score 2346 (Critical); synthetic prioritization signal.""}",Prioritise remediation of the contributing findings that raised this synthetic priority score.,,,OTHER,correlation_engine,,,d80bfd77d406ab3337f805e683a508926d1694f4531c4a6b54f0864dc369e935,2026-07-04 02:05:48,OTHER,
198870,5728,manifest_exported_weak_guards,WARN,Medium,P1,PLATFORM,Exported components use weak guards,[],"{""path"": ""/home/secadmin/Laughlin/GitHub/ScytaleDroid/data/store/apk/sha256/d2/d2f91e29dc75b69daf7a640665ddf16090a27609579c64d7a5f0f52c80949468.apk!AndroidManifest.xml"", ""detail"": ""Exported components rely on normal/dangerous permissions or no guard at all: androidx.profileinstaller.ProfileInstallReceiver, androidx.work.impl.diagnostics.DiagnosticsReceiver, com.facebook.adinterfaces.AdInterfacesObjectiveActivity, com.facebook.ads...."", ""entries"": [{""description"": ""component@permission"", ""location"": ""/home/secadmin/Laughlin/GitHub/ScytaleDroid/data/store/apk/sha256/d2/d2f91e29dc75b69daf7a640665ddf16090a27609579c64d7a5f0f52c80949468.apk!AndroidManifest.xml""}]}",Protect exported components with signature-level permissions or mark them non-exported.,,,PLATFORM,manifest_baseline,,,e5da1f33652dccf71c97de8d42074dcbc1aaa4593e354d535432c094b17326ea,2026-07-04 02:08:24,PLATFORM,
198871,5728,manifest_backup_and_exports,WARN,Medium,P1,STORAGE,Backup plus exported weak components,[],"{""path"": ""/home/secadmin/Laughlin/GitHub/ScytaleDroid/data/store/apk/sha256/d2/d2f91e29dc75b69daf7a640665ddf16090a27609579c64d7a5f0f52c80949468.apk!AndroidManifest.xml"", ""detail"": ""android:allowBackup is enabled while exported components lack strong permission guards (androidx.profileinstaller.ProfileInstallReceiver, androidx.work.impl.diagnostics.DiagnosticsReceiver, com.facebook.adinterfaces.AdInterfacesObjectiveActivity, com.fa..."", ""entries"": [{""description"": ""application@allowBackup"", ""location"": ""/home/secadmin/Laughlin/GitHub/ScytaleDroid/data/store/apk/sha256/d2/d2f91e29dc75b69daf7a640665ddf16090a27609579c64d7a5f0f52c80949468.apk!AndroidManifest.xml""}]}",Disable auto-backup or harden exported components with signature-level permissions.,,,STORAGE,manifest_baseline,,,48ccca5737700f953acc83f8aea4e68477c5eeda31908d243b6b45504b57a9cf,2026-07-04 02:08:24,STORAGE,
198872,5728,manifest_backup_enabled,WARN,Medium,P1,STORAGE,Auto-backup enabled,[],"{""path"": ""/home/secadmin/Laughlin/GitHub/ScytaleDroid/data/store/apk/sha256/d2/d2f91e29dc75b69daf7a640665ddf16090a27609579c64d7a5f0f52c80949468.apk!AndroidManifest.xml"", ""detail"": ""Application data can be exported via Android's backup channel (android:allowBackup not set to false)."", ""entries"": [{""description"": ""application@allowBackup"", ""location"": ""/home/secadmin/Laughlin/GitHub/ScytaleDroid/data/store/apk/sha256/d2/d2f91e29dc75b69daf7a640665ddf16090a27609579c64d7a5f0f52c80949468.apk!AndroidManifest.xml""}]}",Set android:allowBackup=false or provide an explicit backup configuration that excludes sensitive data.,,,STORAGE,manifest_baseline,,,4967403002c3896b77b060671ae7a5773ed90cfe8b161f2d7a219f276e8557bb,2026-07-04 02:08:24,STORAGE,
198873,5728,manifest_legacy_external_storage,WARN,Medium,P1,STORAGE,Legacy external storage requested,[],"{""path"": ""/home/secadmin/Laughlin/GitHub/ScytaleDroid/data/store/apk/sha256/d2/d2f91e29dc75b69daf7a640665ddf16090a27609579c64d7a5f0f52c80949468.apk!AndroidManifest.xml"", ""detail"": ""android:requestLegacyExternalStorage is true. This bypasses scoped storage protections and should be phased out."", ""entries"": [{""description"": ""application@requestLegacyExternalStorage"", ""location"": ""/home/secadmin/Laughlin/GitHub/ScytaleDroid/data/store/apk/sha256/d2/d2f91e29dc75b69daf7a640665ddf16090a27609579c64d7a5f0f52c80949468.apk!AndroidManifest.xml""}]}",Adopt scoped storage APIs and drop requestLegacyExternalStorage for production builds.,,,STORAGE,manifest_baseline,,,ef9590084d4cecc4a95d0299ce3ac20f90080fbd409dda1084014c1c945e451a,2026-07-04 02:08:24,STORAGE,
198874,5728,manifest_custom_permissions_review,INFO,Low,P2,PLATFORM,Review custom permission protection levels,[],"{""path"": ""/home/secadmin/Laughlin/GitHub/ScytaleDroid/data/store/apk/sha256/d2/d2f91e29dc75b69daf7a640665ddf16090a27609579c64d7a5f0f52c80949468.apk!AndroidManifest.xml"", ""detail"": ""Custom permissions use uncommon protection levels: com.facebook.katana.DYNAMIC_RECEIVER_NOT_EXPORTED_PERMISSION, com.facebook.katana.permission.CREATE_SHORTCUT, com.facebook.katana.permission.CROSS_PROCESS_BROADCAST_MANAGER, com.facebook.katana.permissi..."", ""entries"": [{""description"": ""permission@protectionLevel"", ""location"": ""/home/secadmin/Laughlin/GitHub/ScytaleDroid/data/store/apk/sha256/d2/d2f91e29dc75b69daf7a640665ddf16090a27609579c64d7a5f0f52c80949468.apk!AndroidManifest.xml""}]}",Verify the custom protection levels only grant access to trusted callers.,,,PLATFORM,manifest_baseline,,,a746f0e183a3775213702cb338a5de47c74e8a55a605bdbc3bc455ad114962fc,2026-07-04 02:08:24,PLATFORM,
198875,5728,manifest_task_affinity_custom,INFO,Low,P2,PLATFORM,Custom task affinities present,[],"{""path"": ""/home/secadmin/Laughlin/GitHub/ScytaleDroid/data/store/apk/sha256/d2/d2f91e29dc75b69daf7a640665ddf16090a27609579c64d7a5f0f52c80949468.apk!AndroidManifest.xml"", ""detail"": ""Components override the default task affinity: com.facebook.katana.platform.FacebookAuthenticationActivity→<empty>, com.facebook.account.twofac.push.LoginApprovalsPushActivity→com.facebook.account.twofac.push, com.facebook.notifications.tray.service.Sys..."", ""entries"": [{""description"": ""component@taskAffinity"", ""location"": ""/home/secadmin/Laughlin/GitHub/ScytaleDroid/data/store/apk/sha256/d2/d2f91e29dc75b69daf7a640665ddf16090a27609579c64d7a5f0f52c80949468.apk!AndroidManifest.xml""}]}",Ensure custom task affinities are required and do not leak activities into other apps.,,,PLATFORM,manifest_baseline,,,0e874e9771ab8382ab578d179d10c49c08d27892b022e566848b175b2d359928,2026-07-04 02:08:24,PLATFORM,
198876,5728,manifest_custom_process,INFO,Low,P2,PLATFORM,Components run in custom processes,[],"{""path"": ""/home/secadmin/Laughlin/GitHub/ScytaleDroid/data/store/apk/sha256/d2/d2f91e29dc75b69daf7a640665ddf16090a27609579c64d7a5f0f52c80949468.apk!AndroidManifest.xml"", ""detail"": ""Manifest assigns custom android:process values. Review isolation expectations for: com.facebook.cameracore.mediapipeline.asyncscripting.AsyncScriptingService→:AsyncScriptingProcess, com.facebook.push.fbns.dgw.KotlinInappFbnsService→:fbns, com.facebook.a..."", ""entries"": [{""description"": ""component@process"", ""location"": ""/home/secadmin/Laughlin/GitHub/ScytaleDroid/data/store/apk/sha256/d2/d2f91e29dc75b69daf7a640665ddf16090a27609579c64d7a5f0f52c80949468.apk!AndroidManifest.xml""}]}",Document why components require custom processes and ensure permissions isolate IPC boundaries.,,,PLATFORM,manifest_baseline,,,60f79929d6bd712218bd6ebf6416ef8992616f7a1226a4c68bf3764e28a06f1b,2026-07-04 02:08:24,PLATFORM,
198877,5728,ipc_provider_world_com.facebook.katana.provider.AttributionIdProvider,FAIL,High,P0,PLATFORM,Exported provider without permission — com.facebook.katana.provider.AttributionIdProvider,[],"{""detail"": ""Content provider is exported without read/write permissions, allowing external processes to query data.""}",Declare readPermission and writePermission or mark the provider as private (exported=false).,,,PLATFORM,ipc_components,,,9bb8ae3667321fbe39616893b95b97154d6d6f2cdd2b48d542d1149201abc5a7,2026-07-04 02:08:24,PLATFORM,
198878,5728,ipc_provider_world_com.facebook.platform.common.provider.PlatformProviderBase,FAIL,High,P0,PLATFORM,Exported provider without permission — com.facebook.platform.common.provider.PlatformProviderBase,[],"{""detail"": ""Content provider is exported without read/write permissions, allowing external processes to query data.""}",Declare readPermission and writePermission or mark the provider as private (exported=false).,,,PLATFORM,ipc_components,,,9bb8ae3667321fbe39616893b95b97154d6d6f2cdd2b48d542d1149201abc5a7,2026-07-04 02:08:24,PLATFORM,
198879,5728,ipc_provider_world_com.facebook.twilight.deeplinks.DeferredDeeplinkProvider,FAIL,High,P0,PLATFORM,Exported provider without permission — com.facebook.twilight.deeplinks.DeferredDeeplinkProvider,[],"{""detail"": ""Content provider is exported without read/write permissions, allowing external processes to query data.""}",Declare readPermission and writePermission or mark the provider as private (exported=false).,,,PLATFORM,ipc_components,,,9bb8ae3667321fbe39616893b95b97154d6d6f2cdd2b48d542d1149201abc5a7,2026-07-04 02:08:24,PLATFORM,
198880,5728,ipc_provider_permission_weak_com.facebook.messaging.push.dedup.provider.ClientMessagePushDedupInfoProvider,FAIL,High,P0,PLATFORM,Weak guard on exported provider — com.facebook.messaging.push.dedup.provider.ClientMessagePushDedupInfoProvider,[],"{""detail"": ""Provider com.facebook.messaging.push.dedup.provider.ClientMessagePushDedupInfoProvider is exported but guarded by com.facebook.permission.prod.FB_APP_COMMUNICATION with protectionLevel=0x00000002, allowing broad callers.""}",Switch the provider permission to signature or signatureOrSystem or make the component private.,,,PLATFORM,ipc_components,,,8ec7aa3f0f687bb4419c9f53a443e0cfdd5f0c21189a9fcbbc6283a858e3d6c0,2026-07-04 02:08:24,PLATFORM,
198881,5728,ipc_service_open_com.facebook.audiencenetwork.AudienceNetworkService,WARN,Medium,P1,PLATFORM,Exported service without permission,[],"{""detail"": ""Service com.facebook.audiencenetwork.AudienceNetworkService is exported but does not declare android:permission.""}",Restrict the component with signature-level permissions or mark it non-exported unless explicitly required.,BASE-IPC-COMP-NO-ACL,8.0,PLATFORM,ipc_components,,,a81ad0f9d12ddb6546ceecaec881bc1d0393ed69483601ebdcd14fb9ed2b2679,2026-07-04 02:08:24,PLATFORM,PLATFORM-IPC-1
198882,5728,ipc_activity_open_com.facebook.katana.activity.FbMainTabActivity,WARN,Medium,P1,PLATFORM,Exported activity without permission,[],"{""detail"": ""Activity com.facebook.katana.activity.FbMainTabActivity is exported but does not declare android:permission.""}",Restrict the component with signature-level permissions or mark it non-exported unless explicitly required.,BASE-IPC-COMP-NO-ACL,8.0,PLATFORM,ipc_components,,,aeefd9ade2efb3c9f548517e215e409081baeb6ba292f22f7fbdac9a0cc9ce7a,2026-07-04 02:08:24,PLATFORM,PLATFORM-IPC-1
198883,5728,ipc_activity-alias_open_com.facebook.katana.LoginActivity.worldcup_ic,WARN,Medium,P1,PLATFORM,Exported activity alias without permission,[],"{""detail"": ""Activity Alias com.facebook.katana.LoginActivity.worldcup_ic is exported but does not declare android:permission.""}",Restrict the component with signature-level permissions or mark it non-exported unless explicitly required.,BASE-IPC-COMP-NO-ACL,8.0,PLATFORM,ipc_components,,,572c2b1cd143fc882ceb5807961f60bc2b480789302f4aae4e09beaf3a5c8eb1,2026-07-04 02:08:24,PLATFORM,PLATFORM-IPC-1
198884,5728,ipc_activity-alias_open_com.facebook.katana.LoginActivity.fab_ic,WARN,Medium,P1,PLATFORM,Exported activity alias without permission,[],"{""detail"": ""Activity Alias com.facebook.katana.LoginActivity.fab_ic is exported but does not declare android:permission.""}",Restrict the component with signature-level permissions or mark it non-exported unless explicitly required.,BASE-IPC-COMP-NO-ACL,8.0,PLATFORM,ipc_components,,,635359999cdb3ce6e146a010f55ee9f189b1c49ffca2177e54afdb7cb4bbe5be,2026-07-04 02:08:24,PLATFORM,PLATFORM-IPC-1
198885,5728,ipc_activity-alias_open_com.facebook.katana.LoginActivity.vaporwave_ic,WARN,Medium,P1,PLATFORM,Exported activity alias without permission,[],"{""detail"": ""Activity Alias com.facebook.katana.LoginActivity.vaporwave_ic is exported but does not declare android:permission.""}",Restrict the component with signature-level permissions or mark it non-exported unless explicitly required.,BASE-IPC-COMP-NO-ACL,8.0,PLATFORM,ipc_components,,,8ca2a205393a4bfedff076b284f133b7b492b776622578ef5b30dbb8d13c8044,2026-07-04 02:08:24,PLATFORM,PLATFORM-IPC-1
198886,5728,ipc_activity-alias_open_com.facebook.katana.LoginActivity.fierce_ic,WARN,Medium,P1,PLATFORM,Exported activity alias without permission,[],"{""detail"": ""Activity Alias com.facebook.katana.LoginActivity.fierce_ic is exported but does not declare android:permission.""}",Restrict the component with signature-level permissions or mark it non-exported unless explicitly required.,BASE-IPC-COMP-NO-ACL,8.0,PLATFORM,ipc_components,,,ec5baf90196027e958eac20d6afe7b5a59f32a966e3555364dea421253394684,2026-07-04 02:08:24,PLATFORM,PLATFORM-IPC-1
198887,5728,ipc_activity-alias_open_com.facebook.katana.LoginActivity.loved_ic,WARN,Medium,P1,PLATFORM,Exported activity alias without permission,[],"{""detail"": ""Activity Alias com.facebook.katana.LoginActivity.loved_ic is exported but does not declare android:permission.""}",Restrict the component with signature-level permissions or mark it non-exported unless explicitly required.,BASE-IPC-COMP-NO-ACL,8.0,PLATFORM,ipc_components,,,2615cab943fc48a2e9c6c19de2a0fb1be5b7bf9726d6e9ec3415be7302825bc5,2026-07-04 02:08:24,PLATFORM,PLATFORM-IPC-1
198888,5728,ipc_activity-alias_open_com.facebook.katana.LoginActivity.dreamy_ic,WARN,Medium,P1,PLATFORM,Exported activity alias without permission,[],"{""detail"": ""Activity Alias com.facebook.katana.LoginActivity.dreamy_ic is exported but does not declare android:permission.""}",Restrict the component with signature-level permissions or mark it non-exported unless explicitly required.,BASE-IPC-COMP-NO-ACL,8.0,PLATFORM,ipc_components,,,831b813d2572321c9d86443da9507a67ce5621f3cde2d2ab2779bd703d3dc82a,2026-07-04 02:08:24,PLATFORM,PLATFORM-IPC-1
198889,5728,ipc_activity-alias_open_com.facebook.katana.LoginActivity.quiet_cool,WARN,Medium,P1,PLATFORM,Exported activity alias without permission,[],"{""detail"": ""Activity Alias com.facebook.katana.LoginActivity.quiet_cool is exported but does not declare android:permission.""}",Restrict the component with signature-level permissions or mark it non-exported unless explicitly required.,BASE-IPC-COMP-NO-ACL,8.0,PLATFORM,ipc_components,,,1b455d7a94a6a0bbfd53dc5d40eb500e6ff4490765b61d1075a80c369a2391b5,2026-07-04 02:08:24,PLATFORM,PLATFORM-IPC-1
198890,5728,ipc_activity-alias_open_com.facebook.katana.LoginActivity.katana,WARN,Medium,P1,PLATFORM,Exported activity alias without permission,[],"{""detail"": ""Activity Alias com.facebook.katana.LoginActivity.katana is exported but does not declare android:permission.""}",Restrict the component with signature-level permissions or mark it non-exported unless explicitly required.,BASE-IPC-COMP-NO-ACL,8.0,PLATFORM,ipc_components,,,78b3d6f631c8e0baf1e6ebdd81b4fb34f27c44357a918978dc8a95ff67f4ab68,2026-07-04 02:08:24,PLATFORM,PLATFORM-IPC-1
198891,5728,ipc_activity-alias_open_com.facebook.katana.LoginActivity.blue_fb,WARN,Medium,P1,PLATFORM,Exported activity alias without permission,[],"{""detail"": ""Activity Alias com.facebook.katana.LoginActivity.blue_fb is exported but does not declare android:permission.""}",Restrict the component with signature-level permissions or mark it non-exported unless explicitly required.,BASE-IPC-COMP-NO-ACL,8.0,PLATFORM,ipc_components,,,9cd1f33342b8f095ba5e6ff5e59a4a967708299583f1eef8b66612f5e468af48,2026-07-04 02:08:24,PLATFORM,PLATFORM-IPC-1
198892,5728,ipc_activity-alias_open_com.facebook.katana.LoginActivity,WARN,Medium,P1,PLATFORM,Exported activity alias without permission,[],"{""detail"": ""Activity Alias com.facebook.katana.LoginActivity is exported but does not declare android:permission.""}",Restrict the component with signature-level permissions or mark it non-exported unless explicitly required.,BASE-IPC-COMP-NO-ACL,8.0,PLATFORM,ipc_components,,,9f500464b089ccb28ceee035b2bcfc009cb9d6af565b7c7c1276dcce6ac43674,2026-07-04 02:08:24,PLATFORM,PLATFORM-IPC-1
198893,5728,ipc_activity_weak_permission_com.facebook.katana.immersiveactivity.ImmersiveActivity,WARN,Medium,P1,PLATFORM,Weak permission guard on exported activity,[],"{""detail"": ""Activity com.facebook.katana.immersiveactivity.ImmersiveActivity uses com.facebook.permission.prod.FB_APP_COMMUNICATION (protectionLevel=0x00000002), which is insufficient for exported components.""}",Protect the component with a signature-level permission or mark it non-exported.,,,PLATFORM,ipc_components,,,1f7f81eda9c9bff274ca9bfe81268adf26f0ff145ad6d9e2f0d3175806d03dbe,2026-07-04 02:08:24,PLATFORM,
198894,5728,ipc_activity_weak_permission_com.facebook.katana.immersiveactivity.ImmersivePortraitActivity,WARN,Medium,P1,PLATFORM,Weak permission guard on exported activity,[],"{""detail"": ""Activity com.facebook.katana.immersiveactivity.ImmersivePortraitActivity uses com.facebook.permission.prod.FB_APP_COMMUNICATION (protectionLevel=0x00000002), which is insufficient for exported components.""}",Protect the component with a signature-level permission or mark it non-exported.,,,PLATFORM,ipc_components,,,89aeac262b1ea76e2519bbe7e6dcf58ef69edfe852e0c5ae3f8ae89ede4606c1,2026-07-04 02:08:24,PLATFORM,
198895,5728,ipc_activity_weak_permission_com.facebook.katana.immersiveactivity.ImmersiveDeeplinkingActivity,WARN,Medium,P1,PLATFORM,Weak permission guard on exported activity,[],"{""detail"": ""Activity com.facebook.katana.immersiveactivity.ImmersiveDeeplinkingActivity uses com.facebook.permission.prod.FB_APP_COMMUNICATION (protectionLevel=0x00000002), which is insufficient for exported components.""}",Protect the component with a signature-level permission or mark it non-exported.,,,PLATFORM,ipc_components,,,83b99075bac55f5cdc16e89c46438dea4e7c28b74f9bdb15266617a96cd53f3f,2026-07-04 02:08:24,PLATFORM,
198896,5728,ipc_activity_open_com.facebook.katana.GoogleNowIntentHandler,WARN,Medium,P1,PLATFORM,Exported activity without permission,[],"{""detail"": ""Activity com.facebook.katana.GoogleNowIntentHandler is exported but does not declare android:permission.""}",Restrict the component with signature-level permissions or mark it non-exported unless explicitly required.,BASE-IPC-COMP-NO-ACL,8.0,PLATFORM,ipc_components,,,c2d44ce1fda9293e1d8df73153c84a9f36e22966061d82fbb44a6cfc4c60b668,2026-07-04 02:08:24,PLATFORM,PLATFORM-IPC-1
198897,5728,ipc_activity_open_com.facebook.katana.UriAuthHandler,WARN,Medium,P1,PLATFORM,Exported activity without permission,[],"{""detail"": ""Activity com.facebook.katana.UriAuthHandler is exported but does not declare android:permission.""}",Restrict the component with signature-level permissions or mark it non-exported unless explicitly required.,BASE-IPC-COMP-NO-ACL,8.0,PLATFORM,ipc_components,,,f18cbd26c1519d54c559c916d3e1602d5c25248e35c8f7ce8369831fc5ff4e23,2026-07-04 02:08:24,PLATFORM,PLATFORM-IPC-1
198898,5728,ipc_activity_open_com.facebook.platform.common.activity.PlatformWrapperActivity,WARN,Medium,P1,PLATFORM,Exported activity without permission,[],"{""detail"": ""Activity com.facebook.platform.common.activity.PlatformWrapperActivity is exported but does not declare android:permission.""}",Restrict the component with signature-level permissions or mark it non-exported unless explicitly required.,BASE-IPC-COMP-NO-ACL,8.0,PLATFORM,ipc_components,,,f202baf2cf86e2044e41cef948733c18fe50bf5a0229050a7811f6ebec5973e5,2026-07-04 02:08:24,PLATFORM,PLATFORM-IPC-1
198899,5728,ipc_activity_open_com.facebook.sotto.SottoConsiderationActivity,WARN,Medium,P1,PLATFORM,Exported activity without permission,[],"{""detail"": ""Activity com.facebook.sotto.SottoConsiderationActivity is exported but does not declare android:permission.""}",Restrict the component with signature-level permissions or mark it non-exported unless explicitly required.,BASE-IPC-COMP-NO-ACL,8.0,PLATFORM,ipc_components,,,b4cfd71b6820e7427cd372f15f07dd670c243ff25232aef0639affca7e7dac86,2026-07-04 02:08:24,PLATFORM,PLATFORM-IPC-1
198900,5728,ipc_service_open_com.facebook.katana.platform.FacebookAuthenticationService,WARN,Medium,P1,PLATFORM,Exported service without permission,[],"{""detail"": ""Service com.facebook.katana.platform.FacebookAuthenticationService is exported but does not declare android:permission.""}",Restrict the component with signature-level permissions or mark it non-exported unless explicitly required.,BASE-IPC-COMP-NO-ACL,8.0,PLATFORM,ipc_components,,,bfea87081712dc825507355899bc6b9890c74eb004a8caae941eb6d722c1b4ba,2026-07-04 02:08:24,PLATFORM,PLATFORM-IPC-1
198901,5728,ipc_service_open_com.facebook.katana.platform.TokenRefreshService,WARN,Medium,P1,PLATFORM,Exported service without permission,[],"{""detail"": ""Service com.facebook.katana.platform.TokenRefreshService is exported but does not declare android:permission.""}",Restrict the component with signature-level permissions or mark it non-exported unless explicitly required.,BASE-IPC-COMP-NO-ACL,8.0,PLATFORM,ipc_components,,,730c72a87c6a03d5d25f4385c9c9d2c254e8e8f56b443da8b233a5b076229ba4,2026-07-04 02:08:24,PLATFORM,PLATFORM-IPC-1
198902,5728,ipc_service_open_com.facebook.platform.common.service.PlatformService,WARN,Medium,P1,PLATFORM,Exported service without permission,[],"{""detail"": ""Service com.facebook.platform.common.service.PlatformService is exported but does not declare android:permission.""}",Restrict the component with signature-level permissions or mark it non-exported unless explicitly required.,BASE-IPC-COMP-NO-ACL,8.0,PLATFORM,ipc_components,,,7182211ec2fcc43050e7ac1ed0ce7089b6c2484f1596545b4f1327256ab4507d,2026-07-04 02:08:24,PLATFORM,PLATFORM-IPC-1
198903,5728,ipc_activity_open_com.facebook.adinterfaces.AdInterfacesObjectiveActivity,WARN,Medium,P1,PLATFORM,Exported activity without permission,[],"{""detail"": ""Activity com.facebook.adinterfaces.AdInterfacesObjectiveActivity is exported but does not declare android:permission.""}",Restrict the component with signature-level permissions or mark it non-exported unless explicitly required.,BASE-IPC-COMP-NO-ACL,8.0,PLATFORM,ipc_components,,,a959dc3db2ffd9e714d86fb599d46b49b803614e8f964e4e03bff27ce029307e,2026-07-04 02:08:24,PLATFORM,PLATFORM-IPC-1
198904,5728,ipc_receiver_weak_permission_com.facebook.messaging.notify.client.MessagesNotificationBroadcastReceiver,WARN,Medium,P1,PLATFORM,Weak permission guard on exported receiver,[],"{""detail"": ""Receiver com.facebook.messaging.notify.client.MessagesNotificationBroadcastReceiver uses com.facebook.permission.prod.FB_APP_COMMUNICATION (protectionLevel=0x00000002), which is insufficient for exported components.""}",Protect the component with a signature-level permission or mark it non-exported.,,,PLATFORM,ipc_components,,,4eb56278214ea740d11856a54a16ae76e0b548f5953955748447ff93010cbd18,2026-07-04 02:08:24,PLATFORM,
198905,5728,ipc_receiver_open_com.facebook.common.init.OnAppUpdateReceiver,WARN,Medium,P1,PLATFORM,Exported receiver without permission,[],"{""detail"": ""Receiver com.facebook.common.init.OnAppUpdateReceiver is exported but does not declare android:permission.""}",Restrict the component with signature-level permissions or mark it non-exported unless explicitly required.,BASE-IPC-COMP-NO-ACL,8.0,PLATFORM,ipc_components,,,52bc5f392ed6ee590cdc8c6835ddde08fbc3516113ec065588f004371f13159f,2026-07-04 02:08:24,PLATFORM,PLATFORM-IPC-1
198906,5728,ipc_receiver_open_com.facebook.katana.urimap.warmstart.WarmStartBroadcastReceiver,WARN,Medium,P1,PLATFORM,Exported receiver without permission,[],"{""detail"": ""Receiver com.facebook.katana.urimap.warmstart.WarmStartBroadcastReceiver is exported but does not declare android:permission.""}",Restrict the component with signature-level permissions or mark it non-exported unless explicitly required.,BASE-IPC-COMP-NO-ACL,8.0,PLATFORM,ipc_components,,,af6a03c7ece4a8a91a9db573ac8f63c21c6db29637eae166ec2d321343eb6624,2026-07-04 02:08:24,PLATFORM,PLATFORM-IPC-1
198907,5728,ipc_receiver_open_com.facebook.katana.crossapp.warmup.ReelWarmupBroadcastReceiver,WARN,Medium,P1,PLATFORM,Exported receiver without permission,[],"{""detail"": ""Receiver com.facebook.katana.crossapp.warmup.ReelWarmupBroadcastReceiver is exported but does not declare android:permission.""}",Restrict the component with signature-level permissions or mark it non-exported unless explicitly required.,BASE-IPC-COMP-NO-ACL,8.0,PLATFORM,ipc_components,,,1f2656e1c2a42990b59cb671fe445defe6b33fd0a1b026ca7e6477e028f718e2,2026-07-04 02:08:24,PLATFORM,PLATFORM-IPC-1
198908,5728,ipc_receiver_open_com.facebook.watson.WatsonBroadcastReceiver,WARN,Medium,P1,PLATFORM,Exported receiver without permission,[],"{""detail"": ""Receiver com.facebook.watson.WatsonBroadcastReceiver is exported but does not declare android:permission.""}",Restrict the component with signature-level permissions or mark it non-exported unless explicitly required.,BASE-IPC-COMP-NO-ACL,8.0,PLATFORM,ipc_components,,,702303fbea47ee6024d483af3d94fd93253cd637d1a43aa9d8c63bc482005d7f,2026-07-04 02:08:24,PLATFORM,PLATFORM-IPC-1
198909,5728,ipc_receiver_open_com.facebook.ui.mainview.tabshortcut.TabShortcutCreator$ShortcutMadeIntentReceiver,WARN,Medium,P1,PLATFORM,Exported receiver without permission,[],"{""detail"": ""Receiver com.facebook.ui.mainview.tabshortcut.TabShortcutCreator$ShortcutMadeIntentReceiver is exported but does not declare android:permission.""}",Restrict the component with signature-level permissions or mark it non-exported unless explicitly required.,BASE-IPC-COMP-NO-ACL,8.0,PLATFORM,ipc_components,,,53932b12bf5d684206aa280cbbeca8217c1a015585e3154ef6bd54ecc5eb44e9,2026-07-04 02:08:24,PLATFORM,PLATFORM-IPC-1
198910,5728,ipc_receiver_open_com.facebook.games.entrypoint.shortcut.GamesShortcutHelper$GamingTabBookmarkShortcutCreatedIntentReceiver,WARN,Medium,P1,PLATFORM,Exported receiver without permission,[],"{""detail"": ""Receiver com.facebook.games.entrypoint.shortcut.GamesShortcutHelper$GamingTabBookmarkShortcutCreatedIntentReceiver is exported but does not declare android:permission.""}",Restrict the component with signature-level permissions or mark it non-exported unless explicitly required.,BASE-IPC-COMP-NO-ACL,8.0,PLATFORM,ipc_components,,,5b11564e60510c93141a5f8aeebb3ad49cd86de4cafeb559f3aba185e37ad653,2026-07-04 02:08:24,PLATFORM,PLATFORM-IPC-1
198911,5728,ipc_activity_open_com.facebook.messenger.intents.MediaEditShareIntentHandler,WARN,Medium,P1,PLATFORM,Exported activity without permission,[],"{""detail"": ""Activity com.facebook.messenger.intents.MediaEditShareIntentHandler is exported but does not declare android:permission.""}",Restrict the component with signature-level permissions or mark it non-exported unless explicitly required.,BASE-IPC-COMP-NO-ACL,8.0,PLATFORM,ipc_components,,,9c362e5c4e2e60fe81226ae9744895dcaeee7603e18e0536009218c9eb8f13d8,2026-07-04 02:08:24,PLATFORM,PLATFORM-IPC-1
198912,5728,ipc_activity-alias_open_com.facebook.composer.shareintent.ShareToGroupsSimpleLabelAlias,WARN,Medium,P1,PLATFORM,Exported activity alias without permission,[],"{""detail"": ""Activity Alias com.facebook.composer.shareintent.ShareToGroupsSimpleLabelAlias is exported but does not declare android:permission.""}",Restrict the component with signature-level permissions or mark it non-exported unless explicitly required.,BASE-IPC-COMP-NO-ACL,8.0,PLATFORM,ipc_components,,,6bab22d465c9bb7de284f582d3fbea341b85366020ef939ca2d235459f9fb47a,2026-07-04 02:08:24,PLATFORM,PLATFORM-IPC-1
198913,5728,ipc_activity-alias_open_com.facebook.composer.shareintent.ShareToGroupsAlias,WARN,Medium,P1,PLATFORM,Exported activity alias without permission,[],"{""detail"": ""Activity Alias com.facebook.composer.shareintent.ShareToGroupsAlias is exported but does not declare android:permission.""}",Restrict the component with signature-level permissions or mark it non-exported unless explicitly required.,BASE-IPC-COMP-NO-ACL,8.0,PLATFORM,ipc_components,,,eccc028b9614ad07417c0aadb62755adc0b70ae736a9e3ca8c7fa33c924c43d6,2026-07-04 02:08:24,PLATFORM,PLATFORM-IPC-1
198914,5728,ipc_activity-alias_open_com.facebook.composer.shareintent.ShareToReelAlias,WARN,Medium,P1,PLATFORM,Exported activity alias without permission,[],"{""detail"": ""Activity Alias com.facebook.composer.shareintent.ShareToReelAlias is exported but does not declare android:permission.""}",Restrict the component with signature-level permissions or mark it non-exported unless explicitly required.,BASE-IPC-COMP-NO-ACL,8.0,PLATFORM,ipc_components,,,17f28168a95b23a9c013bf3ddaec6246d69f88f6f6208f87973bcf5377b1a683,2026-07-04 02:08:24,PLATFORM,PLATFORM-IPC-1
198915,5728,ipc_activity-alias_open_com.facebook.composer.shareintent.AddToStoryAlias,WARN,Medium,P1,PLATFORM,Exported activity alias without permission,[],"{""detail"": ""Activity Alias com.facebook.composer.shareintent.AddToStoryAlias is exported but does not declare android:permission.""}",Restrict the component with signature-level permissions or mark it non-exported unless explicitly required.,BASE-IPC-COMP-NO-ACL,8.0,PLATFORM,ipc_components,,,4a93f931d1041cd6dc54f5b015a445e9ae64feebb025eb0c1cffd2b55039697d,2026-07-04 02:08:24,PLATFORM,PLATFORM-IPC-1
198916,5728,ipc_activity-alias_open_com.facebook.composer.shareintent.ImplicitShareIntentHandlerDefaultAlias,WARN,Medium,P1,PLATFORM,Exported activity alias without permission,[],"{""detail"": ""Activity Alias com.facebook.composer.shareintent.ImplicitShareIntentHandlerDefaultAlias is exported but does not declare android:permission.""}",Restrict the component with signature-level permissions or mark it non-exported unless explicitly required.,BASE-IPC-COMP-NO-ACL,8.0,PLATFORM,ipc_components,,,ff856d8ef326c9fcb40755f5d98f00bf97e3f08a42ca4a39a31e8a17128c6ee8,2026-07-04 02:08:24,PLATFORM,PLATFORM-IPC-1
198917,5728,ipc_activity_open_com.facebook.inspiration.fbshorts.shareintent.InspirationFbShortsExternalShareActivity,WARN,Medium,P1,PLATFORM,Exported activity without permission,[],"{""detail"": ""Activity com.facebook.inspiration.fbshorts.shareintent.InspirationFbShortsExternalShareActivity is exported but does not declare android:permission.""}",Restrict the component with signature-level permissions or mark it non-exported unless explicitly required.,BASE-IPC-COMP-NO-ACL,8.0,PLATFORM,ipc_components,,,396f7f40caf7d8d12077155d0452142da203603a67bc80b80c5b707b13afae70,2026-07-04 02:08:24,PLATFORM,PLATFORM-IPC-1
198918,5728,ipc_activity-alias_open_com.facebook.inspiration.fbshorts.shareintent.InpirationFbShortsShareMultipleAlias,WARN,Medium,P1,PLATFORM,Exported activity alias without permission,[],"{""detail"": ""Activity Alias com.facebook.inspiration.fbshorts.shareintent.InpirationFbShortsShareMultipleAlias is exported but does not declare android:permission.""}",Restrict the component with signature-level permissions or mark it non-exported unless explicitly required.,BASE-IPC-COMP-NO-ACL,8.0,PLATFORM,ipc_components,,,9dca11ebe0378c9e8528f99eded66e2aae16a7ff13be3fe9dcf937d1127d1cc9,2026-07-04 02:08:24,PLATFORM,PLATFORM-IPC-1
198919,5728,ipc_activity-alias_open_com.facebook.inspiration.fbshorts.shareintent.InpirationFbShortsSharePhotoAlias,WARN,Medium,P1,PLATFORM,Exported activity alias without permission,[],"{""detail"": ""Activity Alias com.facebook.inspiration.fbshorts.shareintent.InpirationFbShortsSharePhotoAlias is exported but does not declare android:permission.""}",Restrict the component with signature-level permissions or mark it non-exported unless explicitly required.,BASE-IPC-COMP-NO-ACL,8.0,PLATFORM,ipc_components,,,f863f2844380ef32731519ea5362e69a9fac9726778524625069e403457a5272,2026-07-04 02:08:24,PLATFORM,PLATFORM-IPC-1
198920,5728,ipc_activity-alias_open_com.facebook.inspiration.fbshorts.shareintent.InpirationFbShortsShareAlias,WARN,Medium,P1,PLATFORM,Exported activity alias without permission,[],"{""detail"": ""Activity Alias com.facebook.inspiration.fbshorts.shareintent.InpirationFbShortsShareAlias is exported but does not declare android:permission.""}",Restrict the component with signature-level permissions or mark it non-exported unless explicitly required.,BASE-IPC-COMP-NO-ACL,8.0,PLATFORM,ipc_components,,,186f340583f0410385261f98715013343a8479416561feb9c387336f894730f1,2026-07-04 02:08:24,PLATFORM,PLATFORM-IPC-1
198921,5728,ipc_activity-alias_open_com.facebook.inspiration.platformsharing.activity.InspirationCameraShareToStoryTextSimpleLabelAlias,WARN,Medium,P1,PLATFORM,Exported activity alias without permission,[],"{""detail"": ""Activity Alias com.facebook.inspiration.platformsharing.activity.InspirationCameraShareToStoryTextSimpleLabelAlias is exported but does not declare android:permission.""}",Restrict the component with signature-level permissions or mark it non-exported unless explicitly required.,BASE-IPC-COMP-NO-ACL,8.0,PLATFORM,ipc_components,,,414b5475fd8af728952477509d3276ceadfdd9764221a3a3267632660db69c6a,2026-07-04 02:08:24,PLATFORM,PLATFORM-IPC-1
198922,5728,ipc_activity-alias_open_com.facebook.inspiration.platformsharing.activity.InspirationCameraShareToStoryTextAlias,WARN,Medium,P1,PLATFORM,Exported activity alias without permission,[],"{""detail"": ""Activity Alias com.facebook.inspiration.platformsharing.activity.InspirationCameraShareToStoryTextAlias is exported but does not declare android:permission.""}",Restrict the component with signature-level permissions or mark it non-exported unless explicitly required.,BASE-IPC-COMP-NO-ACL,8.0,PLATFORM,ipc_components,,,616845bbb0b8d5b35aaa6b8249daf7835c9754a0bb2c5fca04774a83a7d675e3,2026-07-04 02:08:24,PLATFORM,PLATFORM-IPC-1
198923,5728,ipc_activity-alias_open_com.facebook.inspiration.platformsharing.activity.InspirationCameraShareMultipleCollageAlias,WARN,Medium,P1,PLATFORM,Exported activity alias without permission,[],"{""detail"": ""Activity Alias com.facebook.inspiration.platformsharing.activity.InspirationCameraShareMultipleCollageAlias is exported but does not declare android:permission.""}",Restrict the component with signature-level permissions or mark it non-exported unless explicitly required.,BASE-IPC-COMP-NO-ACL,8.0,PLATFORM,ipc_components,,,16d93b5d997a55ab6ff7cfb9cf3d778094972430605ecffd3afb85538d2fa556,2026-07-04 02:08:24,PLATFORM,PLATFORM-IPC-1
198924,5728,ipc_activity-alias_open_com.facebook.inspiration.platformsharing.activity.InpirationCameraShareMultipleAlias,WARN,Medium,P1,PLATFORM,Exported activity alias without permission,[],"{""detail"": ""Activity Alias com.facebook.inspiration.platformsharing.activity.InpirationCameraShareMultipleAlias is exported but does not declare android:permission.""}",Restrict the component with signature-level permissions or mark it non-exported unless explicitly required.,BASE-IPC-COMP-NO-ACL,8.0,PLATFORM,ipc_components,,,80beed7c69a1feb9597586e1becf6a159ad2ebceabae3e7be018c107a8c55276,2026-07-04 02:08:24,PLATFORM,PLATFORM-IPC-1
198925,5728,ipc_activity-alias_open_com.facebook.inspiration.platformsharing.activity.InpirationCameraShareDefaultAlias,WARN,Medium,P1,PLATFORM,Exported activity alias without permission,[],"{""detail"": ""Activity Alias com.facebook.inspiration.platformsharing.activity.InpirationCameraShareDefaultAlias is exported but does not declare android:permission.""}",Restrict the component with signature-level permissions or mark it non-exported unless explicitly required.,BASE-IPC-COMP-NO-ACL,8.0,PLATFORM,ipc_components,,,eb5e1febc65e7d48e2f866b8915f6c0eb536cf5ec525ed71ce19b293be28b52c,2026-07-04 02:08:24,PLATFORM,PLATFORM-IPC-1
198926,5728,ipc_activity_open_com.facebook.inspiration.platformsharing.activity.InspirationEditsExternalShareActivity,WARN,Medium,P1,PLATFORM,Exported activity without permission,[],"{""detail"": ""Activity com.facebook.inspiration.platformsharing.activity.InspirationEditsExternalShareActivity is exported but does not declare android:permission.""}",Restrict the component with signature-level permissions or mark it non-exported unless explicitly required.,BASE-IPC-COMP-NO-ACL,8.0,PLATFORM,ipc_components,,,0facb2eb75b8e7379abaaf789376aea8033e7b8a25a811b597bb47650df5a6e6,2026-07-04 02:08:24,PLATFORM,PLATFORM-IPC-1
198927,5728,ipc_activity_open_com.facebook.inspiration.platformsharing.activity.InspirationMessengerExternalShareActivity,WARN,Medium,P1,PLATFORM,Exported activity without permission,[],"{""detail"": ""Activity com.facebook.inspiration.platformsharing.activity.InspirationMessengerExternalShareActivity is exported but does not declare android:permission.""}",Restrict the component with signature-level permissions or mark it non-exported unless explicitly required.,BASE-IPC-COMP-NO-ACL,8.0,PLATFORM,ipc_components,,,898c766f16a7340fdf6147d8341670d2eb6be48382f73d87349266851c39de08,2026-07-04 02:08:24,PLATFORM,PLATFORM-IPC-1
198928,5728,ipc_service_open_com.facebook.smartglasses.ipc.service.SmartGlassesTunnelService,WARN,Medium,P1,PLATFORM,Exported service without permission,[],"{""detail"": ""Service com.facebook.smartglasses.ipc.service.SmartGlassesTunnelService is exported but does not declare android:permission.""}",Restrict the component with signature-level permissions or mark it non-exported unless explicitly required.,BASE-IPC-COMP-NO-ACL,8.0,PLATFORM,ipc_components,,,a682e907fbce11c47c7a9dc33c59ffc8356a27394cf2585f34af82dd46171f76,2026-07-04 02:08:24,PLATFORM,PLATFORM-IPC-1
198929,5728,ipc_provider_world_com.facebook.messaging.sharekey.contentprovider.SecureMessagingKeyContentProvider,FAIL,High,P0,PLATFORM,Exported provider without permission — com.facebook.messaging.sharekey.contentprovider.SecureMessagingKeyContentProvider,[],"{""detail"": ""Content provider is exported without read/write permissions, allowing external processes to query data.""}",Declare readPermission and writePermission or mark the provider as private (exported=false).,,,PLATFORM,ipc_components,,,9bb8ae3667321fbe39616893b95b97154d6d6f2cdd2b48d542d1149201abc5a7,2026-07-04 02:08:24,PLATFORM,
198930,5728,ipc_activity_open_libraries.bkmmasdk.launcher.MetaManagedAccountLoginActivity,WARN,Medium,P1,PLATFORM,Exported activity without permission,[],"{""detail"": ""Activity libraries.bkmmasdk.launcher.MetaManagedAccountLoginActivity is exported but does not declare android:permission.""}",Restrict the component with signature-level permissions or mark it non-exported unless explicitly required.,BASE-IPC-COMP-NO-ACL,8.0,PLATFORM,ipc_components,,,3c016d7c12dbcbe0fb5dad8ce1ef2410e818c9f568000b7b7e0765b9fbd47653,2026-07-04 02:08:24,PLATFORM,PLATFORM-IPC-1
198931,5728,ipc_receiver_open_com.facebook.caa.shared.identityhash.IdentityHashReceiver,WARN,Medium,P1,PLATFORM,Exported receiver without permission,[],"{""detail"": ""Receiver com.facebook.caa.shared.identityhash.IdentityHashReceiver is exported but does not declare android:permission.""}",Restrict the component with signature-level permissions or mark it non-exported unless explicitly required.,BASE-IPC-COMP-NO-ACL,8.0,PLATFORM,ipc_components,,,555fd97118c95a35e595f94634337ac51eedae4b5e78ec4c0b154d79895cd282,2026-07-04 02:08:24,PLATFORM,PLATFORM-IPC-1
198932,5728,ipc_activity_open_com.facebook.silentapp.SilentAppActivity,WARN,Medium,P1,PLATFORM,Exported activity without permission,[],"{""detail"": ""Activity com.facebook.silentapp.SilentAppActivity is exported but does not declare android:permission.""}",Restrict the component with signature-level permissions or mark it non-exported unless explicitly required.,BASE-IPC-COMP-NO-ACL,8.0,PLATFORM,ipc_components,,,d34c1538281f74ddddbfebd1b4444295e09cf205b335e7a71b6b9aee6fa87216,2026-07-04 02:08:24,PLATFORM,PLATFORM-IPC-1
198933,5728,ipc_activity-alias_open_com.facebook.deeplinking.aliasactivity.CatchAllUriAliasActivity,WARN,Medium,P1,PLATFORM,Exported activity alias without permission,[],"{""detail"": ""Activity Alias com.facebook.deeplinking.aliasactivity.CatchAllUriAliasActivity is exported but does not declare android:permission.""}",Restrict the component with signature-level permissions or mark it non-exported unless explicitly required.,BASE-IPC-COMP-NO-ACL,8.0,PLATFORM,ipc_components,,,3f72486fe9af8d6ca4d7754ce1037e3e443ff82a15f411cacaae9a9694f052e5,2026-07-04 02:08:24,PLATFORM,PLATFORM-IPC-1
198934,5728,ipc_activity_open_com.facebook.katana.IntentUriHandler,WARN,Medium,P1,PLATFORM,Exported activity without permission,[],"{""detail"": ""Activity com.facebook.katana.IntentUriHandler is exported but does not declare android:permission.""}",Restrict the component with signature-level permissions or mark it non-exported unless explicitly required.,BASE-IPC-COMP-NO-ACL,8.0,PLATFORM,ipc_components,,,cbc1f4feddf58c062c19f604f5b236f96f4d2bb7b187a61f5d2c7254441ab26d,2026-07-04 02:08:24,PLATFORM,PLATFORM-IPC-1
198935,5728,ipc_activity-alias_open_com.meta.foa.deeplink.FoaDeeplinkActivityAliasUniversalLink,WARN,Medium,P1,PLATFORM,Exported activity alias without permission,[],"{""detail"": ""Activity Alias com.meta.foa.deeplink.FoaDeeplinkActivityAliasUniversalLink is exported but does not declare android:permission.""}",Restrict the component with signature-level permissions or mark it non-exported unless explicitly required.,BASE-IPC-COMP-NO-ACL,8.0,PLATFORM,ipc_components,,,b8a90b8cc85dc55f8d57fe3d5bed3cb1b31a4fb35f4fff31d7fed5272a4e4c84,2026-07-04 02:08:24,PLATFORM,PLATFORM-IPC-1
198936,5728,ipc_activity-alias_open_com.meta.foa.deeplink.FoaDeeplinkActivityAliasAppScheme,WARN,Medium,P1,PLATFORM,Exported activity alias without permission,[],"{""detail"": ""Activity Alias com.meta.foa.deeplink.FoaDeeplinkActivityAliasAppScheme is exported but does not declare android:permission.""}",Restrict the component with signature-level permissions or mark it non-exported unless explicitly required.,BASE-IPC-COMP-NO-ACL,8.0,PLATFORM,ipc_components,,,17dcdc967045382ec1f7ca25712e0702d91f7bc82728bbd9c4e448559d33172a,2026-07-04 02:08:24,PLATFORM,PLATFORM-IPC-1
198937,5728,ipc_activity-alias_open_com.facebook.deeplinking.aliasactivity.OpcAcceleratorOnboardingAliasActivity,WARN,Medium,P1,PLATFORM,Exported activity alias without permission,[],"{""detail"": ""Activity Alias com.facebook.deeplinking.aliasactivity.OpcAcceleratorOnboardingAliasActivity is exported but does not declare android:permission.""}",Restrict the component with signature-level permissions or mark it non-exported unless explicitly required.,BASE-IPC-COMP-NO-ACL,8.0,PLATFORM,ipc_components,,,5920490a499aa44e3498213b50b99b0a382ca207c6db0a05087760748bebaee7,2026-07-04 02:08:24,PLATFORM,PLATFORM-IPC-1
198938,5728,ipc_activity-alias_open_com.facebook.deeplinking.aliasactivity.FacebookLoggedInUsersDeeplinkAliasActivity,WARN,Medium,P1,PLATFORM,Exported activity alias without permission,[],"{""detail"": ""Activity Alias com.facebook.deeplinking.aliasactivity.FacebookLoggedInUsersDeeplinkAliasActivity is exported but does not declare android:permission.""}",Restrict the component with signature-level permissions or mark it non-exported unless explicitly required.,BASE-IPC-COMP-NO-ACL,8.0,PLATFORM,ipc_components,,,beb35181d32cda78329834e6795225c8de9c1cbcdd13a3a57ac141a87fe317c4,2026-07-04 02:08:24,PLATFORM,PLATFORM-IPC-1
198939,5728,ipc_activity-alias_open_com.facebook.deeplinking.aliasactivity.SmsNotificationShortUrlAliasActivity,WARN,Medium,P1,PLATFORM,Exported activity alias without permission,[],"{""detail"": ""Activity Alias com.facebook.deeplinking.aliasactivity.SmsNotificationShortUrlAliasActivity is exported but does not declare android:permission.""}",Restrict the component with signature-level permissions or mark it non-exported unless explicitly required.,BASE-IPC-COMP-NO-ACL,8.0,PLATFORM,ipc_components,,,f4508af747033736f64078f634554133868d0a75451244929f3e989895767d98,2026-07-04 02:08:24,PLATFORM,PLATFORM-IPC-1
198940,5728,ipc_service_open_com.meta.wearable.acdc.sdk.service.ACDCRegistrationService,WARN,Medium,P1,PLATFORM,Exported service without permission,[],"{""detail"": ""Service com.meta.wearable.acdc.sdk.service.ACDCRegistrationService is exported but does not declare android:permission.""}",Restrict the component with signature-level permissions or mark it non-exported unless explicitly required.,BASE-IPC-COMP-NO-ACL,8.0,PLATFORM,ipc_components,,,f9b3ffdc8438ed12a76f07db7d6e5641c64242909755836205b2eca0c98442b4,2026-07-04 02:08:24,PLATFORM,PLATFORM-IPC-1
198941,5728,ipc_activity_open_com.facebook.games.gamingservices.deeplink.GamingServicesDeeplinkActivity,WARN,Medium,P1,PLATFORM,Exported activity without permission,[],"{""detail"": ""Activity com.facebook.games.gamingservices.deeplink.GamingServicesDeeplinkActivity is exported but does not declare android:permission.""}",Restrict the component with signature-level permissions or mark it non-exported unless explicitly required.,BASE-IPC-COMP-NO-ACL,8.0,PLATFORM,ipc_components,,,9a3af995d320d80212c276a66a5d9669c08b47c4f2ff205fc7f857ac203c50c0,2026-07-04 02:08:24,PLATFORM,PLATFORM-IPC-1
198942,5728,ipc_activity_open_com.facebook.fbpay.w3c.views.PaymentActivity,WARN,Medium,P1,PLATFORM,Exported activity without permission,[],"{""detail"": ""Activity com.facebook.fbpay.w3c.views.PaymentActivity is exported but does not declare android:permission.""}",Restrict the component with signature-level permissions or mark it non-exported unless explicitly required.,BASE-IPC-COMP-NO-ACL,8.0,PLATFORM,ipc_components,,,41f4acfe788506ae401c2aae6b0e4fead9d52d103fb6d4d54e8e10c48c2f2d2d,2026-07-04 02:08:24,PLATFORM,PLATFORM-IPC-1
198943,5728,ipc_activity_open_com.facebook.whatsapp.iab.WaIabCallbackDeeplinkActivity,WARN,Medium,P1,PLATFORM,Exported activity without permission,[],"{""detail"": ""Activity com.facebook.whatsapp.iab.WaIabCallbackDeeplinkActivity is exported but does not declare android:permission.""}",Restrict the component with signature-level permissions or mark it non-exported unless explicitly required.,BASE-IPC-COMP-NO-ACL,8.0,PLATFORM,ipc_components,,,c52cb5979c772e616fe232689c76718b1ccf9e8b52dff824610a190d81491e86,2026-07-04 02:08:24,PLATFORM,PLATFORM-IPC-1
198944,5728,ipc_service_open_com.meta.mfa.service.MfaCrossAppServiceImpl,WARN,Medium,P1,PLATFORM,Exported service without permission,[],"{""detail"": ""Service com.meta.mfa.service.MfaCrossAppServiceImpl is exported but does not declare android:permission.""}",Restrict the component with signature-level permissions or mark it non-exported unless explicitly required.,BASE-IPC-COMP-NO-ACL,8.0,PLATFORM,ipc_components,,,291554cda38980ffd0e25817fbd2e75d77ebc6e62a20bc7fc40ac6d982679300,2026-07-04 02:08:24,PLATFORM,PLATFORM-IPC-1
198945,5728,ipc_service_open_com.facebook.ppml.receiver.ReceiverService,WARN,Medium,P1,PLATFORM,Exported service without permission,[],"{""detail"": ""Service com.facebook.ppml.receiver.ReceiverService is exported but does not declare android:permission.""}",Restrict the component with signature-level permissions or mark it non-exported unless explicitly required.,BASE-IPC-COMP-NO-ACL,8.0,PLATFORM,ipc_components,,,264fa1a9b58301c24a82f4a9c89afb7ac617e111635a7d5e6232a63086385ef0,2026-07-04 02:08:24,PLATFORM,PLATFORM-IPC-1
198946,5728,ipc_service_open_com.meta.trusteddevice.service.TrustedDeviceFoundationServiceImpl,WARN,Medium,P1,PLATFORM,Exported service without permission,[],"{""detail"": ""Service com.meta.trusteddevice.service.TrustedDeviceFoundationServiceImpl is exported but does not declare android:permission.""}",Restrict the component with signature-level permissions or mark it non-exported unless explicitly required.,BASE-IPC-COMP-NO-ACL,8.0,PLATFORM,ipc_components,,,bd903a1616a56760b223f0a15c5fcedceafe0508e0ef43ceb744525fc046db34,2026-07-04 02:08:24,PLATFORM,PLATFORM-IPC-1
198947,5728,ipc_activity_open_com.facebook.zero.internal.FOSActionsActivity,WARN,Medium,P1,PLATFORM,Exported activity without permission,[],"{""detail"": ""Activity com.facebook.zero.internal.FOSActionsActivity is exported but does not declare android:permission.""}",Restrict the component with signature-level permissions or mark it non-exported unless explicitly required.,BASE-IPC-COMP-NO-ACL,8.0,PLATFORM,ipc_components,,,e8fed78e3822bef281135d01c1b35c07d9d952e2f131f7e8bb6770f3d569d45c,2026-07-04 02:08:24,PLATFORM,PLATFORM-IPC-1
198948,5728,ipc_receiver_open_com.facebook.appcomponentmanager.testreceivers.AppComponentManagerTestingReceiver,WARN,Medium,P1,PLATFORM,Exported receiver without permission,[],"{""detail"": ""Receiver com.facebook.appcomponentmanager.testreceivers.AppComponentManagerTestingReceiver is exported but does not declare android:permission.""}",Restrict the component with signature-level permissions or mark it non-exported unless explicitly required.,BASE-IPC-COMP-NO-ACL,8.0,PLATFORM,ipc_components,,,5206cb400a1b5e00c0518615bba4e8c28194551c4fd51dd816f179cb79a5c3e0,2026-07-04 02:08:24,PLATFORM,PLATFORM-IPC-1
198949,5728,ipc_receiver_open_com.facebook.appcomponentmanager.testreceivers.FirstEnableStageTestReceiver,WARN,Medium,P1,PLATFORM,Exported receiver without permission,[],"{""detail"": ""Receiver com.facebook.appcomponentmanager.testreceivers.FirstEnableStageTestReceiver is exported but does not declare android:permission.""}",Restrict the component with signature-level permissions or mark it non-exported unless explicitly required.,BASE-IPC-COMP-NO-ACL,8.0,PLATFORM,ipc_components,,,63e702f82842d9db06934fdcf8828ae448590716723a7990ed44d80bfa03e812,2026-07-04 02:08:24,PLATFORM,PLATFORM-IPC-1
198950,5728,ipc_receiver_open_com.facebook.appcomponentmanager.testreceivers.SecondEnableStageTestReceiver,WARN,Medium,P1,PLATFORM,Exported receiver without permission,[],"{""detail"": ""Receiver com.facebook.appcomponentmanager.testreceivers.SecondEnableStageTestReceiver is exported but does not declare android:permission.""}",Restrict the component with signature-level permissions or mark it non-exported unless explicitly required.,BASE-IPC-COMP-NO-ACL,8.0,PLATFORM,ipc_components,,,fafd77c6253fbcce38fd7f3cda8c716af7a7950cea420ff30cbbfd6f5a333a8a,2026-07-04 02:08:24,PLATFORM,PLATFORM-IPC-1
198951,5728,ipc_activity_weak_permission_com.facebook.inspiration.composer.activity.messaging.InspirationComposerXmaShareUriLauncherActivity,WARN,Medium,P1,PLATFORM,Weak permission guard on exported activity,[],"{""detail"": ""Activity com.facebook.inspiration.composer.activity.messaging.InspirationComposerXmaShareUriLauncherActivity uses com.facebook.permission.prod.FB_APP_COMMUNICATION (protectionLevel=0x00000002), which is insufficient for exported components.""}",Protect the component with a signature-level permission or mark it non-exported.,,,PLATFORM,ipc_components,,,30a7666f6d6bab40855007103e06585131f526a255e1e28bcc49f318ae03aa3d,2026-07-04 02:08:24,PLATFORM,
198952,5728,ipc_receiver_open_com.facebook.battery.monitor.ContinuousBatteryMonitorService$BroadcastReceiver,WARN,Medium,P1,PLATFORM,Exported receiver without permission,[],"{""detail"": ""Receiver com.facebook.battery.monitor.ContinuousBatteryMonitorService$BroadcastReceiver is exported but does not declare android:permission.""}",Restrict the component with signature-level permissions or mark it non-exported unless explicitly required.,BASE-IPC-COMP-NO-ACL,8.0,PLATFORM,ipc_components,,,49683b11ef4c83754e00f84d697d83843ef4f3cab3141e0e304bc6cdb648c423,2026-07-04 02:08:24,PLATFORM,PLATFORM-IPC-1
198953,5728,ipc_receiver_open_com.facebook.credentials.AuthTokenDebugLogger,WARN,Medium,P1,PLATFORM,Exported receiver without permission,[],"{""detail"": ""Receiver com.facebook.credentials.AuthTokenDebugLogger is exported but does not declare android:permission.""}",Restrict the component with signature-level permissions or mark it non-exported unless explicitly required.,BASE-IPC-COMP-NO-ACL,8.0,PLATFORM,ipc_components,,,a9a0bd12cbdc42c942a3e1fc039e4e8271d5cf9ee0dae9a63293df88f1b75332,2026-07-04 02:08:24,PLATFORM,PLATFORM-IPC-1
198954,5728,ipc_activity_open_com.facebook.googleplaystore.GooglePlaystoreOverlayExternalActivity,WARN,Medium,P1,PLATFORM,Exported activity without permission,[],"{""detail"": ""Activity com.facebook.googleplaystore.GooglePlaystoreOverlayExternalActivity is exported but does not declare android:permission.""}",Restrict the component with signature-level permissions or mark it non-exported unless explicitly required.,BASE-IPC-COMP-NO-ACL,8.0,PLATFORM,ipc_components,,,7b89cf310e19e3a2c8b66630d4229190adef69d30a35b2c276d7ad9d6ca4fd2f,2026-07-04 02:08:24,PLATFORM,PLATFORM-IPC-1
198955,5728,ipc_receiver_open_com.facebook.googleplay.GooglePlayInstallReferrerReceiver,WARN,Medium,P1,PLATFORM,Exported receiver without permission,[],"{""detail"": ""Receiver com.facebook.googleplay.GooglePlayInstallReferrerReceiver is exported but does not declare android:permission.""}",Restrict the component with signature-level permissions or mark it non-exported unless explicitly required.,BASE-IPC-COMP-NO-ACL,8.0,PLATFORM,ipc_components,,,b524608a5bb4646994ae417850797585c86ba59a5c1d73c17057ddf08c8461fb,2026-07-04 02:08:24,PLATFORM,PLATFORM-IPC-1
198956,5728,ipc_service_open_com.facebook.ads.internal.ipc.AudienceNetworkRemoteService,WARN,Medium,P1,PLATFORM,Exported service without permission,[],"{""detail"": ""Service com.facebook.ads.internal.ipc.AudienceNetworkRemoteService is exported but does not declare android:permission.""}",Restrict the component with signature-level permissions or mark it non-exported unless explicitly required.,BASE-IPC-COMP-NO-ACL,8.0,PLATFORM,ipc_components,,,7906e05fcc2970dd59dec9ffced50f9b76ad8a15061bd8021207b49327d147ec,2026-07-04 02:08:24,PLATFORM,PLATFORM-IPC-1
198957,5728,ipc_activity_open_com.facebook.ads.internal.ipc.AudienceNetworkExportedActivity,WARN,Medium,P1,PLATFORM,Exported activity without permission,[],"{""detail"": ""Activity com.facebook.ads.internal.ipc.AudienceNetworkExportedActivity is exported but does not declare android:permission.""}",Restrict the component with signature-level permissions or mark it non-exported unless explicitly required.,BASE-IPC-COMP-NO-ACL,8.0,PLATFORM,ipc_components,,,bb2962fab4fde10092790a6bd6936377009a075e3d1ec605d398fb4af6ab1966,2026-07-04 02:08:24,PLATFORM,PLATFORM-IPC-1
198958,5728,ipc_service_open_com.facebook.fbpay.w3c.ipc.IsReadyToPayServiceImpl,WARN,Medium,P1,PLATFORM,Exported service without permission,[],"{""detail"": ""Service com.facebook.fbpay.w3c.ipc.IsReadyToPayServiceImpl is exported but does not declare android:permission.""}",Restrict the component with signature-level permissions or mark it non-exported unless explicitly required.,BASE-IPC-COMP-NO-ACL,8.0,PLATFORM,ipc_components,,,b2d70c6b850ef3aa201cd4ef1512ab838382ad58664f5763b812a9eea93a5021,2026-07-04 02:08:24,PLATFORM,PLATFORM-IPC-1
198959,5728,ipc_service_open_com.fbpay.w3c.ipc.AutofillKeyFetchServiceImpl,WARN,Medium,P1,PLATFORM,Exported service without permission,[],"{""detail"": ""Service com.fbpay.w3c.ipc.AutofillKeyFetchServiceImpl is exported but does not declare android:permission.""}",Restrict the component with signature-level permissions or mark it non-exported unless explicitly required.,BASE-IPC-COMP-NO-ACL,8.0,PLATFORM,ipc_components,,,6375d3067a9fa05b30eabb71a991c81ea4cfdec09bc45450fa4f5c9e2a0c004d,2026-07-04 02:08:24,PLATFORM,PLATFORM-IPC-1
198960,5728,ipc_provider_world_com.facebook.katana.liteprovider.usdid.UsdidValuesProvider,FAIL,High,P0,PLATFORM,Exported provider without permission — com.facebook.katana.liteprovider.usdid.UsdidValuesProvider,[],"{""detail"": ""Content provider is exported without read/write permissions, allowing external processes to query data.""}",Declare readPermission and writePermission or mark the provider as private (exported=false).,,,PLATFORM,ipc_components,,,9bb8ae3667321fbe39616893b95b97154d6d6f2cdd2b48d542d1149201abc5a7,2026-07-04 02:08:24,PLATFORM,
198961,5728,ipc_provider_world_com.facebook.katana.liteprovider.FirstPartyUserValuesLiteProvider,FAIL,High,P0,PLATFORM,Exported provider without permission — com.facebook.katana.liteprovider.FirstPartyUserValuesLiteProvider,[],"{""detail"": ""Content provider is exported without read/write permissions, allowing external processes to query data.""}",Declare readPermission and writePermission or mark the provider as private (exported=false).,,,PLATFORM,ipc_components,,,9bb8ae3667321fbe39616893b95b97154d6d6f2cdd2b48d542d1149201abc5a7,2026-07-04 02:08:24,PLATFORM,
198962,5728,ipc_provider_permission_weak_com.facebook.katana.provider.UserValuesProvider,FAIL,High,P0,PLATFORM,Weak guard on exported provider — com.facebook.katana.provider.UserValuesProvider,[],"{""detail"": ""Provider com.facebook.katana.provider.UserValuesProvider is exported but guarded by com.facebook.katana.provider.ACCESS with protectionLevel=0x00000002, allowing broad callers.""}",Switch the provider permission to signature or signatureOrSystem or make the component private.,,,PLATFORM,ipc_components,,,ee18e457189f08e8de8125251e46f1f8c8a96d0c44d40a9981daa4b5065d5ee3,2026-07-04 02:08:24,PLATFORM,
198963,5728,ipc_provider_world_com.facebook.katana.provider.FirstPartyUserValuesProvider,FAIL,High,P0,PLATFORM,Exported provider without permission — com.facebook.katana.provider.FirstPartyUserValuesProvider,[],"{""detail"": ""Content provider is exported without read/write permissions, allowing external processes to query data.""}",Declare readPermission and writePermission or mark the provider as private (exported=false).,,,PLATFORM,ipc_components,,,9bb8ae3667321fbe39616893b95b97154d6d6f2cdd2b48d542d1149201abc5a7,2026-07-04 02:08:24,PLATFORM,
198964,5728,ipc_provider_world_com.facebook.katana.provider.InstallReferrerProvider,FAIL,High,P0,PLATFORM,Exported provider without permission — com.facebook.katana.provider.InstallReferrerProvider,[],"{""detail"": ""Content provider is exported without read/write permissions, allowing external processes to query data.""}",Declare readPermission and writePermission or mark the provider as private (exported=false).,,,PLATFORM,ipc_components,,,9bb8ae3667321fbe39616893b95b97154d6d6f2cdd2b48d542d1149201abc5a7,2026-07-04 02:08:24,PLATFORM,
198965,5728,ipc_provider_world_com.facebook.katana.provider.LastUsedTimestampProvider,FAIL,High,P0,PLATFORM,Exported provider without permission — com.facebook.katana.provider.LastUsedTimestampProvider,[],"{""detail"": ""Content provider is exported without read/write permissions, allowing external processes to query data.""}",Declare readPermission and writePermission or mark the provider as private (exported=false).,,,PLATFORM,ipc_components,,,9bb8ae3667321fbe39616893b95b97154d6d6f2cdd2b48d542d1149201abc5a7,2026-07-04 02:08:24,PLATFORM,
198966,5728,ipc_provider_permission_weak_com.facebook.katana.provider.CacheProvider,FAIL,High,P0,PLATFORM,Weak guard on exported provider — com.facebook.katana.provider.CacheProvider,[],"{""detail"": ""Provider com.facebook.katana.provider.CacheProvider is exported but guarded by com.facebook.katana.provider.ACCESS with protectionLevel=0x00000002, allowing broad callers.""}",Switch the provider permission to signature or signatureOrSystem or make the component private.,,,PLATFORM,ipc_components,,,431e21a29226a6f61f0c0f82ebbbd5fce2eba71effcd9337fc26fa1f3f834dbb,2026-07-04 02:08:24,PLATFORM,
198967,5728,ipc_service_weak_permission_com.facebook.push.fcm.GetFcmTokenRegistrarGCMService,WARN,Medium,P1,PLATFORM,Weak permission guard on exported service,[],"{""detail"": ""Service com.facebook.push.fcm.GetFcmTokenRegistrarGCMService uses com.google.android.gms.permission.BIND_NETWORK_TASK_SERVICE (protectionLevel=unspecified), which is insufficient for exported components.""}",Protect the component with a signature-level permission or mark it non-exported.,,,PLATFORM,ipc_components,,,52aba362a14bcf9536d5b7ed50aa89434e35fd2f3bc217178ccd8105e6168c7f,2026-07-04 02:08:24,PLATFORM,
198968,5728,ipc_provider_permission_weak_com.facebook.oxygen.preloads.integration.dogfooding.AppManagerSsoProvider,FAIL,High,P0,PLATFORM,Weak guard on exported provider — com.facebook.oxygen.preloads.integration.dogfooding.AppManagerSsoProvider,[],"{""detail"": ""Provider com.facebook.oxygen.preloads.integration.dogfooding.AppManagerSsoProvider is exported but guarded by com.facebook.appmanager.ACCESS with protectionLevel=unspecified, allowing broad callers.""}",Switch the provider permission to signature or signatureOrSystem or make the component private.,,,PLATFORM,ipc_components,,,d865696b837b8ae7e9dbd533e8c06140416031be4a0168359ff59c87af7b6e9a,2026-07-04 02:08:24,PLATFORM,
198969,5728,ipc_service_open_com.facebook.rti.push.service.FbnsService,WARN,Medium,P1,PLATFORM,Exported service without permission,[],"{""detail"": ""Service com.facebook.rti.push.service.FbnsService is exported but does not declare android:permission.""}",Restrict the component with signature-level permissions or mark it non-exported unless explicitly required.,BASE-IPC-COMP-NO-ACL,8.0,PLATFORM,ipc_components,,,43a04e6383c352dc5166a7e4c9b0205eaf158f60ef01a81da3e6ca16a65303b9,2026-07-04 02:08:24,PLATFORM,PLATFORM-IPC-1
198970,5728,ipc_receiver_open_com.facebook.rti.orca.FbnsLiteBroadcastReceiver,WARN,Medium,P1,PLATFORM,Exported receiver without permission,[],"{""detail"": ""Receiver com.facebook.rti.orca.FbnsLiteBroadcastReceiver is exported but does not declare android:permission.""}",Restrict the component with signature-level permissions or mark it non-exported unless explicitly required.,BASE-IPC-COMP-NO-ACL,8.0,PLATFORM,ipc_components,,,202da84393e2179b548c8369290ecae0489defcf5ba76108a084163e3be83319,2026-07-04 02:08:24,PLATFORM,PLATFORM-IPC-1
198971,5728,ipc_activity_open_com.facebook.katana.ProxyAuth,WARN,Medium,P1,PLATFORM,Exported activity without permission,[],"{""detail"": ""Activity com.facebook.katana.ProxyAuth is exported but does not declare android:permission.""}",Restrict the component with signature-level permissions or mark it non-exported unless explicitly required.,BASE-IPC-COMP-NO-ACL,8.0,PLATFORM,ipc_components,,,d0ad4c4d093bb043ade0050e4c1c3d73facd392a231ae03709d5417d9ac67fcd,2026-07-04 02:08:24,PLATFORM,PLATFORM-IPC-1
198972,5728,ipc_activity_open_com.facebook.katana.FBLoginSSOActivity,WARN,Medium,P1,PLATFORM,Exported activity without permission,[],"{""detail"": ""Activity com.facebook.katana.FBLoginSSOActivity is exported but does not declare android:permission.""}",Restrict the component with signature-level permissions or mark it non-exported unless explicitly required.,BASE-IPC-COMP-NO-ACL,8.0,PLATFORM,ipc_components,,,ed0e111862336c682efd240b4a54740e3321e4e1ea47ca7a33006b999206a988,2026-07-04 02:08:24,PLATFORM,PLATFORM-IPC-1
198973,5728,ipc_service_open_com.facebook.browser.helium.trampoline.fb4a.FB4ARendererHostService0,WARN,Medium,P1,PLATFORM,Exported service without permission,[],"{""detail"": ""Service com.facebook.browser.helium.trampoline.fb4a.FB4ARendererHostService0 is exported but does not declare android:permission.""}",Restrict the component with signature-level permissions or mark it non-exported unless explicitly required.,BASE-IPC-COMP-NO-ACL,8.0,PLATFORM,ipc_components,,,ae05f0650bb8f5855f4c26628913f11528395e2fbb2aaa581f2487d9694fa71a,2026-07-04 02:08:24,PLATFORM,PLATFORM-IPC-1
198974,5728,ipc_service_open_com.facebook.browser.helium.trampoline.fb4a.FB4ARendererHostService1,WARN,Medium,P1,PLATFORM,Exported service without permission,[],"{""detail"": ""Service com.facebook.browser.helium.trampoline.fb4a.FB4ARendererHostService1 is exported but does not declare android:permission.""}",Restrict the component with signature-level permissions or mark it non-exported unless explicitly required.,BASE-IPC-COMP-NO-ACL,8.0,PLATFORM,ipc_components,,,a34d7f19eba62bd6287d84c758abf60d56bc10079e1de448da8da123632cb77c,2026-07-04 02:08:24,PLATFORM,PLATFORM-IPC-1
198975,5728,ipc_service_permission_com.facebook.conditionalworker.LollipopConditionalWorkerService,INFO,Low,P2,PLATFORM,Exported service gated by android.permission.BIND_JOB_SERVICE,[],"{""detail"": ""Exported service relies on android.permission.BIND_JOB_SERVICE (protectionLevel=signature).""}",Document the permission contract and monitor for unexpected callers.,BASE-IPC-EXPORTED-WITH-PERM,2.5,PLATFORM,ipc_components,,,010feff1d370cdde2b30a44baa245760ecc86f7b41a538afeb48267dd5a387b4,2026-07-04 02:08:24,PLATFORM,PLATFORM-IPC-1
198976,5728,ipc_service_weak_permission_com.facebook.conditionalworker.GooglePlayConditionalWorkerService,WARN,Medium,P1,PLATFORM,Weak permission guard on exported service,[],"{""detail"": ""Service com.facebook.conditionalworker.GooglePlayConditionalWorkerService uses com.google.android.gms.permission.BIND_NETWORK_TASK_SERVICE (protectionLevel=unspecified), which is insufficient for exported components.""}",Protect the component with a signature-level permission or mark it non-exported.,,,PLATFORM,ipc_components,,,b994a97d29efabe47d8c16fbd016102f0a7c3effc388f09d6ece1ff1dd012896,2026-07-04 02:08:24,PLATFORM,
198977,5728,ipc_activity_open_com.facebook.zero.v2.simulation.ZeroV2SimulationActivity,WARN,Medium,P1,PLATFORM,Exported activity without permission,[],"{""detail"": ""Activity com.facebook.zero.v2.simulation.ZeroV2SimulationActivity is exported but does not declare android:permission.""}",Restrict the component with signature-level permissions or mark it non-exported unless explicitly required.,BASE-IPC-COMP-NO-ACL,8.0,PLATFORM,ipc_components,,,fef06d3be233e9a15045e21fda639d7e11a8f40d38f5f06893df02623fdeb02a,2026-07-04 02:08:24,PLATFORM,PLATFORM-IPC-1
198978,5728,ipc_receiver_open_com.facebook.secure.usdid.signing.CrossSigningBroadcastReceiver,WARN,Medium,P1,PLATFORM,Exported receiver without permission,[],"{""detail"": ""Receiver com.facebook.secure.usdid.signing.CrossSigningBroadcastReceiver is exported but does not declare android:permission.""}",Restrict the component with signature-level permissions or mark it non-exported unless explicitly required.,BASE-IPC-COMP-NO-ACL,8.0,PLATFORM,ipc_components,,,cf8d2a7a49cf88768451f93959b1458a911cab1e8920fa6174016cf11d7a2801,2026-07-04 02:08:24,PLATFORM,PLATFORM-IPC-1
198979,5728,ipc_service_open_com.facebook.secure.usdid.signing.CrossSigningService,WARN,Medium,P1,PLATFORM,Exported service without permission,[],"{""detail"": ""Service com.facebook.secure.usdid.signing.CrossSigningService is exported but does not declare android:permission.""}",Restrict the component with signature-level permissions or mark it non-exported unless explicitly required.,BASE-IPC-COMP-NO-ACL,8.0,PLATFORM,ipc_components,,,0b83ec98c3e59384941f7fffcb9c9bdcf46607e67bdee2b3558d02e4096a429c,2026-07-04 02:08:24,PLATFORM,PLATFORM-IPC-1
198980,5728,ipc_receiver_open_com.facebook.notifications.tray.util.NotificationsClientSignalFamilyStaticBroadcastReceiver,WARN,Medium,P1,PLATFORM,Exported receiver without permission,[],"{""detail"": ""Receiver com.facebook.notifications.tray.util.NotificationsClientSignalFamilyStaticBroadcastReceiver is exported but does not declare android:permission.""}",Restrict the component with signature-level permissions or mark it non-exported unless explicitly required.,BASE-IPC-COMP-NO-ACL,8.0,PLATFORM,ipc_components,,,11ff0f2104551527932344bb6068a8a7cfefb0929ca66aa9bc14a99e27a2d1a8,2026-07-04 02:08:24,PLATFORM,PLATFORM-IPC-1
198981,5728,ipc_receiver_open_com.facebook.notifications.tray.util.NotificationsM4aClientSignalStaticBroadcastReceiver,WARN,Medium,P1,PLATFORM,Exported receiver without permission,[],"{""detail"": ""Receiver com.facebook.notifications.tray.util.NotificationsM4aClientSignalStaticBroadcastReceiver is exported but does not declare android:permission.""}",Restrict the component with signature-level permissions or mark it non-exported unless explicitly required.,BASE-IPC-COMP-NO-ACL,8.0,PLATFORM,ipc_components,,,aca40f3c449225e444b1bcb179b41081067fddb38944186ab8419b2eb9c4f41b,2026-07-04 02:08:24,PLATFORM,PLATFORM-IPC-1
198982,5728,ipc_receiver_open_com.facebook.notifications.tray.util.NotificationsPreloadsFbnsClientSignalStaticBroadcastReceiver,WARN,Medium,P1,PLATFORM,Exported receiver without permission,[],"{""detail"": ""Receiver com.facebook.notifications.tray.util.NotificationsPreloadsFbnsClientSignalStaticBroadcastReceiver is exported but does not declare android:permission.""}",Restrict the component with signature-level permissions or mark it non-exported unless explicitly required.,BASE-IPC-COMP-NO-ACL,8.0,PLATFORM,ipc_components,,,bec6d894470bbe8582706f0e59674c2971105996d40af74430bbe7d804310743,2026-07-04 02:08:24,PLATFORM,PLATFORM-IPC-1
198983,5728,ipc_activity_open_com.facebook.smartglasses.intenthandler.MwaShareIntentHandler,WARN,Medium,P1,PLATFORM,Exported activity without permission,[],"{""detail"": ""Activity com.facebook.smartglasses.intenthandler.MwaShareIntentHandler is exported but does not declare android:permission.""}",Restrict the component with signature-level permissions or mark it non-exported unless explicitly required.,BASE-IPC-COMP-NO-ACL,8.0,PLATFORM,ipc_components,,,797c34fe5b04da8da6f157c1bea53bdb9e826d43add96181f0231a49b33c0868,2026-07-04 02:08:24,PLATFORM,PLATFORM-IPC-1
198984,5728,ipc_activity_open_com.facebook.smartglasses.intenthandler.OptInActivity,WARN,Medium,P1,PLATFORM,Exported activity without permission,[],"{""detail"": ""Activity com.facebook.smartglasses.intenthandler.OptInActivity is exported but does not declare android:permission.""}",Restrict the component with signature-level permissions or mark it non-exported unless explicitly required.,BASE-IPC-COMP-NO-ACL,8.0,PLATFORM,ipc_components,,,2ba8838eb17768a9dbeb449dc8ee44f21df174a64a2525e6a3343b2014637563,2026-07-04 02:08:24,PLATFORM,PLATFORM-IPC-1
198985,5728,ipc_activity_open_com.facebook.timeline.stagingground.ProfilePictureShareActivity,WARN,Medium,P1,PLATFORM,Exported activity without permission,[],"{""detail"": ""Activity com.facebook.timeline.stagingground.ProfilePictureShareActivity is exported but does not declare android:permission.""}",Restrict the component with signature-level permissions or mark it non-exported unless explicitly required.,BASE-IPC-COMP-NO-ACL,8.0,PLATFORM,ipc_components,,,1aceb9c4f86f8288dde2a661697fa7bc76e27e0443ed4085d12599c6dc2483b8,2026-07-04 02:08:24,PLATFORM,PLATFORM-IPC-1
198986,5728,ipc_activity-alias_open_com.facebook.timeline.stagingground.Fb4aProfilePictureShareActivityAlias,WARN,Medium,P1,PLATFORM,Exported activity alias without permission,[],"{""detail"": ""Activity Alias com.facebook.timeline.stagingground.Fb4aProfilePictureShareActivityAlias is exported but does not declare android:permission.""}",Restrict the component with signature-level permissions or mark it non-exported unless explicitly required.,BASE-IPC-COMP-NO-ACL,8.0,PLATFORM,ipc_components,,,c77588e58f4aa577349cef2501c05f8d4da10ad3d7c038e2193e1f790ef5a04e,2026-07-04 02:08:24,PLATFORM,PLATFORM-IPC-1
198987,5728,ipc_receiver_open_com.facebook.photos.upload.receiver.ConnectivityChangeReceiver,WARN,Medium,P1,PLATFORM,Exported receiver without permission,[],"{""detail"": ""Receiver com.facebook.photos.upload.receiver.ConnectivityChangeReceiver is exported but does not declare android:permission.""}",Restrict the component with signature-level permissions or mark it non-exported unless explicitly required.,BASE-IPC-COMP-NO-ACL,8.0,PLATFORM,ipc_components,,,4380979513816785a1b85df18580e387d6c92fcbade7027836bda53467b2d4e5,2026-07-04 02:08:24,PLATFORM,PLATFORM-IPC-1
198988,5728,ipc_receiver_weak_permission_com.facebook.oxygen.preloads.integration.sso.PostInstallSsoReceiver,WARN,Medium,P1,PLATFORM,Weak permission guard on exported receiver,[],"{""detail"": ""Receiver com.facebook.oxygen.preloads.integration.sso.PostInstallSsoReceiver uses com.facebook.appmanager.ACCESS (protectionLevel=unspecified), which is insufficient for exported components.""}",Protect the component with a signature-level permission or mark it non-exported.,,,PLATFORM,ipc_components,,,846114f2c2803adcd579f44e6106dcf7171a5247c60a9b77f502ce027482566a,2026-07-04 02:08:24,PLATFORM,
198989,5728,ipc_activity_open_com.facebook.inspiration.shortcut.cameralauncher.InspirationCameraExternalLaunchActivity,WARN,Medium,P1,PLATFORM,Exported activity without permission,[],"{""detail"": ""Activity com.facebook.inspiration.shortcut.cameralauncher.InspirationCameraExternalLaunchActivity is exported but does not declare android:permission.""}",Restrict the component with signature-level permissions or mark it non-exported unless explicitly required.,BASE-IPC-COMP-NO-ACL,8.0,PLATFORM,ipc_components,,,2652268856e11fba09b9aa4aeee693f425f963a60c72109cb67ef29e539842e5,2026-07-04 02:08:24,PLATFORM,PLATFORM-IPC-1
198990,5728,ipc_receiver_weak_permission_com.facebook.quicksilver.util.QuicksilverShortcutCreationUtil$ShortcutMadeIntentReceiver,WARN,Medium,P1,PLATFORM,Weak permission guard on exported receiver,[],"{""detail"": ""Receiver com.facebook.quicksilver.util.QuicksilverShortcutCreationUtil$ShortcutMadeIntentReceiver uses com.facebook.katana.permission.CREATE_SHORTCUT (protectionLevel=0x00000002), which is insufficient for exported components.""}",Protect the component with a signature-level permission or mark it non-exported.,,,PLATFORM,ipc_components,,,2f05f3ef031ad9787a5b1f84dad2821d2fb8bb15408ef01daac9b1336043244e,2026-07-04 02:08:24,PLATFORM,
198991,5728,ipc_activity_open_com.facebook.quicksilver.shortcut.QuicksilverShortcutExternalActivity,WARN,Medium,P1,PLATFORM,Exported activity without permission,[],"{""detail"": ""Activity com.facebook.quicksilver.shortcut.QuicksilverShortcutExternalActivity is exported but does not declare android:permission.""}",Restrict the component with signature-level permissions or mark it non-exported unless explicitly required.,BASE-IPC-COMP-NO-ACL,8.0,PLATFORM,ipc_components,,,16767f5d33c70b0fa73f8c98541d7060cc5ed35cf6f442a6a7d03f0bf1ac6f06,2026-07-04 02:08:24,PLATFORM,PLATFORM-IPC-1
198992,5728,ipc_activity-alias_open_com.facebook.quicksilver.QuicksilverShortcutExternalActivity,WARN,Medium,P1,PLATFORM,Exported activity alias without permission,[],"{""detail"": ""Activity Alias com.facebook.quicksilver.QuicksilverShortcutExternalActivity is exported but does not declare android:permission.""}",Restrict the component with signature-level permissions or mark it non-exported unless explicitly required.,BASE-IPC-COMP-NO-ACL,8.0,PLATFORM,ipc_components,,,bfc81adb6f245ff13648cf5d953872331d5bf9dc3aaffa461c0047084ad87c01,2026-07-04 02:08:24,PLATFORM,PLATFORM-IPC-1
198993,5728,ipc_service_open_com.facebook.wearlistener.DataLayerListenerService,WARN,Medium,P1,PLATFORM,Exported service without permission,[],"{""detail"": ""Service com.facebook.wearlistener.DataLayerListenerService is exported but does not declare android:permission.""}",Restrict the component with signature-level permissions or mark it non-exported unless explicitly required.,BASE-IPC-COMP-NO-ACL,8.0,PLATFORM,ipc_components,,,1c22972bc74cef33cc210941e784923a6336ba8f2a91dabb5295c99488e82cf3,2026-07-04 02:08:24,PLATFORM,PLATFORM-IPC-1
198994,5728,ipc_receiver_open_com.facebook.leadgen.util.otp.LeadGenPhoneOTPWACodeReceiver,WARN,Medium,P1,PLATFORM,Exported receiver without permission,[],"{""detail"": ""Receiver com.facebook.leadgen.util.otp.LeadGenPhoneOTPWACodeReceiver is exported but does not declare android:permission.""}",Restrict the component with signature-level permissions or mark it non-exported unless explicitly required.,BASE-IPC-COMP-NO-ACL,8.0,PLATFORM,ipc_components,,,60ce978e7471ee17144809d8e277085e025c499d24c01e8dcbbf223d42a8b804,2026-07-04 02:08:24,PLATFORM,PLATFORM-IPC-1
198995,5728,ipc_receiver_open_com.facebook.caa.shared.wacoderetriever.CAARegWACodeReceiver,WARN,Medium,P1,PLATFORM,Exported receiver without permission,[],"{""detail"": ""Receiver com.facebook.caa.shared.wacoderetriever.CAARegWACodeReceiver is exported but does not declare android:permission.""}",Restrict the component with signature-level permissions or mark it non-exported unless explicitly required.,BASE-IPC-COMP-NO-ACL,8.0,PLATFORM,ipc_components,,,c52264381e8cbd5f51a3ffab561d1708849cd9a76e14b00d78de20a313d019a2,2026-07-04 02:08:24,PLATFORM,PLATFORM-IPC-1
198996,5728,ipc_receiver_open_com.facebook.confirmation.task.SMSBroadcastReceiver,WARN,Medium,P1,PLATFORM,Exported receiver without permission,[],"{""detail"": ""Receiver com.facebook.confirmation.task.SMSBroadcastReceiver is exported but does not declare android:permission.""}",Restrict the component with signature-level permissions or mark it non-exported unless explicitly required.,BASE-IPC-COMP-NO-ACL,8.0,PLATFORM,ipc_components,,,3bbce8665915b53f0ec67a09a07b9d791113ece50f0a3ba03086ad2943a7c9d4,2026-07-04 02:08:24,PLATFORM,PLATFORM-IPC-1
198997,5728,ipc_service_weak_permission_com.facebook.media.local.UpdateLocalMediaStoreGcmTaskService,WARN,Medium,P1,PLATFORM,Weak permission guard on exported service,[],"{""detail"": ""Service com.facebook.media.local.UpdateLocalMediaStoreGcmTaskService uses com.google.android.gms.permission.BIND_NETWORK_TASK_SERVICE (protectionLevel=unspecified), which is insufficient for exported components.""}",Protect the component with a signature-level permission or mark it non-exported.,,,PLATFORM,ipc_components,,,3ed99d7e17c795817fa30ecd3e07389921849c6cf470c1c1106164d4271c1c82,2026-07-04 02:08:24,PLATFORM,
198998,5728,ipc_receiver_weak_permission_com.facebook.push.adm.MessageAlertReceiver,WARN,Medium,P1,PLATFORM,Weak permission guard on exported receiver,[],"{""detail"": ""Receiver com.facebook.push.adm.MessageAlertReceiver uses com.amazon.device.messaging.permission.SEND (protectionLevel=unspecified), which is insufficient for exported components.""}",Protect the component with a signature-level permission or mark it non-exported.,,,PLATFORM,ipc_components,,,9c70d09e75850423e821ddc2a8946ada977fcfbac03ebf7ccae6fa1f812d2655,2026-07-04 02:08:24,PLATFORM,
198999,5728,ipc_service_weak_permission_com.facebook.push.adm.AdmWorkGCMService,WARN,Medium,P1,PLATFORM,Weak permission guard on exported service,[],"{""detail"": ""Service com.facebook.push.adm.AdmWorkGCMService uses com.google.android.gms.permission.BIND_NETWORK_TASK_SERVICE (protectionLevel=unspecified), which is insufficient for exported components.""}",Protect the component with a signature-level permission or mark it non-exported.,,,PLATFORM,ipc_components,,,d88698942a76403ecf8d82c4da39198c89d9e74a931e5cb9504b10fe22c8e3d1,2026-07-04 02:08:24,PLATFORM,
199000,5728,ipc_receiver_open_com.facebook.push.fbnslite.FbPushSdkFbnsReceiverShim,WARN,Medium,P1,PLATFORM,Exported receiver without permission,[],"{""detail"": ""Receiver com.facebook.push.fbnslite.FbPushSdkFbnsReceiverShim is exported but does not declare android:permission.""}",Restrict the component with signature-level permissions or mark it non-exported unless explicitly required.,BASE-IPC-COMP-NO-ACL,8.0,PLATFORM,ipc_components,,,f5417cf56e949e44b95b254fe2905217747957401824a32db8faf90a236541d5,2026-07-04 02:08:24,PLATFORM,PLATFORM-IPC-1
199001,5728,ipc_receiver_open_com.facebook.push.fbnslite.FbnsLiteRtcPushNotificationReceiver,WARN,Medium,P1,PLATFORM,Exported receiver without permission,[],"{""detail"": ""Receiver com.facebook.push.fbnslite.FbnsLiteRtcPushNotificationReceiver is exported but does not declare android:permission.""}",Restrict the component with signature-level permissions or mark it non-exported unless explicitly required.,BASE-IPC-COMP-NO-ACL,8.0,PLATFORM,ipc_components,,,2a01db2ee54d27d2df2f64db280c1b572a9fe0d8a89e1c16377406ce504aa10f,2026-07-04 02:08:24,PLATFORM,PLATFORM-IPC-1
199002,5728,ipc_receiver_weak_permission_com.facebook.push.nna.NNABroadcastReceiver,WARN,Medium,P1,PLATFORM,Weak permission guard on exported receiver,[],"{""detail"": ""Receiver com.facebook.push.nna.NNABroadcastReceiver uses com.nokia.pushnotifications.permission.SEND (protectionLevel=unspecified), which is insufficient for exported components.""}",Protect the component with a signature-level permission or mark it non-exported.,,,PLATFORM,ipc_components,,,cb9059922791e0751481e09caa6a33c666bbaebfcd4453395588da186f5e4ba9,2026-07-04 02:08:24,PLATFORM,
199003,5728,ipc_service_weak_permission_com.facebook.push.registration.FacebookPushServerRegistrarGCMService,WARN,Medium,P1,PLATFORM,Weak permission guard on exported service,[],"{""detail"": ""Service com.facebook.push.registration.FacebookPushServerRegistrarGCMService uses com.google.android.gms.permission.BIND_NETWORK_TASK_SERVICE (protectionLevel=unspecified), which is insufficient for exported components.""}",Protect the component with a signature-level permission or mark it non-exported.,,,PLATFORM,ipc_components,,,a332a865561daba08618987ff9c1a99473107b529df7147b899acd67f6f90da4,2026-07-04 02:08:24,PLATFORM,
199004,5728,ipc_service_weak_permission_com.facebook.push.registration.FacebookPushServerFinishNotifiedGCMService,WARN,Medium,P1,PLATFORM,Weak permission guard on exported service,[],"{""detail"": ""Service com.facebook.push.registration.FacebookPushServerFinishNotifiedGCMService uses com.google.android.gms.permission.BIND_NETWORK_TASK_SERVICE (protectionLevel=unspecified), which is insufficient for exported components.""}",Protect the component with a signature-level permission or mark it non-exported.,,,PLATFORM,ipc_components,,,05e439d827a1ff96482236853116372b65e7a6a039f849aac0a62b12cd62c1a8,2026-07-04 02:08:24,PLATFORM,
199005,5728,ipc_service_weak_permission_com.facebook.push.registration.PushNegativeFeedbackGCMService,WARN,Medium,P1,PLATFORM,Weak permission guard on exported service,[],"{""detail"": ""Service com.facebook.push.registration.PushNegativeFeedbackGCMService uses com.google.android.gms.permission.BIND_NETWORK_TASK_SERVICE (protectionLevel=unspecified), which is insufficient for exported components.""}",Protect the component with a signature-level permission or mark it non-exported.,,,PLATFORM,ipc_components,,,72626bc1ad9f1ec6cc0ba171b486047cf29ea5cdf3c5188ef6da112f61a7933d,2026-07-04 02:08:24,PLATFORM,
199006,5728,ipc_service_weak_permission_com.facebook.pushlite.PushLiteGCMJobService,WARN,Medium,P1,PLATFORM,Weak permission guard on exported service,[],"{""detail"": ""Service com.facebook.pushlite.PushLiteGCMJobService uses com.google.android.gms.permission.BIND_NETWORK_TASK_SERVICE (protectionLevel=unspecified), which is insufficient for exported components.""}",Protect the component with a signature-level permission or mark it non-exported.,,,PLATFORM,ipc_components,,,51045dcb0c2a68c9b2f6a7b2002f2dde89b8464dc8dd3b4e6cd731cb7eaa786b,2026-07-04 02:08:24,PLATFORM,
199007,5728,ipc_receiver_weak_permission_com.facebook.oxygen.preloads.sdk.firstparty.managedappcache.IsManagedAppReceiver,WARN,Medium,P1,PLATFORM,Weak permission guard on exported receiver,[],"{""detail"": ""Receiver com.facebook.oxygen.preloads.sdk.firstparty.managedappcache.IsManagedAppReceiver uses com.facebook.appmanager.ACCESS (protectionLevel=unspecified), which is insufficient for exported components.""}",Protect the component with a signature-level permission or mark it non-exported.,,,PLATFORM,ipc_components,,,0e91c376a2e3533f6b9be21e2101bf2e4134e2deb528d46f9f2f6754b5444a3a,2026-07-04 02:08:24,PLATFORM,
199008,5728,ipc_service_weak_permission_com.facebook.bugreporter.core.scheduler.GCMBugReportService,WARN,Medium,P1,PLATFORM,Weak permission guard on exported service,[],"{""detail"": ""Service com.facebook.bugreporter.core.scheduler.GCMBugReportService uses com.google.android.gms.permission.BIND_NETWORK_TASK_SERVICE (protectionLevel=unspecified), which is insufficient for exported components.""}",Protect the component with a signature-level permission or mark it non-exported.,,,PLATFORM,ipc_components,,,ebed707554ce05d9fa05957b1776f2a12a1ca408f5304686484c06202c6cf09d,2026-07-04 02:08:24,PLATFORM,
199009,5728,ipc_service_permission_com.facebook.bugreporter.core.scheduler.LollipopBugReportService,INFO,Low,P2,PLATFORM,Exported service gated by android.permission.BIND_JOB_SERVICE,[],"{""detail"": ""Exported service relies on android.permission.BIND_JOB_SERVICE (protectionLevel=signature).""}",Document the permission contract and monitor for unexpected callers.,BASE-IPC-EXPORTED-WITH-PERM,2.5,PLATFORM,ipc_components,,,010feff1d370cdde2b30a44baa245760ecc86f7b41a538afeb48267dd5a387b4,2026-07-04 02:08:24,PLATFORM,PLATFORM-IPC-1
199010,5728,ipc_activity_open_com.spotify.sdk.android.auth.browser.RedirectUriReceiverActivity,WARN,Medium,P1,PLATFORM,Exported activity without permission,[],"{""detail"": ""Activity com.spotify.sdk.android.auth.browser.RedirectUriReceiverActivity is exported but does not declare android:permission.""}",Restrict the component with signature-level permissions or mark it non-exported unless explicitly required.,BASE-IPC-COMP-NO-ACL,8.0,PLATFORM,ipc_components,,,176a1879017acc05b0c5709d2269dfa226b56fcfcb5cd3a28431ffe1c8087335,2026-07-04 02:08:24,PLATFORM,PLATFORM-IPC-1
199011,5728,ipc_receiver_open_com.facebook.quicklog.filelogger.QPLFileLogBroadcastReceiver,WARN,Medium,P1,PLATFORM,Exported receiver without permission,[],"{""detail"": ""Receiver com.facebook.quicklog.filelogger.QPLFileLogBroadcastReceiver is exported but does not declare android:permission.""}",Restrict the component with signature-level permissions or mark it non-exported unless explicitly required.,BASE-IPC-COMP-NO-ACL,8.0,PLATFORM,ipc_components,,,8f064dbdbe595f2516b3faef884e4002bf53c5cc000ca5a25c3f7a7b4bbceac9,2026-07-04 02:08:24,PLATFORM,PLATFORM-IPC-1
199012,5728,ipc_service_permission_androidx.work.impl.background.systemjob.SystemJobService,INFO,Low,P2,PLATFORM,Exported service gated by android.permission.BIND_JOB_SERVICE,[],"{""detail"": ""Exported service relies on android.permission.BIND_JOB_SERVICE (protectionLevel=signature).""}",Document the permission contract and monitor for unexpected callers.,BASE-IPC-EXPORTED-WITH-PERM,2.5,PLATFORM,ipc_components,,,010feff1d370cdde2b30a44baa245760ecc86f7b41a538afeb48267dd5a387b4,2026-07-04 02:08:24,PLATFORM,PLATFORM-IPC-1
199013,5728,ipc_receiver_weak_permission_androidx.work.impl.diagnostics.DiagnosticsReceiver,WARN,Medium,P1,PLATFORM,Weak permission guard on exported receiver,[],"{""detail"": ""Receiver androidx.work.impl.diagnostics.DiagnosticsReceiver uses android.permission.DUMP (protectionLevel=unspecified), which is insufficient for exported components.""}",Protect the component with a signature-level permission or mark it non-exported.,,,PLATFORM,ipc_components,,,9941e0eccdf7d3b4774f715de75a66f6bc0c3a6738cde28ebf468fc203a6652b,2026-07-04 02:08:24,PLATFORM,
199014,5728,ipc_service_weak_permission_com.google.android.gms.auth.api.signin.RevocationBoundService,WARN,Medium,P1,PLATFORM,Weak permission guard on exported service,[],"{""detail"": ""Service com.google.android.gms.auth.api.signin.RevocationBoundService uses com.google.android.gms.auth.api.signin.permission.REVOCATION_NOTIFICATION (protectionLevel=unspecified), which is insufficient for exported components.""}",Protect the component with a signature-level permission or mark it non-exported.,,,PLATFORM,ipc_components,,,333620b6726a9959216b7d765dc48d0cdfd4b817f914fe21914e4a734b970792,2026-07-04 02:08:24,PLATFORM,
199015,5728,ipc_receiver_weak_permission_com.google.firebase.iid.FirebaseInstanceIdReceiver,WARN,Medium,P1,PLATFORM,Weak permission guard on exported receiver,[],"{""detail"": ""Receiver com.google.firebase.iid.FirebaseInstanceIdReceiver uses com.google.android.c2dm.permission.SEND (protectionLevel=unspecified), which is insufficient for exported components.""}",Protect the component with a signature-level permission or mark it non-exported.,,,PLATFORM,ipc_components,,,801a80d1d4bf8adabab2d6125f2ede620061207fdfa45b7458a8fc4129d8acec,2026-07-04 02:08:24,PLATFORM,
199016,5728,ipc_receiver_weak_permission_com.facebook.device_id.UniqueIdSupplier,WARN,Medium,P1,PLATFORM,Weak permission guard on exported receiver,[],"{""detail"": ""Receiver com.facebook.device_id.UniqueIdSupplier uses com.facebook.receiver.permission.ACCESS (protectionLevel=0x00000002), which is insufficient for exported components.""}",Protect the component with a signature-level permission or mark it non-exported.,,,PLATFORM,ipc_components,,,e42e3e2d0b703bfc01d8c148b95575d362844948794884ba6efe19dde0ab410a,2026-07-04 02:08:24,PLATFORM,
199017,5728,ipc_receiver_open_com.facebook.fdidlite.FDIDSyncLiteReceiver,WARN,Medium,P1,PLATFORM,Exported receiver without permission,[],"{""detail"": ""Receiver com.facebook.fdidlite.FDIDSyncLiteReceiver is exported but does not declare android:permission.""}",Restrict the component with signature-level permissions or mark it non-exported unless explicitly required.,BASE-IPC-COMP-NO-ACL,8.0,PLATFORM,ipc_components,,,8941768920ee72ebb8545865f25db95a2772b72a210186224e5288f0aa2090a9,2026-07-04 02:08:24,PLATFORM,PLATFORM-IPC-1
199018,5728,ipc_provider_world_com.facebook.fdidlite.FDIDLiteProvider,FAIL,High,P0,PLATFORM,Exported provider without permission — com.facebook.fdidlite.FDIDLiteProvider,[],"{""detail"": ""Content provider is exported without read/write permissions, allowing external processes to query data.""}",Declare readPermission and writePermission or mark the provider as private (exported=false).,,,PLATFORM,ipc_components,,,9bb8ae3667321fbe39616893b95b97154d6d6f2cdd2b48d542d1149201abc5a7,2026-07-04 02:08:24,PLATFORM,
199019,5728,ipc_service_weak_permission_com.facebook.graphql.executor.offlinemutations.OfflineMutationsRetryGCMTaskService,WARN,Medium,P1,PLATFORM,Weak permission guard on exported service,[],"{""detail"": ""Service com.facebook.graphql.executor.offlinemutations.OfflineMutationsRetryGCMTaskService uses com.google.android.gms.permission.BIND_NETWORK_TASK_SERVICE (protectionLevel=unspecified), which is insufficient for exported components.""}",Protect the component with a signature-level permission or mark it non-exported.,,,PLATFORM,ipc_components,,,9bc3de90078cda98b736e4659f086286ece1afb726133c11176a00f6ca6cedbd,2026-07-04 02:08:24,PLATFORM,
199020,5728,ipc_service_weak_permission_com.facebook.analytics2.logger.GooglePlayUploadService,WARN,Medium,P1,PLATFORM,Weak permission guard on exported service,[],"{""detail"": ""Service com.facebook.analytics2.logger.GooglePlayUploadService uses com.google.android.gms.permission.BIND_NETWORK_TASK_SERVICE (protectionLevel=unspecified), which is insufficient for exported components.""}",Protect the component with a signature-level permission or mark it non-exported.,,,PLATFORM,ipc_components,,,c1023cf6d3d6cb175cd856bb5ef11cfe4f9a6095f2e74321e39023d9a7de45d4,2026-07-04 02:08:24,PLATFORM,
199021,5728,ipc_receiver_weak_permission_androidx.profileinstaller.ProfileInstallReceiver,WARN,Medium,P1,PLATFORM,Weak permission guard on exported receiver,[],"{""detail"": ""Receiver androidx.profileinstaller.ProfileInstallReceiver uses android.permission.DUMP (protectionLevel=unspecified), which is insufficient for exported components.""}",Protect the component with a signature-level permission or mark it non-exported.,,,PLATFORM,ipc_components,,,a1011e55cd81e1a5efa21cd3531f8f576789e1e4757a87011b59740f80197b8d,2026-07-04 02:08:24,PLATFORM,
199022,5728,ipc_activity-alias_open_com.facebook.secure.packagefinder.PackageFinderActivity,WARN,Medium,P1,PLATFORM,Exported activity alias without permission,[],"{""detail"": ""Activity Alias com.facebook.secure.packagefinder.PackageFinderActivity is exported but does not declare android:permission.""}",Restrict the component with signature-level permissions or mark it non-exported unless explicitly required.,BASE-IPC-COMP-NO-ACL,8.0,PLATFORM,ipc_components,,,79c0a08821ec83f81fb4f963befbc6190effc9f8a1283e60e90d972395f6ff46,2026-07-04 02:08:24,PLATFORM,PLATFORM-IPC-1
199023,5728,provider_world_com.facebook.katana.provider.AttributionIdProvider,FAIL,High,P0,PLATFORM,Exported provider without ACL — com.facebook.katana.provider.AttributionIdProvider,[],"{""detail"": ""Exported provider lacks read/write permissions; content is globally accessible to other apps.""}",Set readPermission/writePermission or mark the provider private.,,,PLATFORM,provider_acl,,,008494c2f7638393221f57d8441724a50de6390c1b5d5895af71896bd2330764,2026-07-04 02:08:24,PLATFORM,
199024,5728,provider_world_com.facebook.platform.common.provider.PlatformProviderBase,FAIL,High,P0,PLATFORM,Exported provider without ACL — com.facebook.platform.common.provider.PlatformProviderBase,[],"{""detail"": ""Exported provider lacks read/write permissions; content is globally accessible to other apps.""}",Set readPermission/writePermission or mark the provider private.,,,PLATFORM,provider_acl,,,008494c2f7638393221f57d8441724a50de6390c1b5d5895af71896bd2330764,2026-07-04 02:08:24,PLATFORM,
199025,5728,provider_world_com.facebook.twilight.deeplinks.DeferredDeeplinkProvider,FAIL,High,P0,PLATFORM,Exported provider without ACL — com.facebook.twilight.deeplinks.DeferredDeeplinkProvider,[],"{""detail"": ""Exported provider lacks read/write permissions; content is globally accessible to other apps.""}",Set readPermission/writePermission or mark the provider private.,,,PLATFORM,provider_acl,,,008494c2f7638393221f57d8441724a50de6390c1b5d5895af71896bd2330764,2026-07-04 02:08:24,PLATFORM,
199026,5728,provider_world_com.facebook.messaging.sharekey.contentprovider.SecureMessagingKeyContentProvider,FAIL,High,P0,PLATFORM,Exported provider without ACL — com.facebook.messaging.sharekey.contentprovider.SecureMessagingKeyContentProvider,[],"{""detail"": ""Exported provider lacks read/write permissions; content is globally accessible to other apps.""}",Set readPermission/writePermission or mark the provider private.,,,PLATFORM,provider_acl,,,008494c2f7638393221f57d8441724a50de6390c1b5d5895af71896bd2330764,2026-07-04 02:08:24,PLATFORM,
199027,5728,provider_world_com.facebook.katana.liteprovider.usdid.UsdidValuesProvider,FAIL,High,P0,PLATFORM,Exported provider without ACL — com.facebook.katana.liteprovider.usdid.UsdidValuesProvider,[],"{""detail"": ""Exported provider lacks read/write permissions; content is globally accessible to other apps.""}",Set readPermission/writePermission or mark the provider private.,,,PLATFORM,provider_acl,,,008494c2f7638393221f57d8441724a50de6390c1b5d5895af71896bd2330764,2026-07-04 02:08:24,PLATFORM,
199028,5728,provider_world_com.facebook.katana.liteprovider.FirstPartyUserValuesLiteProvider,FAIL,High,P0,PLATFORM,Exported provider without ACL — com.facebook.katana.liteprovider.FirstPartyUserValuesLiteProvider,[],"{""detail"": ""Exported provider lacks read/write permissions; content is globally accessible to other apps.""}",Set readPermission/writePermission or mark the provider private.,,,PLATFORM,provider_acl,,,008494c2f7638393221f57d8441724a50de6390c1b5d5895af71896bd2330764,2026-07-04 02:08:24,PLATFORM,
199029,5728,provider_world_com.facebook.katana.provider.FirstPartyUserValuesProvider,FAIL,High,P0,PLATFORM,Exported provider without ACL — com.facebook.katana.provider.FirstPartyUserValuesProvider,[],"{""detail"": ""Exported provider lacks read/write permissions; content is globally accessible to other apps.""}",Set readPermission/writePermission or mark the provider private.,,,PLATFORM,provider_acl,,,008494c2f7638393221f57d8441724a50de6390c1b5d5895af71896bd2330764,2026-07-04 02:08:24,PLATFORM,
199030,5728,provider_world_com.facebook.katana.provider.InstallReferrerProvider,FAIL,High,P0,PLATFORM,Exported provider without ACL — com.facebook.katana.provider.InstallReferrerProvider,[],"{""detail"": ""Exported provider lacks read/write permissions; content is globally accessible to other apps.""}",Set readPermission/writePermission or mark the provider private.,,,PLATFORM,provider_acl,,,008494c2f7638393221f57d8441724a50de6390c1b5d5895af71896bd2330764,2026-07-04 02:08:24,PLATFORM,
199031,5728,provider_world_com.facebook.katana.provider.LastUsedTimestampProvider,FAIL,High,P0,PLATFORM,Exported provider without ACL — com.facebook.katana.provider.LastUsedTimestampProvider,[],"{""detail"": ""Exported provider lacks read/write permissions; content is globally accessible to other apps.""}",Set readPermission/writePermission or mark the provider private.,,,PLATFORM,provider_acl,,,008494c2f7638393221f57d8441724a50de6390c1b5d5895af71896bd2330764,2026-07-04 02:08:24,PLATFORM,
199032,5728,provider_world_com.facebook.fdidlite.FDIDLiteProvider,FAIL,High,P0,PLATFORM,Exported provider without ACL — com.facebook.fdidlite.FDIDLiteProvider,[],"{""detail"": ""Exported provider lacks read/write permissions; content is globally accessible to other apps.""}",Set readPermission/writePermission or mark the provider private.,,,PLATFORM,provider_acl,,,008494c2f7638393221f57d8441724a50de6390c1b5d5895af71896bd2330764,2026-07-04 02:08:24,PLATFORM,
199033,5728,domain_verification_missing_autoverify,WARN,Low,P2,PLATFORM,Browsable web link filters omit android:autoVerify,"[""app_links"", ""auto_verify"", ""deep_links""]","{""path"": ""/home/secadmin/Laughlin/GitHub/ScytaleDroid/data/store/apk/sha256/d2/d2f91e29dc75b69daf7a640665ddf16090a27609579c64d7a5f0f52c80949468.apk!AndroidManifest.xml::activity:com.facebook.registration.activity.AccountRegistrationActivity#intent-filter[1]"", ""detail"": ""1 web link filter(s) handle http/https hosts without android:autoVerify, so Android cannot verify domain ownership and may fall back to chooser-based routing."", ""entries"": [{""description"": ""activity com.facebook.registration.activity.AccountRegistrationActivity"", ""location"": ""/home/secadmin/Laughlin/GitHub/ScytaleDroid/data/store/apk/sha256/d2/d2f91e29dc75b69daf7a640665ddf16090a27609579c64d7a5f0f52c80949468.apk!AndroidManifest.xml::activity:com.facebook.registration.activity.AccountRegistrationActivity#intent-filter[1]""}]}","Add android:autoVerify=""true"" to supported HTTPS host filters and publish matching Digital Asset Links statements at https://<host>/.well-known/assetlinks.json.",,,PLATFORM,domain_verification,,,e0d754c1ae86afd550dfdd0cf05752358620eb9eb34e0d76711c32a922816a4c,2026-07-04 02:08:24,PLATFORM,
199034,5728,storage_allow_backup,WARN,Medium,P1,STORAGE,Application allows Android backup,[],"{""detail"": ""android:allowBackup is true; user data may leak via adb backup.""}",Disable backups or provide custom BackupAgent filtering secrets.,,,STORAGE,storage_backup,,,b9cd119277283edf2e7f596f5768300bcfef5ff9148da23ee73f1590fd01c6ce,2026-07-04 02:08:24,STORAGE,
199035,5728,storage_legacy_external,WARN,Medium,P1,STORAGE,Legacy external storage requested,[],"{""detail"": ""requestLegacyExternalStorage=true keeps scoped storage disabled.""}",Adopt scoped storage or justify legacy flag for backwards compatibility.,BASE-STO-LEGACY,3.9,STORAGE,storage_backup,,,cec868bb8d34b55d4d2efee6ea48714483e7f1ede6c5bd058d5a325bbf6b7f80,2026-07-04 02:08:24,STORAGE,STORAGE-2
199036,5728,storage_sensitive_keys,INFO,Low,P2,STORAGE,Potential sensitive preference keys,[],"{""path"": ""/home/secadmin/Laughlin/GitHub/ScytaleDroid/data/store/apk/sha256/d2/d2f91e29dc75b69daf7a640665ddf16090a27609579c64d7a5f0f52c80949468.apk!string[classes15.dex]"", ""detail"": ""Keys referencing tokens/secrets detected in resources or code."", ""entries"": [{""description"": ""Potential sensitive key '$tokenAnimationProvider'"", ""hash_short"": ""#h:1da81c30"", ""location"": ""/home/secadmin/Laughlin/GitHub/ScytaleDroid/data/store/apk/sha256/d2/d2f91e29dc75b69daf7a640665ddf16090a27609579c64d7a5f0f52c80949468.apk!string[classes15.dex]""}, {""description"": ""Potential sensitive key '$topicExpansionToken$inlined'"", ""hash_short"": ""#h:041cf675"", ""location"": ""/home/secadmin/Laughlin/GitHub/ScytaleDroid/data/store/apk/sha256/d2/d2f91e29dc75b69daf7a640665ddf16090a27609579c64d7a5f0f52c80949468.apk!string[classes15.dex]""}, {""description"": ""Potential sensitive key 'AccessToken'"", ""hash_short"": ""#h:2e48e123"", ""location"": ""/home/secadmin/Laughlin/GitHub/ScytaleDroid/data/store/apk/sha256/d2/d2f91e29dc75b69daf7a640665ddf16090a27609579c64d7a5f0f52c80949468.apk!string[classes15.dex]""}, {""description"": ""Potential sensitive key 'AcknowledgePushToken'"", ""hash_short"": ""#h:5d009929"", ""location"": ""/home/secadmin/Laughlin/GitHub/ScytaleDroid/data/store/apk/sha256/d2/d2f91e29dc75b69daf7a640665ddf16090a27609579c64d7a5f0f52c80949468.apk!string[classes15.dex]""}, {""description"": ""Potential sensitive key 'AcknowledgePushTokenResponse'"", ""hash_short"": ""#h:dcc1884f"", ""location"": ""/home/secadmin/Laughlin/GitHub/ScytaleDroid/data/store/apk/sha256/d2/d2f91e29dc75b69daf7a640665ddf16090a27609579c64d7a5f0f52c80949468.apk!string[classes15.dex]""}]}",Ensure sensitive tokens are encrypted or stored within Android Keystore-backed preferences.,,,STORAGE,storage_backup,,,8038f7cff64f4888143e6c5a33435309cb5b65f19f1fc0a12a5f07e0b421468c,2026-07-04 02:08:24,STORAGE,
199037,5728,dfir_permission_hypothesis,INFO,Info,NOTE,PRIVACY,Permissions imply sensitive runtime stores,[],"{""detail"": ""Dangerous permissions map to likely on-device data locations.""}",Plan minimal adb pulls to validate the presence of these artefacts after dynamic testing.,,,PRIVACY,dfir_hints,,,636d01ce20e111541057203bd363f5e2cdb7bd0ab2b7842a4e8d2a47d12c2fbd,2026-07-04 02:08:24,PRIVACY,
199038,5728,webview_add_javascript_interface,WARN,Medium,P1,NETWORK,JavaScript interface exposed,"[""webview"", ""add_javascript_interface""]","{""path"": ""/home/secadmin/Laughlin/GitHub/ScytaleDroid/data/store/apk/sha256/d2/d2f91e29dc75b69daf7a640665ddf16090a27609579c64d7a5f0f52c80949468.apk!string[classes15.dex]"", ""detail"": ""addJavascriptInterface allows Java objects to be callable from JS."", ""entries"": [{""description"": ""add_javascript_interface in classes15.dex"", ""hash_short"": ""#h:300e4fc4"", ""location"": ""/home/secadmin/Laughlin/GitHub/ScytaleDroid/data/store/apk/sha256/d2/d2f91e29dc75b69daf7a640665ddf16090a27609579c64d7a5f0f52c80949468.apk!string[classes15.dex]""}]}",Annotate interfaces with @JavascriptInterface and restrict to trusted content.,,,NETWORK,webview_hygiene,,,b7aa9df200f55962fbf9735577a464c7f03342e20bef12569b9ffe6a660d0855,2026-07-04 02:08:24,NETWORK,
199039,5728,webview_javascript_enabled,INFO,Low,P2,NETWORK,JavaScript explicitly enabled,"[""webview"", ""javascript_enabled""]","{""path"": ""/home/secadmin/Laughlin/GitHub/ScytaleDroid/data/store/apk/sha256/d2/d2f91e29dc75b69daf7a640665ddf16090a27609579c64d7a5f0f52c80949468.apk!string[classes15.dex]"", ""detail"": ""WebView JavaScript execution increases XSS risk; review content sources."", ""entries"": [{""description"": ""javascript_enabled in classes15.dex"", ""hash_short"": ""#h:3038483d"", ""location"": ""/home/secadmin/Laughlin/GitHub/ScytaleDroid/data/store/apk/sha256/d2/d2f91e29dc75b69daf7a640665ddf16090a27609579c64d7a5f0f52c80949468.apk!string[classes15.dex]""}]}",Only enable JavaScript for trusted content and disable for other views.,,,NETWORK,webview_hygiene,,,010b8bedcb836e44b86aba3b38de23188b0b3a9304f111262c0a4b53b8280719,2026-07-04 02:08:24,NETWORK,
199040,5728,webview_mixed_content,WARN,Medium,P1,NETWORK,Mixed content mode modified,"[""webview"", ""mixed_content""]","{""path"": ""/home/secadmin/Laughlin/GitHub/ScytaleDroid/data/store/apk/sha256/d2/d2f91e29dc75b69daf7a640665ddf16090a27609579c64d7a5f0f52c80949468.apk!string[classes15.dex]"", ""detail"": ""setMixedContentMode may allow HTTP content inside HTTPS WebView."", ""entries"": [{""description"": ""mixed_content in classes15.dex"", ""hash_short"": ""#h:5d927cb8"", ""location"": ""/home/secadmin/Laughlin/GitHub/ScytaleDroid/data/store/apk/sha256/d2/d2f91e29dc75b69daf7a640665ddf16090a27609579c64d7a5f0f52c80949468.apk!string[classes15.dex]""}]}",Keep mixed content mode to NEVER_ALLOW for production builds.,,,NETWORK,webview_hygiene,,,9fccc03fcd4e5d4a4c8cf73daabc0c49c0265282256640b1b1c6643ae6bf4a3c,2026-07-04 02:08:24,NETWORK,
199041,5728,crypto_des_usage,FAIL,High,P0,CRYPTO,DES cipher usage,"[""crypto"", ""des_usage""]","{""path"": ""/home/secadmin/Laughlin/GitHub/ScytaleDroid/data/store/apk/sha256/d2/d2f91e29dc75b69daf7a640665ddf16090a27609579c64d7a5f0f52c80949468.apk!string[classes15.dex]"", ""detail"": ""DES is cryptographically broken and should not protect secrets. (4 occurrences)"", ""entries"": [{""description"": ""des_usage → classes15.dex"", ""hash_short"": ""#h:8a5a8b82"", ""location"": ""/home/secadmin/Laughlin/GitHub/ScytaleDroid/data/store/apk/sha256/d2/d2f91e29dc75b69daf7a640665ddf16090a27609579c64d7a5f0f52c80949468.apk!string[classes15.dex]""}, {""description"": ""des_usage → classes15.dex"", ""hash_short"": ""#h:cdc7692c"", ""location"": ""/home/secadmin/Laughlin/GitHub/ScytaleDroid/data/store/apk/sha256/d2/d2f91e29dc75b69daf7a640665ddf16090a27609579c64d7a5f0f52c80949468.apk!string[classes15.dex]""}]}",Replace DES with AES-256 or modern primitives.,,,CRYPTO,crypto_hygiene,,,0183c6ff5bb1b1ace4c7eaf47bd1f7e679664149da8440428979dbf84faf15b8,2026-07-04 02:08:24,CRYPTO,
199042,5728,crypto_md5_digest,WARN,Medium,P1,CRYPTO,MD5 message digest,"[""crypto"", ""md5_digest""]","{""path"": ""/home/secadmin/Laughlin/GitHub/ScytaleDroid/data/store/apk/sha256/d2/d2f91e29dc75b69daf7a640665ddf16090a27609579c64d7a5f0f52c80949468.apk!string[assets/lib/libs.spo]"", ""detail"": ""MD5 is collision-prone and unsuitable for integrity."", ""entries"": [{""description"": ""md5_digest → assets/lib/libs.spo"", ""hash_short"": ""#h:04131fa0"", ""location"": ""/home/secadmin/Laughlin/GitHub/ScytaleDroid/data/store/apk/sha256/d2/d2f91e29dc75b69daf7a640665ddf16090a27609579c64d7a5f0f52c80949468.apk!string[assets/lib/libs.spo]""}, {""description"": ""md5_digest → classes9.dex"", ""hash_short"": ""#h:8c1cfffc"", ""location"": ""/home/secadmin/Laughlin/GitHub/ScytaleDroid/data/store/apk/sha256/d2/d2f91e29dc75b69daf7a640665ddf16090a27609579c64d7a5f0f52c80949468.apk!string[classes9.dex]""}]}",Use SHA-256 or better message digests.,,,CRYPTO,crypto_hygiene,,,a50faf7865f3eaf62d5899d440b11fc0832a502c728ffcce325a5a31094bea70,2026-07-04 02:08:24,CRYPTO,
199043,5728,sdk_inventory_tracker_namespace_overlap,INFO,Info,NOTE,PRIVACY,Static namespace overlap with tracker/SDK reference intel,"[""sdk_inventory"", ""tracker_intel"", ""namespace_overlap""]","{""path"": ""classes9.dex@2471425"", ""detail"": ""1 tracker reference entries overlapped namespace-like strings inside the APK. This is contextual evidence only and should be verified against code paths."", ""entries"": [{""description"": ""Endpoint root-domain overlapping tracker network signature"", ""hash_short"": ""f3572092"", ""location"": ""classes9.dex@2471425""}, {""description"": ""Endpoint root-domain overlapping tracker network signature"", ""hash_short"": ""f3572092"", ""location"": ""classes9.dex@2471425""}]}",,,,PRIVACY,sdk_inventory,,,b7eef6ab4e27eeb18f75998418a836d169e5db0cd71052526c13ce3bd90251dc,2026-07-04 02:08:24,PRIVACY,
199044,5728,sdk_inventory_tracker_network_overlap,INFO,Info,NOTE,NETWORK,Endpoint overlap with tracker network reference intel,"[""sdk_inventory"", ""tracker_intel"", ""network_overlap""]","{""path"": ""assets/bundles.json@0"", ""detail"": ""11 tracker reference entries overlapped root domains from extracted HTTP(S) strings. This indicates contextual network similarity, not confirmed tracking behavior."", ""entries"": [{""description"": ""Endpoint root-domain overlapping tracker network signature"", ""hash_short"": ""47788193"", ""location"": ""assets/bundles.json@0""}, {""description"": ""Endpoint root-domain overlapping tracker network signature"", ""hash_short"": ""be763e2c"", ""location"": ""assets/warning_template.html@0""}]}",,,,NETWORK,sdk_inventory,,,542ca2ecf1fc8cfa6af9d5e812b7a114e56d60fd2382d60798d0ef1c6d744d08,2026-07-04 02:08:24,NETWORK,
199045,5728,native_anti_analysis_signals,WARN,Low,P2,RESILIENCE,Native anti-analysis indicators,"[""native"", ""anti-analysis""]","{""path"": ""lib/arm64-v8a/libimage_processing_util_jni.so"", ""detail"": ""Native libraries contain strings associated with anti-debug/root checks."", ""entries"": [{""description"": ""entropy=6.147"", ""hash_short"": ""0055"", ""location"": ""lib/arm64-v8a/libimage_processing_util_jni.so""}, {""description"": ""entropy=6.108"", ""hash_short"": ""3121"", ""location"": ""lib/arm64-v8a/libsuperpack-jni.so""}, {""description"": ""entropy=6.103"", ""hash_short"": ""fd63"", ""location"": ""lib/arm64-v8a/libc++_shared.so""}, {""description"": ""entropy=6.085"", ""hash_short"": ""287f"", ""location"": ""lib/arm64-v8a/libfbunwindstack.so""}, {""description"": ""entropy=5.838"", ""hash_short"": ""e5bb"", ""location"": ""lib/arm64-v8a/libachilles-jni.so""}]}",Review native protections and validate behavior in a controlled run.,,,RESILIENCE,native_hardening,,,0dc2189be68e5b46c64269faf2fbc1ebcf836aeea290e03241b6004b4041de49,2026-07-04 02:08:24,RESILIENCE,
199046,5728,obfuscation_hints,WARN,Low,P2,RESILIENCE,Obfuscation indicators detected,"[""obfuscation"", ""anti-analysis""]","{""path"": ""classes15.dex"", ""detail"": ""DEX/class naming patterns and dynamic-loading hints suggest obfuscation or packing."", ""entries"": [{""description"": ""class-like string: 1G/jJlJAK"", ""location"": ""classes15.dex""}, {""description"": ""class-like string: JGJG/G"", ""location"": ""classes15.dex""}, {""description"": ""class-like string: TIUI/L"", ""location"": ""classes15.dex""}, {""description"": ""class-like string: 5<init>(Lcom/facebook/graphql/modelutil/GraphQLData;)V"", ""location"": ""classes15.dex""}, {""description"": ""class-like string: R<init>(Lcom/facebook/xapp/messaging/threadpre/tltv/utils/ThreadPREErrorReporter;)V"", ""location"": ""classes15.dex""}]}",Use deobfuscation-aware tooling and verify behavior with dynamic analysis.,,,RESILIENCE,obfuscation_signals,,,ac41dbb10ac7c335b7dbe6fd29feaf682f59abc051b628b7f9f21ae8740ea20f,2026-07-04 02:08:24,RESILIENCE,
199047,5728,risk_profile,WARN,High,P0,OTHER,Correlation priority — Critical,"[""risk_profile_downgraded""]","{""detail"": ""Correlation priority score 16349 (Critical); synthetic prioritization signal.""}",Prioritise remediation of the contributing findings that raised this synthetic priority score.,,,OTHER,correlation_engine,,,39a592cf6505ea36533263b502a671ff3366d8062a5bc3ebc2b4a1938a18888c,2026-07-04 02:08:24,OTHER,
199118,5730,manifest_exported_weak_guards,WARN,Medium,P1,PLATFORM,Exported components use weak guards,[],"{""path"": ""/home/secadmin/Laughlin/GitHub/ScytaleDroid/data/store/apk/sha256/a5/a57b950e56ad06b586f476399af5dc47c7628e7a40fb3ec192f63c916ea61831.apk!AndroidManifest.xml"", ""detail"": ""Exported components rely on normal/dangerous permissions or no guard at all: androidx.profileinstaller.ProfileInstallReceiver, androidx.work.impl.diagnostics.DiagnosticsReceiver, com.facebook.analytics2.logger.GooglePlayUploadService, com.facebook.bugre..."", ""entries"": [{""description"": ""component@permission"", ""location"": ""/home/secadmin/Laughlin/GitHub/ScytaleDroid/data/store/apk/sha256/a5/a57b950e56ad06b586f476399af5dc47c7628e7a40fb3ec192f63c916ea61831.apk!AndroidManifest.xml""}]}",Protect exported components with signature-level permissions or mark them non-exported.,,,PLATFORM,manifest_baseline,,,62f8b6d551d945f08144c3e3caa0806203f37574916a4cbdde1caf0e2b6fe214,2026-07-04 02:08:32,PLATFORM,
199119,5730,manifest_backup_and_exports,WARN,Medium,P1,STORAGE,Backup plus exported weak components,[],"{""path"": ""/home/secadmin/Laughlin/GitHub/ScytaleDroid/data/store/apk/sha256/a5/a57b950e56ad06b586f476399af5dc47c7628e7a40fb3ec192f63c916ea61831.apk!AndroidManifest.xml"", ""detail"": ""android:allowBackup is enabled while exported components lack strong permission guards (androidx.profileinstaller.ProfileInstallReceiver, androidx.work.impl.diagnostics.DiagnosticsReceiver, com.facebook.analytics2.logger.GooglePlayUploadService, com.fac..."", ""entries"": [{""description"": ""application@allowBackup"", ""location"": ""/home/secadmin/Laughlin/GitHub/ScytaleDroid/data/store/apk/sha256/a5/a57b950e56ad06b586f476399af5dc47c7628e7a40fb3ec192f63c916ea61831.apk!AndroidManifest.xml""}]}",Disable auto-backup or harden exported components with signature-level permissions.,,,STORAGE,manifest_baseline,,,a06640bcdb2f1a7221f9da1718c7da178dc65bbd982d231b87932827122fae2c,2026-07-04 02:08:32,STORAGE,
199120,5730,manifest_backup_enabled,WARN,Medium,P1,STORAGE,Auto-backup enabled,[],"{""path"": ""/home/secadmin/Laughlin/GitHub/ScytaleDroid/data/store/apk/sha256/a5/a57b950e56ad06b586f476399af5dc47c7628e7a40fb3ec192f63c916ea61831.apk!AndroidManifest.xml"", ""detail"": ""Application data can be exported via Android's backup channel (android:allowBackup not set to false)."", ""entries"": [{""description"": ""application@allowBackup"", ""location"": ""/home/secadmin/Laughlin/GitHub/ScytaleDroid/data/store/apk/sha256/a5/a57b950e56ad06b586f476399af5dc47c7628e7a40fb3ec192f63c916ea61831.apk!AndroidManifest.xml""}]}",Set android:allowBackup=false or provide an explicit backup configuration that excludes sensitive data.,,,STORAGE,manifest_baseline,,,738fc6549966ba66210a999fb52b148508ecfee3da8b68e476ed9ff9ef6dadfe,2026-07-04 02:08:32,STORAGE,
199121,5730,manifest_legacy_external_storage,WARN,Medium,P1,STORAGE,Legacy external storage requested,[],"{""path"": ""/home/secadmin/Laughlin/GitHub/ScytaleDroid/data/store/apk/sha256/a5/a57b950e56ad06b586f476399af5dc47c7628e7a40fb3ec192f63c916ea61831.apk!AndroidManifest.xml"", ""detail"": ""android:requestLegacyExternalStorage is true. This bypasses scoped storage protections and should be phased out."", ""entries"": [{""description"": ""application@requestLegacyExternalStorage"", ""location"": ""/home/secadmin/Laughlin/GitHub/ScytaleDroid/data/store/apk/sha256/a5/a57b950e56ad06b586f476399af5dc47c7628e7a40fb3ec192f63c916ea61831.apk!AndroidManifest.xml""}]}",Adopt scoped storage APIs and drop requestLegacyExternalStorage for production builds.,,,STORAGE,manifest_baseline,,,473f85fd59f43ecf04ac49326b597bc3ae220de8d165427b13e5c03d993b69eb,2026-07-04 02:08:32,STORAGE,
199122,5730,manifest_custom_permissions_review,INFO,Low,P2,PLATFORM,Review custom permission protection levels,[],"{""path"": ""/home/secadmin/Laughlin/GitHub/ScytaleDroid/data/store/apk/sha256/a5/a57b950e56ad06b586f476399af5dc47c7628e7a40fb3ec192f63c916ea61831.apk!AndroidManifest.xml"", ""detail"": ""Custom permissions use uncommon protection levels: com.facebook.orca.DYNAMIC_RECEIVER_NOT_EXPORTED_PERMISSION, com.facebook.orca.permission.CREATE_SHORTCUT, com.facebook.orca.permission.CROSS_PROCESS_BROADCAST_MANAGER, com.facebook.orca.permission.RECEI..."", ""entries"": [{""description"": ""permission@protectionLevel"", ""location"": ""/home/secadmin/Laughlin/GitHub/ScytaleDroid/data/store/apk/sha256/a5/a57b950e56ad06b586f476399af5dc47c7628e7a40fb3ec192f63c916ea61831.apk!AndroidManifest.xml""}]}",Verify the custom protection levels only grant access to trusted callers.,,,PLATFORM,manifest_baseline,,,e2f58db644f1db4497a70b4b85854aeaf1a99b32c24f497f9e10543b58e21abd,2026-07-04 02:08:32,PLATFORM,
199123,5730,manifest_task_affinity_custom,INFO,Low,P2,PLATFORM,Custom task affinities present,[],"{""path"": ""/home/secadmin/Laughlin/GitHub/ScytaleDroid/data/store/apk/sha256/a5/a57b950e56ad06b586f476399af5dc47c7628e7a40fb3ec192f63c916ea61831.apk!AndroidManifest.xml"", ""detail"": ""Components override the default task affinity: com.facebook.messenger.intents.IntentHandlerActivity→com.facebook.orca.intenthandler, com.facebook.messenger.intents.SecureIntentHandlerActivity→com.facebook.orca.intenthandler, com.facebook.messenger.inten..."", ""entries"": [{""description"": ""component@taskAffinity"", ""location"": ""/home/secadmin/Laughlin/GitHub/ScytaleDroid/data/store/apk/sha256/a5/a57b950e56ad06b586f476399af5dc47c7628e7a40fb3ec192f63c916ea61831.apk!AndroidManifest.xml""}]}",Ensure custom task affinities are required and do not leak activities into other apps.,,,PLATFORM,manifest_baseline,,,d367757544e8db41d2babe207d2fc3a952dc23cccee9c75438dfaf0d1d406d3e,2026-07-04 02:08:32,PLATFORM,
199124,5730,manifest_custom_process,INFO,Low,P2,PLATFORM,Components run in custom processes,[],"{""path"": ""/home/secadmin/Laughlin/GitHub/ScytaleDroid/data/store/apk/sha256/a5/a57b950e56ad06b586f476399af5dc47c7628e7a40fb3ec192f63c916ea61831.apk!AndroidManifest.xml"", ""detail"": ""Manifest assigns custom android:process values. Review isolation expectations for: com.facebook.cameracore.mediapipeline.asyncscripting.AsyncScriptingService→:AsyncScriptingProcess, com.facebook.push.fbns.dgw.KotlinInappFbnsService→:fbns, com.facebook.a..."", ""entries"": [{""description"": ""component@process"", ""location"": ""/home/secadmin/Laughlin/GitHub/ScytaleDroid/data/store/apk/sha256/a5/a57b950e56ad06b586f476399af5dc47c7628e7a40fb3ec192f63c916ea61831.apk!AndroidManifest.xml""}]}",Document why components require custom processes and ensure permissions isolate IPC boundaries.,,,PLATFORM,manifest_baseline,,,e19b7ae714ef3b11801a506d2c5f19cc38ed04a0cb01e929cdae6ddb6e3c2942,2026-07-04 02:08:32,PLATFORM,
199125,5730,ipc_activity-alias_open_com.facebook.orca.LauncherAliasVaporwave,WARN,Medium,P1,PLATFORM,Exported activity alias without permission,[],"{""detail"": ""Activity Alias com.facebook.orca.LauncherAliasVaporwave is exported but does not declare android:permission.""}",Restrict the component with signature-level permissions or mark it non-exported unless explicitly required.,BASE-IPC-COMP-NO-ACL,8.0,PLATFORM,ipc_components,,,ede55a8ff3401234206f411c9d86bd6635a242cdcd299ec8079ade9a3a8bac25,2026-07-04 02:08:32,PLATFORM,PLATFORM-IPC-1
199126,5730,ipc_activity-alias_open_com.facebook.orca.LauncherAliasFab,WARN,Medium,P1,PLATFORM,Exported activity alias without permission,[],"{""detail"": ""Activity Alias com.facebook.orca.LauncherAliasFab is exported but does not declare android:permission.""}",Restrict the component with signature-level permissions or mark it non-exported unless explicitly required.,BASE-IPC-COMP-NO-ACL,8.0,PLATFORM,ipc_components,,,7a58a1cdd71b2c77223697f7dc8e7a902925e14c74354cdaf4eeb3dde7a24eb2,2026-07-04 02:08:32,PLATFORM,PLATFORM-IPC-1
199127,5730,ipc_activity-alias_open_com.facebook.orca.LauncherAliasClassicBlue,WARN,Medium,P1,PLATFORM,Exported activity alias without permission,[],"{""detail"": ""Activity Alias com.facebook.orca.LauncherAliasClassicBlue is exported but does not declare android:permission.""}",Restrict the component with signature-level permissions or mark it non-exported unless explicitly required.,BASE-IPC-COMP-NO-ACL,8.0,PLATFORM,ipc_components,,,3df3b60a4a61e39d54a1c7dbf5004e35a05745bec73d6d19f1822e3af896d059,2026-07-04 02:08:32,PLATFORM,PLATFORM-IPC-1
199128,5730,ipc_activity-alias_open_com.facebook.orca.LauncherAliasChill,WARN,Medium,P1,PLATFORM,Exported activity alias without permission,[],"{""detail"": ""Activity Alias com.facebook.orca.LauncherAliasChill is exported but does not declare android:permission.""}",Restrict the component with signature-level permissions or mark it non-exported unless explicitly required.,BASE-IPC-COMP-NO-ACL,8.0,PLATFORM,ipc_components,,,6317390248ecd998497b28d1673ca852b025221e19400b326dafd96b49423eb2,2026-07-04 02:08:32,PLATFORM,PLATFORM-IPC-1
199129,5730,ipc_activity-alias_open_com.facebook.orca.LauncherAliasLovely,WARN,Medium,P1,PLATFORM,Exported activity alias without permission,[],"{""detail"": ""Activity Alias com.facebook.orca.LauncherAliasLovely is exported but does not declare android:permission.""}",Restrict the component with signature-level permissions or mark it non-exported unless explicitly required.,BASE-IPC-COMP-NO-ACL,8.0,PLATFORM,ipc_components,,,7247ef7b466e61bafc1fbb7c3cd85b2c353695771bf31b00235264ccf6e6606a,2026-07-04 02:08:32,PLATFORM,PLATFORM-IPC-1
199130,5730,ipc_activity-alias_open_com.facebook.orca.LauncherAliasFierce,WARN,Medium,P1,PLATFORM,Exported activity alias without permission,[],"{""detail"": ""Activity Alias com.facebook.orca.LauncherAliasFierce is exported but does not declare android:permission.""}",Restrict the component with signature-level permissions or mark it non-exported unless explicitly required.,BASE-IPC-COMP-NO-ACL,8.0,PLATFORM,ipc_components,,,2b44a2f51c6fa4554ad954f922651ee48c530710ca4b2acc05bfe90077069469,2026-07-04 02:08:32,PLATFORM,PLATFORM-IPC-1
199131,5730,ipc_activity-alias_open_com.facebook.orca.LauncherAliasDreamy,WARN,Medium,P1,PLATFORM,Exported activity alias without permission,[],"{""detail"": ""Activity Alias com.facebook.orca.LauncherAliasDreamy is exported but does not declare android:permission.""}",Restrict the component with signature-level permissions or mark it non-exported unless explicitly required.,BASE-IPC-COMP-NO-ACL,8.0,PLATFORM,ipc_components,,,98ad6ae53eae19467acceca5853b50ce2d406373486f35734eaec2948d277e13,2026-07-04 02:08:32,PLATFORM,PLATFORM-IPC-1
199132,5730,ipc_activity-alias_open_com.facebook.orca.auth.StartScreenActivity,WARN,Medium,P1,PLATFORM,Exported activity alias without permission,[],"{""detail"": ""Activity Alias com.facebook.orca.auth.StartScreenActivity is exported but does not declare android:permission.""}",Restrict the component with signature-level permissions or mark it non-exported unless explicitly required.,BASE-IPC-COMP-NO-ACL,8.0,PLATFORM,ipc_components,,,315d63eb32a5bb668d4d4990ef749f44dfb58118ab03378d3cd16b685f48a9c1,2026-07-04 02:08:32,PLATFORM,PLATFORM-IPC-1
199133,5730,ipc_service_weak_permission_com.facebook.messaging.appwidget.quickwidgetsettings.metaaicamera.MetaAiCameraTileService,WARN,Medium,P1,PLATFORM,Weak permission guard on exported service,[],"{""detail"": ""Service com.facebook.messaging.appwidget.quickwidgetsettings.metaaicamera.MetaAiCameraTileService uses android.permission.BIND_QUICK_SETTINGS_TILE (protectionLevel=unspecified), which is insufficient for exported components.""}",Protect the component with a signature-level permission or mark it non-exported.,,,PLATFORM,ipc_components,,,76c3b00d2502526bc1d11eb4502591d42672a9873fd1268a26c1ae6e8065dd90,2026-07-04 02:08:32,PLATFORM,
199134,5730,ipc_service_weak_permission_com.facebook.messaging.appwidget.quickwidgetsettings.metaaivoice.MetaAiVoiceTileService,WARN,Medium,P1,PLATFORM,Weak permission guard on exported service,[],"{""detail"": ""Service com.facebook.messaging.appwidget.quickwidgetsettings.metaaivoice.MetaAiVoiceTileService uses android.permission.BIND_QUICK_SETTINGS_TILE (protectionLevel=unspecified), which is insufficient for exported components.""}",Protect the component with a signature-level permission or mark it non-exported.,,,PLATFORM,ipc_components,,,7f6145780ebafbecf7d37c2ec0a0848fa2c22f8e9166ce623e2b56e9d0bd2eeb,2026-07-04 02:08:32,PLATFORM,
199135,5730,ipc_service_weak_permission_com.facebook.messaging.appwidget.quickwidgetsettings.metaaimessage.MetaAiMessageTileService,WARN,Medium,P1,PLATFORM,Weak permission guard on exported service,[],"{""detail"": ""Service com.facebook.messaging.appwidget.quickwidgetsettings.metaaimessage.MetaAiMessageTileService uses android.permission.BIND_QUICK_SETTINGS_TILE (protectionLevel=unspecified), which is insufficient for exported components.""}",Protect the component with a signature-level permission or mark it non-exported.,,,PLATFORM,ipc_components,,,44e3d11067b270463f4f851d4b8bc6569d5aa254709a16ef589b56c7bcddcef8,2026-07-04 02:08:32,PLATFORM,
199136,5730,ipc_service_weak_permission_com.facebook.messaging.quicksnap.appwidget.QuicksnapTileService,WARN,Medium,P1,PLATFORM,Weak permission guard on exported service,[],"{""detail"": ""Service com.facebook.messaging.quicksnap.appwidget.QuicksnapTileService uses android.permission.BIND_QUICK_SETTINGS_TILE (protectionLevel=unspecified), which is insufficient for exported components.""}",Protect the component with a signature-level permission or mark it non-exported.,,,PLATFORM,ipc_components,,,a8f70f1b68ec3540d2b618b5283ab05390d7b58e1054fbc10b88f09cf0448a9d,2026-07-04 02:08:32,PLATFORM,
199137,5730,ipc_activity_open_com.facebook.messaging.messengerprefs.OrcaNotificationPreferenceActivity,WARN,Medium,P1,PLATFORM,Exported activity without permission,[],"{""detail"": ""Activity com.facebook.messaging.messengerprefs.OrcaNotificationPreferenceActivity is exported but does not declare android:permission.""}",Restrict the component with signature-level permissions or mark it non-exported unless explicitly required.,BASE-IPC-COMP-NO-ACL,8.0,PLATFORM,ipc_components,,,0721c094fd8ce2949fea1d7fe65ce7ce0263bb6e526011e0ed8cac5c988477fa,2026-07-04 02:08:32,PLATFORM,PLATFORM-IPC-1
199138,5730,ipc_activity_open_com.facebook.messenger.intents.IntentHandlerActivity,WARN,Medium,P1,PLATFORM,Exported activity without permission,[],"{""detail"": ""Activity com.facebook.messenger.intents.IntentHandlerActivity is exported but does not declare android:permission.""}",Restrict the component with signature-level permissions or mark it non-exported unless explicitly required.,BASE-IPC-COMP-NO-ACL,8.0,PLATFORM,ipc_components,,,286295d3fc38461f40c65010436efbb48e1fbf13cfcf11ac45a2885e15c37eab,2026-07-04 02:08:32,PLATFORM,PLATFORM-IPC-1
199139,5730,ipc_activity-alias_open_com.meta.foa.deeplink.FoaDeeplinkActivityAliasUniversalLink,WARN,Medium,P1,PLATFORM,Exported activity alias without permission,[],"{""detail"": ""Activity Alias com.meta.foa.deeplink.FoaDeeplinkActivityAliasUniversalLink is exported but does not declare android:permission.""}",Restrict the component with signature-level permissions or mark it non-exported unless explicitly required.,BASE-IPC-COMP-NO-ACL,8.0,PLATFORM,ipc_components,,,b8a90b8cc85dc55f8d57fe3d5bed3cb1b31a4fb35f4fff31d7fed5272a4e4c84,2026-07-04 02:08:32,PLATFORM,PLATFORM-IPC-1
199140,5730,ipc_activity-alias_open_com.meta.foa.deeplink.FoaDeeplinkActivityAliasAppScheme,WARN,Medium,P1,PLATFORM,Exported activity alias without permission,[],"{""detail"": ""Activity Alias com.meta.foa.deeplink.FoaDeeplinkActivityAliasAppScheme is exported but does not declare android:permission.""}",Restrict the component with signature-level permissions or mark it non-exported unless explicitly required.,BASE-IPC-COMP-NO-ACL,8.0,PLATFORM,ipc_components,,,17dcdc967045382ec1f7ca25712e0702d91f7bc82728bbd9c4e448559d33172a,2026-07-04 02:08:32,PLATFORM,PLATFORM-IPC-1
199141,5730,ipc_activity_weak_permission_com.facebook.messenger.intents.SecureIntentHandlerActivity,WARN,Medium,P1,PLATFORM,Weak permission guard on exported activity,[],"{""detail"": ""Activity com.facebook.messenger.intents.SecureIntentHandlerActivity uses com.facebook.permission.prod.FB_APP_COMMUNICATION (protectionLevel=0x00000002), which is insufficient for exported components.""}",Protect the component with a signature-level permission or mark it non-exported.,,,PLATFORM,ipc_components,,,d5894998aa75e79ab71917b40f25e5ed11a178eebe5c312292e9506a392e3f0d,2026-07-04 02:08:32,PLATFORM,
199142,5730,ipc_activity_weak_permission_com.facebook.messenger.intents.SecureSameTaskIntentHandlerActivity,WARN,Medium,P1,PLATFORM,Weak permission guard on exported activity,[],"{""detail"": ""Activity com.facebook.messenger.intents.SecureSameTaskIntentHandlerActivity uses com.facebook.permission.prod.FB_APP_COMMUNICATION (protectionLevel=0x00000002), which is insufficient for exported components.""}",Protect the component with a signature-level permission or mark it non-exported.,,,PLATFORM,ipc_components,,,76db1eecdd9b5b8e7749483351bf783402b424373d85a592f1cb074e18cdee1d,2026-07-04 02:08:32,PLATFORM,
199143,5730,ipc_activity_open_com.facebook.messenger.intents.SameTaskIntentHandlerActivity,WARN,Medium,P1,PLATFORM,Exported activity without permission,[],"{""detail"": ""Activity com.facebook.messenger.intents.SameTaskIntentHandlerActivity is exported but does not declare android:permission.""}",Restrict the component with signature-level permissions or mark it non-exported unless explicitly required.,BASE-IPC-COMP-NO-ACL,8.0,PLATFORM,ipc_components,,,61093dec7893762e6b74af24c5e6c34ab7921827632ddedc68e53127965a61fe,2026-07-04 02:08:32,PLATFORM,PLATFORM-IPC-1
199144,5730,ipc_activity_open_com.facebook.messenger.intents.FamilyIntentHandlerActivity,WARN,Medium,P1,PLATFORM,Exported activity without permission,[],"{""detail"": ""Activity com.facebook.messenger.intents.FamilyIntentHandlerActivity is exported but does not declare android:permission.""}",Restrict the component with signature-level permissions or mark it non-exported unless explicitly required.,BASE-IPC-COMP-NO-ACL,8.0,PLATFORM,ipc_components,,,e5d7d952df70a58959ccd1b536bca36b656f347c0e760ee85866898ba920af8b,2026-07-04 02:08:32,PLATFORM,PLATFORM-IPC-1
199145,5730,ipc_activity_open_com.facebook.messenger.intents.ShareIntentHandler,WARN,Medium,P1,PLATFORM,Exported activity without permission,[],"{""detail"": ""Activity com.facebook.messenger.intents.ShareIntentHandler is exported but does not declare android:permission.""}",Restrict the component with signature-level permissions or mark it non-exported unless explicitly required.,BASE-IPC-COMP-NO-ACL,8.0,PLATFORM,ipc_components,,,43247b46e9962ca05be02f1a372feb414a4091908dd8aab71a2a121241f51621,2026-07-04 02:08:32,PLATFORM,PLATFORM-IPC-1
199146,5730,ipc_provider_world_com.facebook.messaging.platform.MessengerPlatformProvider,FAIL,High,P0,PLATFORM,Exported provider without permission — com.facebook.messaging.platform.MessengerPlatformProvider,[],"{""detail"": ""Content provider is exported without read/write permissions, allowing external processes to query data.""}",Declare readPermission and writePermission or mark the provider as private (exported=false).,,,PLATFORM,ipc_components,,,9bb8ae3667321fbe39616893b95b97154d6d6f2cdd2b48d542d1149201abc5a7,2026-07-04 02:08:32,PLATFORM,
199147,5730,ipc_provider_permission_weak_com.facebook.messenger.app.MessengerLoggedInUserProvider,FAIL,High,P0,PLATFORM,Weak guard on exported provider — com.facebook.messenger.app.MessengerLoggedInUserProvider,[],"{""detail"": ""Provider com.facebook.messenger.app.MessengerLoggedInUserProvider is exported but guarded by com.facebook.orca.provider.ACCESS with protectionLevel=0x00000002, allowing broad callers.""}",Switch the provider permission to signature or signatureOrSystem or make the component private.,,,PLATFORM,ipc_components,,,0302eb968fd19e43d36ad01a53b63c5a17b9adf25f4d6c09789e20f1d8c89d9c,2026-07-04 02:08:32,PLATFORM,
199148,5730,ipc_provider_world_com.facebook.messaging.provider.FamilyAppsUserValuesProvider,FAIL,High,P0,PLATFORM,Exported provider without permission — com.facebook.messaging.provider.FamilyAppsUserValuesProvider,[],"{""detail"": ""Content provider is exported without read/write permissions, allowing external processes to query data.""}",Declare readPermission and writePermission or mark the provider as private (exported=false).,,,PLATFORM,ipc_components,,,9bb8ae3667321fbe39616893b95b97154d6d6f2cdd2b48d542d1149201abc5a7,2026-07-04 02:08:32,PLATFORM,
199149,5730,ipc_provider_permission_weak_com.facebook.messaging.push.dedup.provider.ClientMessagePushDedupInfoProvider,FAIL,High,P0,PLATFORM,Weak guard on exported provider — com.facebook.messaging.push.dedup.provider.ClientMessagePushDedupInfoProvider,[],"{""detail"": ""Provider com.facebook.messaging.push.dedup.provider.ClientMessagePushDedupInfoProvider is exported but guarded by com.facebook.permission.prod.FB_APP_COMMUNICATION with protectionLevel=0x00000002, allowing broad callers.""}",Switch the provider permission to signature or signatureOrSystem or make the component private.,,,PLATFORM,ipc_components,,,8ec7aa3f0f687bb4419c9f53a443e0cfdd5f0c21189a9fcbbc6283a858e3d6c0,2026-07-04 02:08:32,PLATFORM,
199150,5730,ipc_provider_world_com.facebook.messaging.liteprovider.FamilyAppsUserValuesLiteProvider,FAIL,High,P0,PLATFORM,Exported provider without permission — com.facebook.messaging.liteprovider.FamilyAppsUserValuesLiteProvider,[],"{""detail"": ""Content provider is exported without read/write permissions, allowing external processes to query data.""}",Declare readPermission and writePermission or mark the provider as private (exported=false).,,,PLATFORM,ipc_components,,,9bb8ae3667321fbe39616893b95b97154d6d6f2cdd2b48d542d1149201abc5a7,2026-07-04 02:08:32,PLATFORM,
199151,5730,ipc_provider_world_com.facebook.messaging.partneranalytics.marketinsights.LastUsedTimestampProvider,FAIL,High,P0,PLATFORM,Exported provider without permission — com.facebook.messaging.partneranalytics.marketinsights.LastUsedTimestampProvider,[],"{""detail"": ""Content provider is exported without read/write permissions, allowing external processes to query data.""}",Declare readPermission and writePermission or mark the provider as private (exported=false).,,,PLATFORM,ipc_components,,,9bb8ae3667321fbe39616893b95b97154d6d6f2cdd2b48d542d1149201abc5a7,2026-07-04 02:08:32,PLATFORM,
199152,5730,ipc_receiver_weak_permission_com.facebook.messaging.bubbles.shortcuts.BubblesShortcutsThreadsRemovedBroadcastReceiver,WARN,Medium,P1,PLATFORM,Weak permission guard on exported receiver,[],"{""detail"": ""Receiver com.facebook.messaging.bubbles.shortcuts.BubblesShortcutsThreadsRemovedBroadcastReceiver uses com.facebook.permission.prod.FB_APP_COMMUNICATION (protectionLevel=0x00000002), which is insufficient for exported components.""}",Protect the component with a signature-level permission or mark it non-exported.,,,PLATFORM,ipc_components,,,41b5bb0488add6e34774bb6f4b28ac01342dd8ee5e602b2b77ee91574b5e9b8a,2026-07-04 02:08:32,PLATFORM,
199153,5730,ipc_receiver_weak_permission_com.facebook.messaging.chatheads.service.ChatHeadsServiceBroadcastReceiver,WARN,Medium,P1,PLATFORM,Weak permission guard on exported receiver,[],"{""detail"": ""Receiver com.facebook.messaging.chatheads.service.ChatHeadsServiceBroadcastReceiver uses com.facebook.permission.prod.FB_APP_COMMUNICATION (protectionLevel=0x00000002), which is insufficient for exported components.""}",Protect the component with a signature-level permission or mark it non-exported.,,,PLATFORM,ipc_components,,,340bbaafbe9ab10b201a952fa6194e7e7d0221846fe779f18660cd893e67fea3,2026-07-04 02:08:32,PLATFORM,
199154,5730,ipc_receiver_open_com.facebook.messaging.livelocation.bindings.MessengerLiveLocationBooter,WARN,Medium,P1,PLATFORM,Exported receiver without permission,[],"{""detail"": ""Receiver com.facebook.messaging.livelocation.bindings.MessengerLiveLocationBooter is exported but does not declare android:permission.""}",Restrict the component with signature-level permissions or mark it non-exported unless explicitly required.,BASE-IPC-COMP-NO-ACL,8.0,PLATFORM,ipc_components,,,f60390e3bda360a5193d96341786cd25a6f5ad22189616fb1c6a11897a3c4cbc,2026-07-04 02:08:32,PLATFORM,PLATFORM-IPC-1
199155,5730,ipc_receiver_weak_permission_com.facebook.messaging.notify.client.MessagesNotificationBroadcastReceiver,WARN,Medium,P1,PLATFORM,Weak permission guard on exported receiver,[],"{""detail"": ""Receiver com.facebook.messaging.notify.client.MessagesNotificationBroadcastReceiver uses com.facebook.permission.prod.FB_APP_COMMUNICATION (protectionLevel=0x00000002), which is insufficient for exported components.""}",Protect the component with a signature-level permission or mark it non-exported.,,,PLATFORM,ipc_components,,,4eb56278214ea740d11856a54a16ae76e0b548f5953955748447ff93010cbd18,2026-07-04 02:08:32,PLATFORM,
199156,5730,ipc_provider_world_com.facebook.platform.common.provider.PlatformProviderBase,FAIL,High,P0,PLATFORM,Exported provider without permission — com.facebook.platform.common.provider.PlatformProviderBase,[],"{""detail"": ""Content provider is exported without read/write permissions, allowing external processes to query data.""}",Declare readPermission and writePermission or mark the provider as private (exported=false).,,,PLATFORM,ipc_components,,,9bb8ae3667321fbe39616893b95b97154d6d6f2cdd2b48d542d1149201abc5a7,2026-07-04 02:08:32,PLATFORM,
199157,5730,ipc_receiver_open_com.facebook.watson.WatsonBroadcastReceiver,WARN,Medium,P1,PLATFORM,Exported receiver without permission,[],"{""detail"": ""Receiver com.facebook.watson.WatsonBroadcastReceiver is exported but does not declare android:permission.""}",Restrict the component with signature-level permissions or mark it non-exported unless explicitly required.,BASE-IPC-COMP-NO-ACL,8.0,PLATFORM,ipc_components,,,702303fbea47ee6024d483af3d94fd93253cd637d1a43aa9d8c63bc482005d7f,2026-07-04 02:08:32,PLATFORM,PLATFORM-IPC-1
199158,5730,ipc_receiver_open_com.facebook.messenger.app.background.MessengerBackgroundWakeupReceiver,WARN,Medium,P1,PLATFORM,Exported receiver without permission,[],"{""detail"": ""Receiver com.facebook.messenger.app.background.MessengerBackgroundWakeupReceiver is exported but does not declare android:permission.""}",Restrict the component with signature-level permissions or mark it non-exported unless explicitly required.,BASE-IPC-COMP-NO-ACL,8.0,PLATFORM,ipc_components,,,e1b016914f748a58bf8179450ad152748ab7a1d2782f0b5d2c14ab6961c99513,2026-07-04 02:08:32,PLATFORM,PLATFORM-IPC-1
199159,5730,ipc_service_weak_permission_com.facebook.push.fcm.GetFcmTokenRegistrarGCMService,WARN,Medium,P1,PLATFORM,Weak permission guard on exported service,[],"{""detail"": ""Service com.facebook.push.fcm.GetFcmTokenRegistrarGCMService uses com.google.android.gms.permission.BIND_NETWORK_TASK_SERVICE (protectionLevel=unspecified), which is insufficient for exported components.""}",Protect the component with a signature-level permission or mark it non-exported.,,,PLATFORM,ipc_components,,,52aba362a14bcf9536d5b7ed50aa89434e35fd2f3bc217178ccd8105e6168c7f,2026-07-04 02:08:32,PLATFORM,
199160,5730,ipc_activity_open_com.facebook.messenger.intents.MediaEditShareIntentHandler,WARN,Medium,P1,PLATFORM,Exported activity without permission,[],"{""detail"": ""Activity com.facebook.messenger.intents.MediaEditShareIntentHandler is exported but does not declare android:permission.""}",Restrict the component with signature-level permissions or mark it non-exported unless explicitly required.,BASE-IPC-COMP-NO-ACL,8.0,PLATFORM,ipc_components,,,9c362e5c4e2e60fe81226ae9744895dcaeee7603e18e0536009218c9eb8f13d8,2026-07-04 02:08:32,PLATFORM,PLATFORM-IPC-1
199161,5730,ipc_provider_world_com.facebook.messaging.sharekey.contentprovider.SecureMessagingKeyContentProvider,FAIL,High,P0,PLATFORM,Exported provider without permission — com.facebook.messaging.sharekey.contentprovider.SecureMessagingKeyContentProvider,[],"{""detail"": ""Content provider is exported without read/write permissions, allowing external processes to query data.""}",Declare readPermission and writePermission or mark the provider as private (exported=false).,,,PLATFORM,ipc_components,,,9bb8ae3667321fbe39616893b95b97154d6d6f2cdd2b48d542d1149201abc5a7,2026-07-04 02:08:32,PLATFORM,
199162,5730,ipc_service_open_com.facebook.messaging.stella.calling.StellaCallingService,WARN,Medium,P1,PLATFORM,Exported service without permission,[],"{""detail"": ""Service com.facebook.messaging.stella.calling.StellaCallingService is exported but does not declare android:permission.""}",Restrict the component with signature-level permissions or mark it non-exported unless explicitly required.,BASE-IPC-COMP-NO-ACL,8.0,PLATFORM,ipc_components,,,c6b6787f2cd24744edc91ea70d93c1c0f4b27e5f70447a0b8cb21f9caf029a34,2026-07-04 02:08:32,PLATFORM,PLATFORM-IPC-1
199163,5730,ipc_activity_open_com.facebook.messaging.stella.intents.optinflow.OptInFlowActivity,WARN,Medium,P1,PLATFORM,Exported activity without permission,[],"{""detail"": ""Activity com.facebook.messaging.stella.intents.optinflow.OptInFlowActivity is exported but does not declare android:permission.""}",Restrict the component with signature-level permissions or mark it non-exported unless explicitly required.,BASE-IPC-COMP-NO-ACL,8.0,PLATFORM,ipc_components,,,fb8df8fa98e54fbec8e40b2e3f7aecdef3680be64a0183ee32e3cb7f1ebbd889,2026-07-04 02:08:32,PLATFORM,PLATFORM-IPC-1
199164,5730,ipc_service_open_com.facebook.messaging.stella.contacts.StellaContactsService,WARN,Medium,P1,PLATFORM,Exported service without permission,[],"{""detail"": ""Service com.facebook.messaging.stella.contacts.StellaContactsService is exported but does not declare android:permission.""}",Restrict the component with signature-level permissions or mark it non-exported unless explicitly required.,BASE-IPC-COMP-NO-ACL,8.0,PLATFORM,ipc_components,,,00530f8b7600524ab5d9e0d54b4e8c6de579cbbf328eaee327cd59bccd641ccf,2026-07-04 02:08:32,PLATFORM,PLATFORM-IPC-1
199165,5730,ipc_activity_open_com.facebook.messaging.stella.e2e.MessengerIpcTestActivity,WARN,Medium,P1,PLATFORM,Exported activity without permission,[],"{""detail"": ""Activity com.facebook.messaging.stella.e2e.MessengerIpcTestActivity is exported but does not declare android:permission.""}",Restrict the component with signature-level permissions or mark it non-exported unless explicitly required.,BASE-IPC-COMP-NO-ACL,8.0,PLATFORM,ipc_components,,,e1209435f651257d2dc335b5b473ec78b831fe1ac7b397934518a9990f3673a0,2026-07-04 02:08:32,PLATFORM,PLATFORM-IPC-1
199166,5730,ipc_service_open_com.facebook.messaging.stella.messaging.StellaMessagingService,WARN,Medium,P1,PLATFORM,Exported service without permission,[],"{""detail"": ""Service com.facebook.messaging.stella.messaging.StellaMessagingService is exported but does not declare android:permission.""}",Restrict the component with signature-level permissions or mark it non-exported unless explicitly required.,BASE-IPC-COMP-NO-ACL,8.0,PLATFORM,ipc_components,,,48304dbd204487e8813d9dff7a070a949bd49634bc64158a1a4c78847f434bf0,2026-07-04 02:08:32,PLATFORM,PLATFORM-IPC-1
199167,5730,ipc_receiver_weak_permission_com.facebook.messaging.nativepagereply.shortcuts.creation.BusinessInboxShortcutCreator$ShortcutM...,WARN,Medium,P1,PLATFORM,Weak permission guard on exported receiver,[],"{""detail"": ""Receiver com.facebook.messaging.nativepagereply.shortcuts.creation.BusinessInboxShortcutCreator$ShortcutMadeIntentReceiver uses com.facebook.orca.permission.CREATE_SHORTCUT (protectionLevel=0x00000002), which is insufficient for exported components.""}",Protect the component with a signature-level permission or mark it non-exported.,,,PLATFORM,ipc_components,,,47eacc6a97f4b0cef18bb08148e9a1dc5e494b253d729e5d57a91d732d59b281,2026-07-04 02:08:32,PLATFORM,
199168,5730,ipc_service_open_com.meta.wearable.acdc.sdk.service.ACDCRegistrationService,WARN,Medium,P1,PLATFORM,Exported service without permission,[],"{""detail"": ""Service com.meta.wearable.acdc.sdk.service.ACDCRegistrationService is exported but does not declare android:permission.""}",Restrict the component with signature-level permissions or mark it non-exported unless explicitly required.,BASE-IPC-COMP-NO-ACL,8.0,PLATFORM,ipc_components,,,f9b3ffdc8438ed12a76f07db7d6e5641c64242909755836205b2eca0c98442b4,2026-07-04 02:08:32,PLATFORM,PLATFORM-IPC-1
199169,5730,ipc_receiver_open_com.facebook.googleplay.GooglePlayInstallReferrerReceiver,WARN,Medium,P1,PLATFORM,Exported receiver without permission,[],"{""detail"": ""Receiver com.facebook.googleplay.GooglePlayInstallReferrerReceiver is exported but does not declare android:permission.""}",Restrict the component with signature-level permissions or mark it non-exported unless explicitly required.,BASE-IPC-COMP-NO-ACL,8.0,PLATFORM,ipc_components,,,b524608a5bb4646994ae417850797585c86ba59a5c1d73c17057ddf08c8461fb,2026-07-04 02:08:32,PLATFORM,PLATFORM-IPC-1
199170,5730,ipc_service_permission_com.facebook.messaging.directshare.DirectShareChooserTargetService,INFO,Low,P2,PLATFORM,Exported service gated by android.permission.BIND_CHOOSER_TARGET_SERVICE,[],"{""detail"": ""Exported service relies on android.permission.BIND_CHOOSER_TARGET_SERVICE (protectionLevel=signature).""}",Document the permission contract and monitor for unexpected callers.,BASE-IPC-EXPORTED-WITH-PERM,2.5,PLATFORM,ipc_components,,,0af190b7447fa2820edab5cc6b0eb777639827f2aa3d63080f8ba09da26beec8,2026-07-04 02:08:32,PLATFORM,PLATFORM-IPC-1
199171,5730,ipc_service_permission_androidx.sharetarget.ChooserTargetServiceCompat,INFO,Low,P2,PLATFORM,Exported service gated by android.permission.BIND_CHOOSER_TARGET_SERVICE,[],"{""detail"": ""Exported service relies on android.permission.BIND_CHOOSER_TARGET_SERVICE (protectionLevel=signature).""}",Document the permission contract and monitor for unexpected callers.,BASE-IPC-EXPORTED-WITH-PERM,2.5,PLATFORM,ipc_components,,,0af190b7447fa2820edab5cc6b0eb777639827f2aa3d63080f8ba09da26beec8,2026-07-04 02:08:32,PLATFORM,PLATFORM-IPC-1
199172,5730,ipc_activity_open_com.facebook.debug.mce2edebug.MobileConfigE2EDebugActivity,WARN,Medium,P1,PLATFORM,Exported activity without permission,[],"{""detail"": ""Activity com.facebook.debug.mce2edebug.MobileConfigE2EDebugActivity is exported but does not declare android:permission.""}",Restrict the component with signature-level permissions or mark it non-exported unless explicitly required.,BASE-IPC-COMP-NO-ACL,8.0,PLATFORM,ipc_components,,,fb117b1b021ae8f3dbe3a178a8abcefd4bde7c3abfdee67021775af006632d2a,2026-07-04 02:08:32,PLATFORM,PLATFORM-IPC-1
199173,5730,ipc_service_permission_com.facebook.conditionalworker.LollipopConditionalWorkerService,INFO,Low,P2,PLATFORM,Exported service gated by android.permission.BIND_JOB_SERVICE,[],"{""detail"": ""Exported service relies on android.permission.BIND_JOB_SERVICE (protectionLevel=signature).""}",Document the permission contract and monitor for unexpected callers.,BASE-IPC-EXPORTED-WITH-PERM,2.5,PLATFORM,ipc_components,,,010feff1d370cdde2b30a44baa245760ecc86f7b41a538afeb48267dd5a387b4,2026-07-04 02:08:32,PLATFORM,PLATFORM-IPC-1
199174,5730,ipc_service_weak_permission_com.facebook.conditionalworker.GooglePlayConditionalWorkerService,WARN,Medium,P1,PLATFORM,Weak permission guard on exported service,[],"{""detail"": ""Service com.facebook.conditionalworker.GooglePlayConditionalWorkerService uses com.google.android.gms.permission.BIND_NETWORK_TASK_SERVICE (protectionLevel=unspecified), which is insufficient for exported components.""}",Protect the component with a signature-level permission or mark it non-exported.,,,PLATFORM,ipc_components,,,b994a97d29efabe47d8c16fbd016102f0a7c3effc388f09d6ece1ff1dd012896,2026-07-04 02:08:32,PLATFORM,
199175,5730,ipc_service_open_com.facebook.push.fbnslite.PushSdkFbnsReceiverService,WARN,Medium,P1,PLATFORM,Exported service without permission,[],"{""detail"": ""Service com.facebook.push.fbnslite.PushSdkFbnsReceiverService is exported but does not declare android:permission.""}",Restrict the component with signature-level permissions or mark it non-exported unless explicitly required.,BASE-IPC-COMP-NO-ACL,8.0,PLATFORM,ipc_components,,,9944e9a74a6b894dd0c1d18b319a2ad2b9eeb94ba479d78a7c3bef575a891d26,2026-07-04 02:08:32,PLATFORM,PLATFORM-IPC-1
199176,5730,ipc_service_open_com.facebook.rti.push.service.FbnsService,WARN,Medium,P1,PLATFORM,Exported service without permission,[],"{""detail"": ""Service com.facebook.rti.push.service.FbnsService is exported but does not declare android:permission.""}",Restrict the component with signature-level permissions or mark it non-exported unless explicitly required.,BASE-IPC-COMP-NO-ACL,8.0,PLATFORM,ipc_components,,,43a04e6383c352dc5166a7e4c9b0205eaf158f60ef01a81da3e6ca16a65303b9,2026-07-04 02:08:32,PLATFORM,PLATFORM-IPC-1
199177,5730,ipc_receiver_open_com.facebook.rti.orca.FbnsLiteBroadcastReceiver,WARN,Medium,P1,PLATFORM,Exported receiver without permission,[],"{""detail"": ""Receiver com.facebook.rti.orca.FbnsLiteBroadcastReceiver is exported but does not declare android:permission.""}",Restrict the component with signature-level permissions or mark it non-exported unless explicitly required.,BASE-IPC-COMP-NO-ACL,8.0,PLATFORM,ipc_components,,,202da84393e2179b548c8369290ecae0489defcf5ba76108a084163e3be83319,2026-07-04 02:08:32,PLATFORM,PLATFORM-IPC-1
199178,5730,ipc_receiver_weak_permission_com.facebook.quicksilver.util.QuicksilverShortcutCreationUtil$ShortcutMadeIntentReceiver,WARN,Medium,P1,PLATFORM,Weak permission guard on exported receiver,[],"{""detail"": ""Receiver com.facebook.quicksilver.util.QuicksilverShortcutCreationUtil$ShortcutMadeIntentReceiver uses com.facebook.orca.permission.CREATE_SHORTCUT (protectionLevel=0x00000002), which is insufficient for exported components.""}",Protect the component with a signature-level permission or mark it non-exported.,,,PLATFORM,ipc_components,,,882feb0e906247e3349b08d176ae20ca91f10428f8f3df43b137f18bb07edc46,2026-07-04 02:08:32,PLATFORM,
199179,5730,ipc_activity_open_com.facebook.quicksilver.shortcut.QuicksilverShortcutExternalActivity,WARN,Medium,P1,PLATFORM,Exported activity without permission,[],"{""detail"": ""Activity com.facebook.quicksilver.shortcut.QuicksilverShortcutExternalActivity is exported but does not declare android:permission.""}",Restrict the component with signature-level permissions or mark it non-exported unless explicitly required.,BASE-IPC-COMP-NO-ACL,8.0,PLATFORM,ipc_components,,,16767f5d33c70b0fa73f8c98541d7060cc5ed35cf6f442a6a7d03f0bf1ac6f06,2026-07-04 02:08:32,PLATFORM,PLATFORM-IPC-1
199180,5730,ipc_activity-alias_open_com.facebook.quicksilver.QuicksilverShortcutExternalActivity,WARN,Medium,P1,PLATFORM,Exported activity alias without permission,[],"{""detail"": ""Activity Alias com.facebook.quicksilver.QuicksilverShortcutExternalActivity is exported but does not declare android:permission.""}",Restrict the component with signature-level permissions or mark it non-exported unless explicitly required.,BASE-IPC-COMP-NO-ACL,8.0,PLATFORM,ipc_components,,,bfc81adb6f245ff13648cf5d953872331d5bf9dc3aaffa461c0047084ad87c01,2026-07-04 02:08:32,PLATFORM,PLATFORM-IPC-1
199181,5730,ipc_service_open_com.meta.mfa.service.MfaCrossAppServiceImpl,WARN,Medium,P1,PLATFORM,Exported service without permission,[],"{""detail"": ""Service com.meta.mfa.service.MfaCrossAppServiceImpl is exported but does not declare android:permission.""}",Restrict the component with signature-level permissions or mark it non-exported unless explicitly required.,BASE-IPC-COMP-NO-ACL,8.0,PLATFORM,ipc_components,,,291554cda38980ffd0e25817fbd2e75d77ebc6e62a20bc7fc40ac6d982679300,2026-07-04 02:08:32,PLATFORM,PLATFORM-IPC-1
199182,5730,ipc_receiver_weak_permission_com.facebook.oxygen.preloads.sdk.firstparty.managedappcache.IsManagedAppReceiver,WARN,Medium,P1,PLATFORM,Weak permission guard on exported receiver,[],"{""detail"": ""Receiver com.facebook.oxygen.preloads.sdk.firstparty.managedappcache.IsManagedAppReceiver uses com.facebook.appmanager.ACCESS (protectionLevel=unspecified), which is insufficient for exported components.""}",Protect the component with a signature-level permission or mark it non-exported.,,,PLATFORM,ipc_components,,,0e91c376a2e3533f6b9be21e2101bf2e4134e2deb528d46f9f2f6754b5444a3a,2026-07-04 02:08:32,PLATFORM,
199183,5730,ipc_service_open_com.facebook.wearlistener.DataLayerListenerService,WARN,Medium,P1,PLATFORM,Exported service without permission,[],"{""detail"": ""Service com.facebook.wearlistener.DataLayerListenerService is exported but does not declare android:permission.""}",Restrict the component with signature-level permissions or mark it non-exported unless explicitly required.,BASE-IPC-COMP-NO-ACL,8.0,PLATFORM,ipc_components,,,1c22972bc74cef33cc210941e784923a6336ba8f2a91dabb5295c99488e82cf3,2026-07-04 02:08:32,PLATFORM,PLATFORM-IPC-1
199184,5730,ipc_receiver_open_com.facebook.quicklog.filelogger.QPLFileLogBroadcastReceiver,WARN,Medium,P1,PLATFORM,Exported receiver without permission,[],"{""detail"": ""Receiver com.facebook.quicklog.filelogger.QPLFileLogBroadcastReceiver is exported but does not declare android:permission.""}",Restrict the component with signature-level permissions or mark it non-exported unless explicitly required.,BASE-IPC-COMP-NO-ACL,8.0,PLATFORM,ipc_components,,,8f064dbdbe595f2516b3faef884e4002bf53c5cc000ca5a25c3f7a7b4bbceac9,2026-07-04 02:08:32,PLATFORM,PLATFORM-IPC-1
199185,5730,ipc_activity_open_com.spotify.sdk.android.auth.browser.RedirectUriReceiverActivity,WARN,Medium,P1,PLATFORM,Exported activity without permission,[],"{""detail"": ""Activity com.spotify.sdk.android.auth.browser.RedirectUriReceiverActivity is exported but does not declare android:permission.""}",Restrict the component with signature-level permissions or mark it non-exported unless explicitly required.,BASE-IPC-COMP-NO-ACL,8.0,PLATFORM,ipc_components,,,176a1879017acc05b0c5709d2269dfa226b56fcfcb5cd3a28431ffe1c8087335,2026-07-04 02:08:32,PLATFORM,PLATFORM-IPC-1
199186,5730,ipc_receiver_weak_permission_com.facebook.push.adm.MessageAlertReceiver,WARN,Medium,P1,PLATFORM,Weak permission guard on exported receiver,[],"{""detail"": ""Receiver com.facebook.push.adm.MessageAlertReceiver uses com.amazon.device.messaging.permission.SEND (protectionLevel=unspecified), which is insufficient for exported components.""}",Protect the component with a signature-level permission or mark it non-exported.,,,PLATFORM,ipc_components,,,9c70d09e75850423e821ddc2a8946ada977fcfbac03ebf7ccae6fa1f812d2655,2026-07-04 02:08:32,PLATFORM,
199187,5730,ipc_service_weak_permission_com.facebook.push.adm.AdmWorkGCMService,WARN,Medium,P1,PLATFORM,Weak permission guard on exported service,[],"{""detail"": ""Service com.facebook.push.adm.AdmWorkGCMService uses com.google.android.gms.permission.BIND_NETWORK_TASK_SERVICE (protectionLevel=unspecified), which is insufficient for exported components.""}",Protect the component with a signature-level permission or mark it non-exported.,,,PLATFORM,ipc_components,,,d88698942a76403ecf8d82c4da39198c89d9e74a931e5cb9504b10fe22c8e3d1,2026-07-04 02:08:32,PLATFORM,
199188,5730,ipc_receiver_open_com.facebook.push.fbnslite.FbPushSdkFbnsReceiverShim,WARN,Medium,P1,PLATFORM,Exported receiver without permission,[],"{""detail"": ""Receiver com.facebook.push.fbnslite.FbPushSdkFbnsReceiverShim is exported but does not declare android:permission.""}",Restrict the component with signature-level permissions or mark it non-exported unless explicitly required.,BASE-IPC-COMP-NO-ACL,8.0,PLATFORM,ipc_components,,,f5417cf56e949e44b95b254fe2905217747957401824a32db8faf90a236541d5,2026-07-04 02:08:32,PLATFORM,PLATFORM-IPC-1
199189,5730,ipc_receiver_open_com.facebook.push.fbnslite.FbnsLiteRtcPushNotificationReceiver,WARN,Medium,P1,PLATFORM,Exported receiver without permission,[],"{""detail"": ""Receiver com.facebook.push.fbnslite.FbnsLiteRtcPushNotificationReceiver is exported but does not declare android:permission.""}",Restrict the component with signature-level permissions or mark it non-exported unless explicitly required.,BASE-IPC-COMP-NO-ACL,8.0,PLATFORM,ipc_components,,,2a01db2ee54d27d2df2f64db280c1b572a9fe0d8a89e1c16377406ce504aa10f,2026-07-04 02:08:32,PLATFORM,PLATFORM-IPC-1
199190,5730,ipc_receiver_weak_permission_com.facebook.push.nna.NNABroadcastReceiver,WARN,Medium,P1,PLATFORM,Weak permission guard on exported receiver,[],"{""detail"": ""Receiver com.facebook.push.nna.NNABroadcastReceiver uses com.nokia.pushnotifications.permission.SEND (protectionLevel=unspecified), which is insufficient for exported components.""}",Protect the component with a signature-level permission or mark it non-exported.,,,PLATFORM,ipc_components,,,cb9059922791e0751481e09caa6a33c666bbaebfcd4453395588da186f5e4ba9,2026-07-04 02:08:32,PLATFORM,
199191,5730,ipc_service_weak_permission_com.facebook.push.registration.FacebookPushServerRegistrarGCMService,WARN,Medium,P1,PLATFORM,Weak permission guard on exported service,[],"{""detail"": ""Service com.facebook.push.registration.FacebookPushServerRegistrarGCMService uses com.google.android.gms.permission.BIND_NETWORK_TASK_SERVICE (protectionLevel=unspecified), which is insufficient for exported components.""}",Protect the component with a signature-level permission or mark it non-exported.,,,PLATFORM,ipc_components,,,a332a865561daba08618987ff9c1a99473107b529df7147b899acd67f6f90da4,2026-07-04 02:08:32,PLATFORM,
199192,5730,ipc_service_weak_permission_com.facebook.push.registration.FacebookPushServerFinishNotifiedGCMService,WARN,Medium,P1,PLATFORM,Weak permission guard on exported service,[],"{""detail"": ""Service com.facebook.push.registration.FacebookPushServerFinishNotifiedGCMService uses com.google.android.gms.permission.BIND_NETWORK_TASK_SERVICE (protectionLevel=unspecified), which is insufficient for exported components.""}",Protect the component with a signature-level permission or mark it non-exported.,,,PLATFORM,ipc_components,,,05e439d827a1ff96482236853116372b65e7a6a039f849aac0a62b12cd62c1a8,2026-07-04 02:08:32,PLATFORM,
199193,5730,ipc_service_weak_permission_com.facebook.push.registration.PushNegativeFeedbackGCMService,WARN,Medium,P1,PLATFORM,Weak permission guard on exported service,[],"{""detail"": ""Service com.facebook.push.registration.PushNegativeFeedbackGCMService uses com.google.android.gms.permission.BIND_NETWORK_TASK_SERVICE (protectionLevel=unspecified), which is insufficient for exported components.""}",Protect the component with a signature-level permission or mark it non-exported.,,,PLATFORM,ipc_components,,,72626bc1ad9f1ec6cc0ba171b486047cf29ea5cdf3c5188ef6da112f61a7933d,2026-07-04 02:08:32,PLATFORM,
199194,5730,ipc_service_weak_permission_com.facebook.pushlite.PushLiteGCMJobService,WARN,Medium,P1,PLATFORM,Weak permission guard on exported service,[],"{""detail"": ""Service com.facebook.pushlite.PushLiteGCMJobService uses com.google.android.gms.permission.BIND_NETWORK_TASK_SERVICE (protectionLevel=unspecified), which is insufficient for exported components.""}",Protect the component with a signature-level permission or mark it non-exported.,,,PLATFORM,ipc_components,,,51045dcb0c2a68c9b2f6a7b2002f2dde89b8464dc8dd3b4e6cd731cb7eaa786b,2026-07-04 02:08:32,PLATFORM,
199195,5730,ipc_service_permission_androidx.work.impl.background.systemjob.SystemJobService,INFO,Low,P2,PLATFORM,Exported service gated by android.permission.BIND_JOB_SERVICE,[],"{""detail"": ""Exported service relies on android.permission.BIND_JOB_SERVICE (protectionLevel=signature).""}",Document the permission contract and monitor for unexpected callers.,BASE-IPC-EXPORTED-WITH-PERM,2.5,PLATFORM,ipc_components,,,010feff1d370cdde2b30a44baa245760ecc86f7b41a538afeb48267dd5a387b4,2026-07-04 02:08:32,PLATFORM,PLATFORM-IPC-1
199196,5730,ipc_receiver_weak_permission_androidx.work.impl.diagnostics.DiagnosticsReceiver,WARN,Medium,P1,PLATFORM,Weak permission guard on exported receiver,[],"{""detail"": ""Receiver androidx.work.impl.diagnostics.DiagnosticsReceiver uses android.permission.DUMP (protectionLevel=unspecified), which is insufficient for exported components.""}",Protect the component with a signature-level permission or mark it non-exported.,,,PLATFORM,ipc_components,,,9941e0eccdf7d3b4774f715de75a66f6bc0c3a6738cde28ebf468fc203a6652b,2026-07-04 02:08:32,PLATFORM,
199197,5730,ipc_service_weak_permission_com.facebook.bugreporter.core.scheduler.GCMBugReportService,WARN,Medium,P1,PLATFORM,Weak permission guard on exported service,[],"{""detail"": ""Service com.facebook.bugreporter.core.scheduler.GCMBugReportService uses com.google.android.gms.permission.BIND_NETWORK_TASK_SERVICE (protectionLevel=unspecified), which is insufficient for exported components.""}",Protect the component with a signature-level permission or mark it non-exported.,,,PLATFORM,ipc_components,,,ebed707554ce05d9fa05957b1776f2a12a1ca408f5304686484c06202c6cf09d,2026-07-04 02:08:32,PLATFORM,
199198,5730,ipc_service_permission_com.facebook.bugreporter.core.scheduler.LollipopBugReportService,INFO,Low,P2,PLATFORM,Exported service gated by android.permission.BIND_JOB_SERVICE,[],"{""detail"": ""Exported service relies on android.permission.BIND_JOB_SERVICE (protectionLevel=signature).""}",Document the permission contract and monitor for unexpected callers.,BASE-IPC-EXPORTED-WITH-PERM,2.5,PLATFORM,ipc_components,,,010feff1d370cdde2b30a44baa245760ecc86f7b41a538afeb48267dd5a387b4,2026-07-04 02:08:32,PLATFORM,PLATFORM-IPC-1
199199,5730,ipc_service_weak_permission_com.google.android.gms.auth.api.signin.RevocationBoundService,WARN,Medium,P1,PLATFORM,Weak permission guard on exported service,[],"{""detail"": ""Service com.google.android.gms.auth.api.signin.RevocationBoundService uses com.google.android.gms.auth.api.signin.permission.REVOCATION_NOTIFICATION (protectionLevel=unspecified), which is insufficient for exported components.""}",Protect the component with a signature-level permission or mark it non-exported.,,,PLATFORM,ipc_components,,,333620b6726a9959216b7d765dc48d0cdfd4b817f914fe21914e4a734b970792,2026-07-04 02:08:32,PLATFORM,
199200,5730,ipc_receiver_weak_permission_com.google.firebase.iid.FirebaseInstanceIdReceiver,WARN,Medium,P1,PLATFORM,Weak permission guard on exported receiver,[],"{""detail"": ""Receiver com.google.firebase.iid.FirebaseInstanceIdReceiver uses com.google.android.c2dm.permission.SEND (protectionLevel=unspecified), which is insufficient for exported components.""}",Protect the component with a signature-level permission or mark it non-exported.,,,PLATFORM,ipc_components,,,801a80d1d4bf8adabab2d6125f2ede620061207fdfa45b7458a8fc4129d8acec,2026-07-04 02:08:32,PLATFORM,
199201,5730,ipc_receiver_weak_permission_com.facebook.device_id.UniqueIdSupplier,WARN,Medium,P1,PLATFORM,Weak permission guard on exported receiver,[],"{""detail"": ""Receiver com.facebook.device_id.UniqueIdSupplier uses com.facebook.receiver.permission.ACCESS (protectionLevel=0x00000002), which is insufficient for exported components.""}",Protect the component with a signature-level permission or mark it non-exported.,,,PLATFORM,ipc_components,,,e42e3e2d0b703bfc01d8c148b95575d362844948794884ba6efe19dde0ab410a,2026-07-04 02:08:32,PLATFORM,
199202,5730,ipc_receiver_open_com.facebook.fdidlite.FDIDSyncLiteReceiver,WARN,Medium,P1,PLATFORM,Exported receiver without permission,[],"{""detail"": ""Receiver com.facebook.fdidlite.FDIDSyncLiteReceiver is exported but does not declare android:permission.""}",Restrict the component with signature-level permissions or mark it non-exported unless explicitly required.,BASE-IPC-COMP-NO-ACL,8.0,PLATFORM,ipc_components,,,8941768920ee72ebb8545865f25db95a2772b72a210186224e5288f0aa2090a9,2026-07-04 02:08:32,PLATFORM,PLATFORM-IPC-1
199203,5730,ipc_provider_world_com.facebook.fdidlite.FDIDLiteProvider,FAIL,High,P0,PLATFORM,Exported provider without permission — com.facebook.fdidlite.FDIDLiteProvider,[],"{""detail"": ""Content provider is exported without read/write permissions, allowing external processes to query data.""}",Declare readPermission and writePermission or mark the provider as private (exported=false).,,,PLATFORM,ipc_components,,,9bb8ae3667321fbe39616893b95b97154d6d6f2cdd2b48d542d1149201abc5a7,2026-07-04 02:08:32,PLATFORM,
199204,5730,ipc_service_weak_permission_com.facebook.graphql.executor.offlinemutations.OfflineMutationsRetryGCMTaskService,WARN,Medium,P1,PLATFORM,Weak permission guard on exported service,[],"{""detail"": ""Service com.facebook.graphql.executor.offlinemutations.OfflineMutationsRetryGCMTaskService uses com.google.android.gms.permission.BIND_NETWORK_TASK_SERVICE (protectionLevel=unspecified), which is insufficient for exported components.""}",Protect the component with a signature-level permission or mark it non-exported.,,,PLATFORM,ipc_components,,,9bc3de90078cda98b736e4659f086286ece1afb726133c11176a00f6ca6cedbd,2026-07-04 02:08:32,PLATFORM,
199205,5730,ipc_service_weak_permission_com.facebook.analytics2.logger.GooglePlayUploadService,WARN,Medium,P1,PLATFORM,Weak permission guard on exported service,[],"{""detail"": ""Service com.facebook.analytics2.logger.GooglePlayUploadService uses com.google.android.gms.permission.BIND_NETWORK_TASK_SERVICE (protectionLevel=unspecified), which is insufficient for exported components.""}",Protect the component with a signature-level permission or mark it non-exported.,,,PLATFORM,ipc_components,,,c1023cf6d3d6cb175cd856bb5ef11cfe4f9a6095f2e74321e39023d9a7de45d4,2026-07-04 02:08:32,PLATFORM,
199206,5730,ipc_receiver_weak_permission_androidx.profileinstaller.ProfileInstallReceiver,WARN,Medium,P1,PLATFORM,Weak permission guard on exported receiver,[],"{""detail"": ""Receiver androidx.profileinstaller.ProfileInstallReceiver uses android.permission.DUMP (protectionLevel=unspecified), which is insufficient for exported components.""}",Protect the component with a signature-level permission or mark it non-exported.,,,PLATFORM,ipc_components,,,a1011e55cd81e1a5efa21cd3531f8f576789e1e4757a87011b59740f80197b8d,2026-07-04 02:08:32,PLATFORM,
199207,5730,ipc_activity-alias_open_com.facebook.secure.packagefinder.PackageFinderActivity,WARN,Medium,P1,PLATFORM,Exported activity alias without permission,[],"{""detail"": ""Activity Alias com.facebook.secure.packagefinder.PackageFinderActivity is exported but does not declare android:permission.""}",Restrict the component with signature-level permissions or mark it non-exported unless explicitly required.,BASE-IPC-COMP-NO-ACL,8.0,PLATFORM,ipc_components,,,79c0a08821ec83f81fb4f963befbc6190effc9f8a1283e60e90d972395f6ff46,2026-07-04 02:08:32,PLATFORM,PLATFORM-IPC-1
199208,5730,provider_world_com.facebook.messaging.platform.MessengerPlatformProvider,FAIL,High,P0,PLATFORM,Exported provider without ACL — com.facebook.messaging.platform.MessengerPlatformProvider,[],"{""detail"": ""Exported provider lacks read/write permissions; content is globally accessible to other apps.""}",Set readPermission/writePermission or mark the provider private.,,,PLATFORM,provider_acl,,,008494c2f7638393221f57d8441724a50de6390c1b5d5895af71896bd2330764,2026-07-04 02:08:32,PLATFORM,
199209,5730,provider_world_com.facebook.messaging.provider.FamilyAppsUserValuesProvider,FAIL,High,P0,PLATFORM,Exported provider without ACL — com.facebook.messaging.provider.FamilyAppsUserValuesProvider,[],"{""detail"": ""Exported provider lacks read/write permissions; content is globally accessible to other apps.""}",Set readPermission/writePermission or mark the provider private.,,,PLATFORM,provider_acl,,,008494c2f7638393221f57d8441724a50de6390c1b5d5895af71896bd2330764,2026-07-04 02:08:32,PLATFORM,
199210,5730,provider_world_com.facebook.messaging.liteprovider.FamilyAppsUserValuesLiteProvider,FAIL,High,P0,PLATFORM,Exported provider without ACL — com.facebook.messaging.liteprovider.FamilyAppsUserValuesLiteProvider,[],"{""detail"": ""Exported provider lacks read/write permissions; content is globally accessible to other apps.""}",Set readPermission/writePermission or mark the provider private.,,,PLATFORM,provider_acl,,,008494c2f7638393221f57d8441724a50de6390c1b5d5895af71896bd2330764,2026-07-04 02:08:32,PLATFORM,
199211,5730,provider_world_com.facebook.messaging.partneranalytics.marketinsights.LastUsedTimestampProvider,FAIL,High,P0,PLATFORM,Exported provider without ACL — com.facebook.messaging.partneranalytics.marketinsights.LastUsedTimestampProvider,[],"{""detail"": ""Exported provider lacks read/write permissions; content is globally accessible to other apps.""}",Set readPermission/writePermission or mark the provider private.,,,PLATFORM,provider_acl,,,008494c2f7638393221f57d8441724a50de6390c1b5d5895af71896bd2330764,2026-07-04 02:08:32,PLATFORM,
199212,5730,provider_world_com.facebook.platform.common.provider.PlatformProviderBase,FAIL,High,P0,PLATFORM,Exported provider without ACL — com.facebook.platform.common.provider.PlatformProviderBase,[],"{""detail"": ""Exported provider lacks read/write permissions; content is globally accessible to other apps.""}",Set readPermission/writePermission or mark the provider private.,,,PLATFORM,provider_acl,,,008494c2f7638393221f57d8441724a50de6390c1b5d5895af71896bd2330764,2026-07-04 02:08:32,PLATFORM,
199213,5730,provider_world_com.facebook.messaging.sharekey.contentprovider.SecureMessagingKeyContentProvider,FAIL,High,P0,PLATFORM,Exported provider without ACL — com.facebook.messaging.sharekey.contentprovider.SecureMessagingKeyContentProvider,[],"{""detail"": ""Exported provider lacks read/write permissions; content is globally accessible to other apps.""}",Set readPermission/writePermission or mark the provider private.,,,PLATFORM,provider_acl,,,008494c2f7638393221f57d8441724a50de6390c1b5d5895af71896bd2330764,2026-07-04 02:08:32,PLATFORM,
199214,5730,provider_world_com.facebook.fdidlite.FDIDLiteProvider,FAIL,High,P0,PLATFORM,Exported provider without ACL — com.facebook.fdidlite.FDIDLiteProvider,[],"{""detail"": ""Exported provider lacks read/write permissions; content is globally accessible to other apps.""}",Set readPermission/writePermission or mark the provider private.,,,PLATFORM,provider_acl,,,008494c2f7638393221f57d8441724a50de6390c1b5d5895af71896bd2330764,2026-07-04 02:08:32,PLATFORM,
199215,5730,domain_verification_missing_autoverify,WARN,Low,P2,PLATFORM,Browsable web link filters omit android:autoVerify,"[""app_links"", ""auto_verify"", ""deep_links""]","{""path"": ""/home/secadmin/Laughlin/GitHub/ScytaleDroid/data/store/apk/sha256/a5/a57b950e56ad06b586f476399af5dc47c7628e7a40fb3ec192f63c916ea61831.apk!AndroidManifest.xml::activity:com.facebook.messenger.intents.IntentHandlerActivity#intent-filter[2]"", ""detail"": ""12 web link filter(s) handle http/https hosts without android:autoVerify, so Android cannot verify domain ownership and may fall back to chooser-based routing."", ""entries"": [{""description"": ""activity com.facebook.messenger.intents.IntentHandlerActivity"", ""location"": ""/home/secadmin/Laughlin/GitHub/ScytaleDroid/data/store/apk/sha256/a5/a57b950e56ad06b586f476399af5dc47c7628e7a40fb3ec192f63c916ea61831.apk!AndroidManifest.xml::activity:com.facebook.messenger.intents.IntentHandlerActivity#intent-filter[2]""}, {""description"": ""activity com.facebook.messenger.intents.IntentHandlerActivity"", ""location"": ""/home/secadmin/Laughlin/GitHub/ScytaleDroid/data/store/apk/sha256/a5/a57b950e56ad06b586f476399af5dc47c7628e7a40fb3ec192f63c916ea61831.apk!AndroidManifest.xml::activity:com.facebook.messenger.intents.IntentHandlerActivity#intent-filter[7]""}]}","Add android:autoVerify=""true"" to supported HTTPS host filters and publish matching Digital Asset Links statements at https://<host>/.well-known/assetlinks.json.",,,PLATFORM,domain_verification,,,92d3fef54463f6f86400e232b43569a5ae0758ce0628787085e8c4f6597eb03a,2026-07-04 02:08:32,PLATFORM,
199216,5730,storage_allow_backup,WARN,Medium,P1,STORAGE,Application allows Android backup,[],"{""detail"": ""android:allowBackup is true; user data may leak via adb backup.""}",Disable backups or provide custom BackupAgent filtering secrets.,,,STORAGE,storage_backup,,,b9cd119277283edf2e7f596f5768300bcfef5ff9148da23ee73f1590fd01c6ce,2026-07-04 02:08:32,STORAGE,
199217,5730,storage_legacy_external,WARN,Medium,P1,STORAGE,Legacy external storage requested,[],"{""detail"": ""requestLegacyExternalStorage=true keeps scoped storage disabled.""}",Adopt scoped storage or justify legacy flag for backwards compatibility.,BASE-STO-LEGACY,3.9,STORAGE,storage_backup,,,cec868bb8d34b55d4d2efee6ea48714483e7f1ede6c5bd058d5a325bbf6b7f80,2026-07-04 02:08:32,STORAGE,STORAGE-2
199218,5730,storage_sensitive_keys,INFO,Low,P2,STORAGE,Potential sensitive preference keys,[],"{""path"": ""/home/secadmin/Laughlin/GitHub/ScytaleDroid/data/store/apk/sha256/a5/a57b950e56ad06b586f476399af5dc47c7628e7a40fb3ec192f63c916ea61831.apk!string[assets/PreloadedInMemoryDatabase.db]"", ""detail"": ""Keys referencing tokens/secrets detected in resources or code."", ""entries"": [{""description"": ""Potential sensitive key 'tablefuzzy_match_token_edit_distance_map'"", ""hash_short"": ""#h:ec957fcb"", ""location"": ""/home/secadmin/Laughlin/GitHub/ScytaleDroid/data/store/apk/sha256/a5/a57b950e56ad06b586f476399af5dc47c7628e7a40fb3ec192f63c916ea61831.apk!string[assets/PreloadedInMemoryDatabase.db]""}, {""description"": ""Potential sensitive key 'otablecontact_tokenscontact_tokens'"", ""hash_short"": ""#h:3dc09935"", ""location"": ""/home/secadmin/Laughlin/GitHub/ScytaleDroid/data/store/apk/sha256/a5/a57b950e56ad06b586f476399af5dc47c7628e7a40fb3ec192f63c916ea61831.apk!string[assets/PreloadedInMemoryDatabase.db]""}, {""description"": ""Potential sensitive key 'indexsqlite_autoindex_contact_tokens_1co'"", ""hash_short"": ""#h:7fe92186"", ""location"": ""/home/secadmin/Laughlin/GitHub/ScytaleDroid/data/store/apk/sha256/a5/a57b950e56ad06b586f476399af5dc47c7628e7a40fb3ec192f63c916ea61831.apk!string[assets/PreloadedInMemoryDatabase.db]""}, {""description"": ""Potential sensitive key 'index__idx__client_reports__token__respo'"", ""hash_short"": ""#h:f317dfc4"", ""location"": ""/home/secadmin/Laughlin/GitHub/ScytaleDroid/data/store/apk/sha256/a5/a57b950e56ad06b586f476399af5dc47c7628e7a40fb3ec192f63c916ea61831.apk!string[assets/PreloadedInMemoryDatabase.db]""}, {""description"": ""Potential sensitive key '__idx__advanced_crypto_transport_message'"", ""hash_short"": ""#h:c29df25f"", ""location"": ""/home/secadmin/Laughlin/GitHub/ScytaleDroid/data/store/apk/sha256/a5/a57b950e56ad06b586f476399af5dc47c7628e7a40fb3ec192f63c916ea61831.apk!string[assets/PreloadedPersistentDatabase.db]""}]}",Ensure sensitive tokens are encrypted or stored within Android Keystore-backed preferences.,,,STORAGE,storage_backup,,,25c80d7ba4de60ac363ce2bca3df5d6b9424196eb34de2cd16c863506249abd9,2026-07-04 02:08:32,STORAGE,
199219,5730,dfir_permission_hypothesis,INFO,Info,NOTE,PRIVACY,Permissions imply sensitive runtime stores,[],"{""detail"": ""Dangerous permissions map to likely on-device data locations.""}",Plan minimal adb pulls to validate the presence of these artefacts after dynamic testing.,,,PRIVACY,dfir_hints,,,636d01ce20e111541057203bd363f5e2cdb7bd0ab2b7842a4e8d2a47d12c2fbd,2026-07-04 02:08:32,PRIVACY,
199220,5730,webview_add_javascript_interface,WARN,Medium,P1,NETWORK,JavaScript interface exposed,"[""webview"", ""add_javascript_interface""]","{""path"": ""/home/secadmin/Laughlin/GitHub/ScytaleDroid/data/store/apk/sha256/a5/a57b950e56ad06b586f476399af5dc47c7628e7a40fb3ec192f63c916ea61831.apk!string[classes9.dex]"", ""detail"": ""addJavascriptInterface allows Java objects to be callable from JS."", ""entries"": [{""description"": ""add_javascript_interface in classes9.dex"", ""hash_short"": ""#h:300e4fc4"", ""location"": ""/home/secadmin/Laughlin/GitHub/ScytaleDroid/data/store/apk/sha256/a5/a57b950e56ad06b586f476399af5dc47c7628e7a40fb3ec192f63c916ea61831.apk!string[classes9.dex]""}]}",Annotate interfaces with @JavascriptInterface and restrict to trusted content.,,,NETWORK,webview_hygiene,,,02415cb3df827454a5142ba6d280b1abe7e0ded227722dfd79c3c5e5d37d6e7d,2026-07-04 02:08:32,NETWORK,
199221,5730,webview_universal_file_access,FAIL,High,P0,NETWORK,Universal file access enabled,"[""webview"", ""universal_file_access""]","{""path"": ""/home/secadmin/Laughlin/GitHub/ScytaleDroid/data/store/apk/sha256/a5/a57b950e56ad06b586f476399af5dc47c7628e7a40fb3ec192f63c916ea61831.apk!string[classes9.dex]"", ""detail"": ""Universal access from file URLs exposes local file APIs to injected scripts."", ""entries"": [{""description"": ""universal_file_access in classes9.dex"", ""hash_short"": ""#h:8633480d"", ""location"": ""/home/secadmin/Laughlin/GitHub/ScytaleDroid/data/store/apk/sha256/a5/a57b950e56ad06b586f476399af5dc47c7628e7a40fb3ec192f63c916ea61831.apk!string[classes9.dex]""}]}",Avoid enabling universal file access; serve content over https.,,,NETWORK,webview_hygiene,,,2d5c9e6d26a36e885745567c106c9e43504a3e7a388c35a8bb2ad3b6f5021d5e,2026-07-04 02:08:32,NETWORK,
199222,5730,webview_javascript_enabled,INFO,Low,P2,NETWORK,JavaScript explicitly enabled,"[""webview"", ""javascript_enabled""]","{""path"": ""/home/secadmin/Laughlin/GitHub/ScytaleDroid/data/store/apk/sha256/a5/a57b950e56ad06b586f476399af5dc47c7628e7a40fb3ec192f63c916ea61831.apk!string[classes9.dex]"", ""detail"": ""WebView JavaScript execution increases XSS risk; review content sources."", ""entries"": [{""description"": ""javascript_enabled in classes9.dex"", ""hash_short"": ""#h:3038483d"", ""location"": ""/home/secadmin/Laughlin/GitHub/ScytaleDroid/data/store/apk/sha256/a5/a57b950e56ad06b586f476399af5dc47c7628e7a40fb3ec192f63c916ea61831.apk!string[classes9.dex]""}]}",Only enable JavaScript for trusted content and disable for other views.,,,NETWORK,webview_hygiene,,,3d9f6e25c09efb5ffeac29add0b1830130d75c8533362ed8ee1876503fae578a,2026-07-04 02:08:32,NETWORK,
199223,5730,webview_mixed_content,WARN,Medium,P1,NETWORK,Mixed content mode modified,"[""webview"", ""mixed_content""]","{""path"": ""/home/secadmin/Laughlin/GitHub/ScytaleDroid/data/store/apk/sha256/a5/a57b950e56ad06b586f476399af5dc47c7628e7a40fb3ec192f63c916ea61831.apk!string[classes9.dex]"", ""detail"": ""setMixedContentMode may allow HTTP content inside HTTPS WebView."", ""entries"": [{""description"": ""mixed_content in classes9.dex"", ""hash_short"": ""#h:5d927cb8"", ""location"": ""/home/secadmin/Laughlin/GitHub/ScytaleDroid/data/store/apk/sha256/a5/a57b950e56ad06b586f476399af5dc47c7628e7a40fb3ec192f63c916ea61831.apk!string[classes9.dex]""}]}",Keep mixed content mode to NEVER_ALLOW for production builds.,,,NETWORK,webview_hygiene,,,9948086616a14efbab17291192a99dc6f6607c175d0e90f96ca5168be7a57807,2026-07-04 02:08:32,NETWORK,
199224,5730,crypto_md5_digest,WARN,Medium,P1,CRYPTO,MD5 message digest,"[""crypto"", ""md5_digest""]","{""path"": ""/home/secadmin/Laughlin/GitHub/ScytaleDroid/data/store/apk/sha256/a5/a57b950e56ad06b586f476399af5dc47c7628e7a40fb3ec192f63c916ea61831.apk!string[assets/PreloadedPersistentDatabase.db]"", ""detail"": ""MD5 is collision-prone and unsuitable for integrity. (11 occurrences)"", ""entries"": [{""description"": ""md5_digest → assets/PreloadedPersistentDatabase.db"", ""hash_short"": ""#h:646dcd95"", ""location"": ""/home/secadmin/Laughlin/GitHub/ScytaleDroid/data/store/apk/sha256/a5/a57b950e56ad06b586f476399af5dc47c7628e7a40fb3ec192f63c916ea61831.apk!string[assets/PreloadedPersistentDatabase.db]""}, {""description"": ""md5_digest → assets/PreloadedPersistentDatabase.db"", ""hash_short"": ""#h:f0339b79"", ""location"": ""/home/secadmin/Laughlin/GitHub/ScytaleDroid/data/store/apk/sha256/a5/a57b950e56ad06b586f476399af5dc47c7628e7a40fb3ec192f63c916ea61831.apk!string[assets/PreloadedPersistentDatabase.db]""}]}",Use SHA-256 or better message digests.,,,CRYPTO,crypto_hygiene,,,9672cc28d9a403c6b510d1b5b64b50af280c30c981799656870791ac255bbf1a,2026-07-04 02:08:32,CRYPTO,
199225,5730,sdk_inventory_tracker_network_overlap,INFO,Info,NOTE,NETWORK,Endpoint overlap with tracker network reference intel,"[""sdk_inventory"", ""tracker_intel"", ""network_overlap""]","{""path"": ""classes5.dex@2753565"", ""detail"": ""11 tracker reference entries overlapped root domains from extracted HTTP(S) strings. This indicates contextual network similarity, not confirmed tracking behavior."", ""entries"": [{""description"": ""Endpoint root-domain overlapping tracker network signature"", ""hash_short"": ""437aaf98"", ""location"": ""classes5.dex@2753565""}, {""description"": ""Endpoint root-domain overlapping tracker network signature"", ""hash_short"": ""437aaf98"", ""location"": ""classes5.dex@2753565""}]}",,,,NETWORK,sdk_inventory,,,a38f3a6117a532b375f898d359bf4ce5be9ebe69c4161f6a6c437b7e37fa2cef,2026-07-04 02:08:32,NETWORK,
199226,5730,native_anti_analysis_signals,WARN,Low,P2,RESILIENCE,Native anti-analysis indicators,"[""native"", ""anti-analysis""]","{""path"": ""lib/arm64-v8a/libsuperpack-jni.so"", ""detail"": ""Native libraries contain strings associated with anti-debug/root checks."", ""entries"": [{""description"": ""entropy=6.279"", ""hash_short"": ""0434"", ""location"": ""lib/arm64-v8a/libsuperpack-jni.so""}, {""description"": ""entropy=6.147"", ""hash_short"": ""0055"", ""location"": ""lib/arm64-v8a/libimage_processing_util_jni.so""}, {""description"": ""entropy=6.049"", ""hash_short"": ""0b84"", ""location"": ""lib/arm64-v8a/libfbunwindstack.so""}, {""description"": ""entropy=5.672"", ""hash_short"": ""e259"", ""location"": ""lib/arm64-v8a/libc++_shared.so""}, {""description"": ""entropy=5.292"", ""hash_short"": ""4a8c"", ""location"": ""lib/arm64-v8a/libgraphics-core.so""}]}",Review native protections and validate behavior in a controlled run.,,,RESILIENCE,native_hardening,,,bb7f87c7979ed715203ac285ac24f27065840b88ca2b2162b85f20ddc7fef6f9,2026-07-04 02:08:32,RESILIENCE,
199227,5730,obfuscation_hints,WARN,Low,P2,RESILIENCE,Obfuscation indicators detected,"[""obfuscation"", ""anti-analysis""]","{""path"": ""classes5.dex"", ""detail"": ""DEX/class naming patterns and dynamic-loading hints suggest obfuscation or packing."", ""entries"": [{""description"": ""class-like string: #version 300 es\n\n#extension GL_OES_EGL_image_external : require\nprecision mediump float; // highp here doesn't seem to matter\n\nuniform samplerExternalOES sTexture;\n\nin vec2 vTextureCoord;\nout vec4 outColor;\n\n// Column-major matrix declarations; pre-multiply by input vectors\nconst mat3 P3_BT709 = mat3(1.22476, -0.0420633, -0.0196438, -0.224866, 1.04206, -0.00786447, 0, 0, 1.09854);\n\nhighp vec3 sRGB_EOTF_Inv(highp vec3 x) {\n    highp vec3 A = 12.92 * x;\n    highp vec3 B = 1.055 * pow(x, vec3(1.0 / 2.4)) - 0.055;\n    return mix(A, B, step(0.0031308, x));\n}\n\nhighp vec3 sRGB_EOTF(highp vec3 x) {\n    highp vec3 A = x / 12.92;\n    highp vec3 B = pow((x + 0.055) / 1.055, vec3(2.4));\n    return mix(A, B, step(0.04045, x));\n}\n\nvoid main() {\n  highp vec3 srcRGB = texture(sTexture, vTextureCoord).xyz;\n\n  // Display P3 RGB non-linear to Display P3 RGB display linear\n  highp vec3 rgb_P3_displayLinear = sRGB_EOTF(srcRGB);\n\n  // Display P3 RGB display linear -> BT.709 display linear\n  highp vec3 rgb_BT709_displayLinear = P3_BT709 * rgb_P3_displayLinear;\n\n  // Color gamut compression\n  rgb_BT709_displayLinear = clamp(rgb_BT709_displayLinear, 0., 1.);\n\n  // BT.709 display linear -> BT.709 non-linear\n  highp vec3 rgb_BT709_sRGB = sRGB_EOTF_Inv(rgb_BT709_displayLinear);\n\n  outColor = vec4(rgb_BT709_sRGB, 1.0);\n}"", ""location"": ""classes5.dex""}, {""description"": ""class-like string: 14/08/2023"", ""location"": ""classes5.dex""}, {""description"": ""class-like string: A_DTS/EXPRESS"", ""location"": ""classes5.dex""}, {""description"": ""class-like string: A_DTS/LOSSLESS"", ""location"": ""classes5.dex""}, {""description"": ""class-like string: A_MPEG/L2"", ""location"": ""classes5.dex""}]}",Use deobfuscation-aware tooling and verify behavior with dynamic analysis.,,,RESILIENCE,obfuscation_signals,,,37cf0239c16ad8be428f67f8a20bafa2ce3ba0f92d311b245df5ff3e1637cc13,2026-07-04 02:08:32,RESILIENCE,
199228,5730,risk_profile,WARN,High,P0,OTHER,Correlation priority — Critical,"[""risk_profile_downgraded""]","{""detail"": ""Correlation priority score 10511 (Critical); synthetic prioritization signal.""}",Prioritise remediation of the contributing findings that raised this synthetic priority score.,,,OTHER,correlation_engine,,,1d7d81b1171788ef5820c6158e03ec99095a9a3443a52104a1880b5fba64d820,2026-07-04 02:08:32,OTHER,
202214,5785,manifest_exported_weak_guards,WARN,Medium,P1,PLATFORM,Exported components use weak guards,[],"{""path"": ""/home/secadmin/Laughlin/GitHub/ScytaleDroid/data/store/apk/sha256/eb/eba5e57904d4609334765abd10474922931401d7d1334fa48a59d763060aa46a.apk!AndroidManifest.xml"", ""detail"": ""Exported components rely on normal/dangerous permissions or no guard at all: androidx.media3.session.MediaButtonReceiver, androidx.test.core.app.InstrumentationActivityInvoker$BootstrapActivity, androidx.test.core.app.InstrumentationActivityInvoker$Empt..."", ""entries"": [{""description"": ""component@permission"", ""location"": ""/home/secadmin/Laughlin/GitHub/ScytaleDroid/data/store/apk/sha256/eb/eba5e57904d4609334765abd10474922931401d7d1334fa48a59d763060aa46a.apk!AndroidManifest.xml""}]}",Protect exported components with signature-level permissions or mark them non-exported.,,,PLATFORM,manifest_baseline,,,75d70cf55b3208400ece03c1e0b85ad5189892c266bb0a749e9393df55fd5ae5,2026-07-04 02:11:39,PLATFORM,
202215,5785,manifest_backup_and_exports,WARN,Medium,P1,STORAGE,Backup plus exported weak components,[],"{""path"": ""/home/secadmin/Laughlin/GitHub/ScytaleDroid/data/store/apk/sha256/eb/eba5e57904d4609334765abd10474922931401d7d1334fa48a59d763060aa46a.apk!AndroidManifest.xml"", ""detail"": ""android:allowBackup is enabled while exported components lack strong permission guards (androidx.media3.session.MediaButtonReceiver, androidx.test.core.app.InstrumentationActivityInvoker$BootstrapActivity, androidx.test.core.app.InstrumentationActivityI..."", ""entries"": [{""description"": ""application@allowBackup"", ""location"": ""/home/secadmin/Laughlin/GitHub/ScytaleDroid/data/store/apk/sha256/eb/eba5e57904d4609334765abd10474922931401d7d1334fa48a59d763060aa46a.apk!AndroidManifest.xml""}]}",Disable auto-backup or harden exported components with signature-level permissions.,,,STORAGE,manifest_baseline,,,8f56e00184a0775e3e18e9902b175eda85af1b77c59d5a3a63b13cdfa2c1f9cf,2026-07-04 02:11:39,STORAGE,
202216,5785,manifest_backup_enabled,WARN,Medium,P1,STORAGE,Auto-backup enabled,[],"{""path"": ""/home/secadmin/Laughlin/GitHub/ScytaleDroid/data/store/apk/sha256/eb/eba5e57904d4609334765abd10474922931401d7d1334fa48a59d763060aa46a.apk!AndroidManifest.xml"", ""detail"": ""Application data can be exported via Android's backup channel (android:allowBackup not set to false)."", ""entries"": [{""description"": ""application@allowBackup"", ""location"": ""/home/secadmin/Laughlin/GitHub/ScytaleDroid/data/store/apk/sha256/eb/eba5e57904d4609334765abd10474922931401d7d1334fa48a59d763060aa46a.apk!AndroidManifest.xml""}]}",Set android:allowBackup=false or provide an explicit backup configuration that excludes sensitive data.,,,STORAGE,manifest_baseline,,,9e4b9d1811c3846f1055e5dd832dd37d62ef1bb891cea444d13ec5e8e01301a2,2026-07-04 02:11:39,STORAGE,
202217,5785,manifest_custom_permissions_review,INFO,Low,P2,PLATFORM,Review custom permission protection levels,[],"{""path"": ""/home/secadmin/Laughlin/GitHub/ScytaleDroid/data/store/apk/sha256/eb/eba5e57904d4609334765abd10474922931401d7d1334fa48a59d763060aa46a.apk!AndroidManifest.xml"", ""detail"": ""Custom permissions use uncommon protection levels: com.guardian.DYNAMIC_RECEIVER_NOT_EXPORTED_PERMISSION"", ""entries"": [{""description"": ""permission@protectionLevel"", ""location"": ""/home/secadmin/Laughlin/GitHub/ScytaleDroid/data/store/apk/sha256/eb/eba5e57904d4609334765abd10474922931401d7d1334fa48a59d763060aa46a.apk!AndroidManifest.xml""}]}",Verify the custom protection levels only grant access to trusted callers.,,,PLATFORM,manifest_baseline,,,ae3c206e71174c531f4bbc2185f45c06137e3f62d6541ec76aed7223bca6f91c,2026-07-04 02:11:39,PLATFORM,
202218,5785,manifest_task_affinity_custom,INFO,Low,P2,PLATFORM,Custom task affinities present,[],"{""path"": ""/home/secadmin/Laughlin/GitHub/ScytaleDroid/data/store/apk/sha256/eb/eba5e57904d4609334765abd10474922931401d7d1334fa48a59d763060aa46a.apk!AndroidManifest.xml"", ""detail"": ""Components override the default task affinity: com.theguardian.widgets.oldWidget.WidgetConfigActivity→.WidgetConfigActivity, com.google.android.gms.ads.NotificationHandlerActivity→<empty>, com.braze.push.NotificationTrampolineActivity→.NotificationTramp..."", ""entries"": [{""description"": ""component@taskAffinity"", ""location"": ""/home/secadmin/Laughlin/GitHub/ScytaleDroid/data/store/apk/sha256/eb/eba5e57904d4609334765abd10474922931401d7d1334fa48a59d763060aa46a.apk!AndroidManifest.xml""}]}",Ensure custom task affinities are required and do not leak activities into other apps.,,,PLATFORM,manifest_baseline,,,c49f7f70e1ec72e5ca7985ce9ddfa7652a51096d142f9b97b7fa50df271a14fb,2026-07-04 02:11:39,PLATFORM,
202219,5785,ipc_activity_open_com.theguardian.feature.deeplink.DeepLinkHandlerActivity,WARN,Medium,P1,PLATFORM,Exported activity without permission,[],"{""detail"": ""Activity com.theguardian.feature.deeplink.DeepLinkHandlerActivity is exported but does not declare android:permission.""}",Restrict the component with signature-level permissions or mark it non-exported unless explicitly required.,BASE-IPC-COMP-NO-ACL,8.0,PLATFORM,ipc_components,,,ef6b7de24327cc2c9c829c2eea0c551bff7bc322c53fe80d0c8d3afa51336320,2026-07-04 02:11:39,PLATFORM,PLATFORM-IPC-1
202220,5785,ipc_activity_open_com.theguardian.widgets.oldWidget.WidgetConfigActivity,WARN,Medium,P1,PLATFORM,Exported activity without permission,[],"{""detail"": ""Activity com.theguardian.widgets.oldWidget.WidgetConfigActivity is exported but does not declare android:permission.""}",Restrict the component with signature-level permissions or mark it non-exported unless explicitly required.,BASE-IPC-COMP-NO-ACL,8.0,PLATFORM,ipc_components,,,4e1a0c1dbed3de81677bcf2c3bf6fccee5dfa88103ff89449c11270fb2e497e5,2026-07-04 02:11:39,PLATFORM,PLATFORM-IPC-1
202221,5785,ipc_receiver_open_com.theguardian.widgets.oldWidget.GuardianWidgetProvider,WARN,Medium,P1,PLATFORM,Exported receiver without permission,[],"{""detail"": ""Receiver com.theguardian.widgets.oldWidget.GuardianWidgetProvider is exported but does not declare android:permission.""}",Restrict the component with signature-level permissions or mark it non-exported unless explicitly required.,BASE-IPC-COMP-NO-ACL,8.0,PLATFORM,ipc_components,,,2b88a027e901632184f35c991ad5379ccfe83e27558a3cfe9b5784d3a89e73c7,2026-07-04 02:11:39,PLATFORM,PLATFORM-IPC-1
202222,5785,ipc_activity-alias_open_com.guardian.feature.stream.NewHomeActivity,WARN,Medium,P1,PLATFORM,Exported activity alias without permission,[],"{""detail"": ""Activity Alias com.guardian.feature.stream.NewHomeActivity is exported but does not declare android:permission.""}",Restrict the component with signature-level permissions or mark it non-exported unless explicitly required.,BASE-IPC-COMP-NO-ACL,8.0,PLATFORM,ipc_components,,,6aba555d07dfc7182c08bc1c2b04d48ecac0e54dd59345ce6fe195aae0f56f4e,2026-07-04 02:11:39,PLATFORM,PLATFORM-IPC-1
202223,5785,ipc_receiver_open_com.guardian.util.debug.DebugReceiver,WARN,Medium,P1,PLATFORM,Exported receiver without permission,[],"{""detail"": ""Receiver com.guardian.util.debug.DebugReceiver is exported but does not declare android:permission.""}",Restrict the component with signature-level permissions or mark it non-exported unless explicitly required.,BASE-IPC-COMP-NO-ACL,8.0,PLATFORM,ipc_components,,,ae2f99e6ad861ef4af7590e1cccadc17ab53959b198c2a711fd64a8d5d40871c,2026-07-04 02:11:39,PLATFORM,PLATFORM-IPC-1
202224,5785,ipc_receiver_open_com.guardian.tracking.MultiReferrerReceiver,WARN,Medium,P1,PLATFORM,Exported receiver without permission,[],"{""detail"": ""Receiver com.guardian.tracking.MultiReferrerReceiver is exported but does not declare android:permission.""}",Restrict the component with signature-level permissions or mark it non-exported unless explicitly required.,BASE-IPC-COMP-NO-ACL,8.0,PLATFORM,ipc_components,,,62dfa010b2d5f9d08c87d8f2e30e2a83d8e8a4cbbca7999dd6bb30469c3e8519,2026-07-04 02:11:39,PLATFORM,PLATFORM-IPC-1
202225,5785,ipc_service_open_com.guardian.notification.GuardianMessagingService,WARN,Medium,P1,PLATFORM,Exported service without permission,[],"{""detail"": ""Service com.guardian.notification.GuardianMessagingService is exported but does not declare android:permission.""}",Restrict the component with signature-level permissions or mark it non-exported unless explicitly required.,BASE-IPC-COMP-NO-ACL,8.0,PLATFORM,ipc_components,,,eb7ef6de08b88603ecfb017a03f6c39140d2623e26d33442849454fa79ae8c28,2026-07-04 02:11:39,PLATFORM,PLATFORM-IPC-1
202226,5785,ipc_service_open_com.theguardian.audioService.exoplayer.services.PlaybackService,WARN,Medium,P1,PLATFORM,Exported service without permission,[],"{""detail"": ""Service com.theguardian.audioService.exoplayer.services.PlaybackService is exported but does not declare android:permission.""}",Restrict the component with signature-level permissions or mark it non-exported unless explicitly required.,BASE-IPC-COMP-NO-ACL,8.0,PLATFORM,ipc_components,,,1a1f5968ea090f6164f54511afc975c94be9361db1288d938bdcf7a40820ae9a,2026-07-04 02:11:39,PLATFORM,PLATFORM-IPC-1
202227,5785,ipc_receiver_open_androidx.media3.session.MediaButtonReceiver,WARN,Medium,P1,PLATFORM,Exported receiver without permission,[],"{""detail"": ""Receiver androidx.media3.session.MediaButtonReceiver is exported but does not declare android:permission.""}",Restrict the component with signature-level permissions or mark it non-exported unless explicitly required.,BASE-IPC-COMP-NO-ACL,8.0,PLATFORM,ipc_components,,,d37d8d29cd241366da4c7b1426e3214f53a0caf4e698e80c9265054d07e2aa91,2026-07-04 02:11:39,PLATFORM,PLATFORM-IPC-1
202228,5785,ipc_service_permission_androidx.work.impl.background.systemjob.SystemJobService,INFO,Low,P2,PLATFORM,Exported service gated by android.permission.BIND_JOB_SERVICE,[],"{""detail"": ""Exported service relies on android.permission.BIND_JOB_SERVICE (protectionLevel=signature).""}",Document the permission contract and monitor for unexpected callers.,BASE-IPC-EXPORTED-WITH-PERM,2.5,PLATFORM,ipc_components,,,010feff1d370cdde2b30a44baa245760ecc86f7b41a538afeb48267dd5a387b4,2026-07-04 02:11:39,PLATFORM,PLATFORM-IPC-1
202229,5785,ipc_activity_open_com.okta.webauthenticationui.RedirectActivity,WARN,Medium,P1,PLATFORM,Exported activity without permission,[],"{""detail"": ""Activity com.okta.webauthenticationui.RedirectActivity is exported but does not declare android:permission.""}",Restrict the component with signature-level permissions or mark it non-exported unless explicitly required.,BASE-IPC-COMP-NO-ACL,8.0,PLATFORM,ipc_components,,,a53d1d3ebdc56d49165ae9650a2f2b5c0963282b50167d499be66e309a523197,2026-07-04 02:11:39,PLATFORM,PLATFORM-IPC-1
202230,5785,ipc_receiver_weak_permission_com.google.firebase.iid.FirebaseInstanceIdReceiver,WARN,Medium,P1,PLATFORM,Weak permission guard on exported receiver,[],"{""detail"": ""Receiver com.google.firebase.iid.FirebaseInstanceIdReceiver uses com.google.android.c2dm.permission.SEND (protectionLevel=unspecified), which is insufficient for exported components.""}",Protect the component with a signature-level permission or mark it non-exported.,,,PLATFORM,ipc_components,,,801a80d1d4bf8adabab2d6125f2ede620061207fdfa45b7458a8fc4129d8acec,2026-07-04 02:11:39,PLATFORM,
202231,5785,ipc_activity_open_androidx.test.core.app.InstrumentationActivityInvoker$BootstrapActivity,WARN,Medium,P1,PLATFORM,Exported activity without permission,[],"{""detail"": ""Activity androidx.test.core.app.InstrumentationActivityInvoker$BootstrapActivity is exported but does not declare android:permission.""}",Restrict the component with signature-level permissions or mark it non-exported unless explicitly required.,BASE-IPC-COMP-NO-ACL,8.0,PLATFORM,ipc_components,,,ce4e44cef5f24a8f61020c12cc35888bc8432e62ae686a5b7836864e018ffac2,2026-07-04 02:11:39,PLATFORM,PLATFORM-IPC-1
202232,5785,ipc_activity_open_androidx.test.core.app.InstrumentationActivityInvoker$EmptyActivity,WARN,Medium,P1,PLATFORM,Exported activity without permission,[],"{""detail"": ""Activity androidx.test.core.app.InstrumentationActivityInvoker$EmptyActivity is exported but does not declare android:permission.""}",Restrict the component with signature-level permissions or mark it non-exported unless explicitly required.,BASE-IPC-COMP-NO-ACL,8.0,PLATFORM,ipc_components,,,9e139e45df7b86fda84c777d294f9ff4dd25fc47dd75c6fa2c2a97ebfa26466a,2026-07-04 02:11:39,PLATFORM,PLATFORM-IPC-1
202233,5785,ipc_activity_open_androidx.test.core.app.InstrumentationActivityInvoker$EmptyFloatingActivity,WARN,Medium,P1,PLATFORM,Exported activity without permission,[],"{""detail"": ""Activity androidx.test.core.app.InstrumentationActivityInvoker$EmptyFloatingActivity is exported but does not declare android:permission.""}",Restrict the component with signature-level permissions or mark it non-exported unless explicitly required.,BASE-IPC-COMP-NO-ACL,8.0,PLATFORM,ipc_components,,,b19e08a200921581216948c44412be63c48589c5a0aa609fff276d4b5007ecd0,2026-07-04 02:11:39,PLATFORM,PLATFORM-IPC-1
202234,5785,ipc_activity_open_com.amazon.aps.ads.activity.ApsInterstitialActivity,WARN,Medium,P1,PLATFORM,Exported activity without permission,[],"{""detail"": ""Activity com.amazon.aps.ads.activity.ApsInterstitialActivity is exported but does not declare android:permission.""}",Restrict the component with signature-level permissions or mark it non-exported unless explicitly required.,BASE-IPC-COMP-NO-ACL,8.0,PLATFORM,ipc_components,,,b3b5f639d753effcdb4c41de70a0ab0422f2917acd87c5ec9b4b97a99a08832e,2026-07-04 02:11:39,PLATFORM,PLATFORM-IPC-1
202235,5785,ipc_activity_open_com.amazon.device.ads.DTBInterstitialActivity,WARN,Medium,P1,PLATFORM,Exported activity without permission,[],"{""detail"": ""Activity com.amazon.device.ads.DTBInterstitialActivity is exported but does not declare android:permission.""}",Restrict the component with signature-level permissions or mark it non-exported unless explicitly required.,BASE-IPC-COMP-NO-ACL,8.0,PLATFORM,ipc_components,,,e05d94b7d87d1da45ddbe434aeb44988286fa4f783ccabd6d0eae1c22f6e5ac8,2026-07-04 02:11:39,PLATFORM,PLATFORM-IPC-1
202236,5785,domain_verification_missing_autoverify,WARN,Low,P2,PLATFORM,Browsable web link filters omit android:autoVerify,"[""app_links"", ""auto_verify"", ""deep_links""]","{""path"": ""/home/secadmin/Laughlin/GitHub/ScytaleDroid/data/store/apk/sha256/eb/eba5e57904d4609334765abd10474922931401d7d1334fa48a59d763060aa46a.apk!AndroidManifest.xml::activity:com.theguardian.feature.deeplink.DeepLinkHandlerActivity#intent-filter[1]"", ""detail"": ""1 web link filter(s) handle http/https hosts without android:autoVerify, so Android cannot verify domain ownership and may fall back to chooser-based routing."", ""entries"": [{""description"": ""activity com.theguardian.feature.deeplink.DeepLinkHandlerActivity"", ""location"": ""/home/secadmin/Laughlin/GitHub/ScytaleDroid/data/store/apk/sha256/eb/eba5e57904d4609334765abd10474922931401d7d1334fa48a59d763060aa46a.apk!AndroidManifest.xml::activity:com.theguardian.feature.deeplink.DeepLinkHandlerActivity#intent-filter[1]""}]}","Add android:autoVerify=""true"" to supported HTTPS host filters and publish matching Digital Asset Links statements at https://<host>/.well-known/assetlinks.json.",,,PLATFORM,domain_verification,,,fe2bc8f8c34508dfd1c8111d259e6b5f14622c3f7547b56f1495b671af6723b6,2026-07-04 02:11:39,PLATFORM,
202237,5785,storage_allow_backup,WARN,Medium,P1,STORAGE,Application allows Android backup,[],"{""detail"": ""android:allowBackup is true; user data may leak via adb backup.""}",Disable backups or provide custom BackupAgent filtering secrets.,,,STORAGE,storage_backup,,,b9cd119277283edf2e7f596f5768300bcfef5ff9148da23ee73f1590fd01c6ce,2026-07-04 02:11:39,STORAGE,
202238,5785,storage_sensitive_keys,INFO,Low,P2,STORAGE,Potential sensitive preference keys,[],"{""path"": ""/home/secadmin/Laughlin/GitHub/ScytaleDroid/data/store/apk/sha256/eb/eba5e57904d4609334765abd10474922931401d7d1334fa48a59d763060aa46a.apk!string[classes7.dex]"", ""detail"": ""Keys referencing tokens/secrets detected in resources or code."", ""entries"": [{""description"": ""Potential sensitive key 'KEY_SESSIONS_SINCE_SKIPPED'"", ""hash_short"": ""#h:6ac0602d"", ""location"": ""/home/secadmin/Laughlin/GitHub/ScytaleDroid/data/store/apk/sha256/eb/eba5e57904d4609334765abd10474922931401d7d1334fa48a59d763060aa46a.apk!string[classes7.dex]""}, {""description"": ""Potential sensitive key ''access$getKEY_SESSIONS_SINCE_SKIPPED$cp'"", ""hash_short"": ""#h:181c2079"", ""location"": ""/home/secadmin/Laughlin/GitHub/ScytaleDroid/data/store/apk/sha256/eb/eba5e57904d4609334765abd10474922931401d7d1334fa48a59d763060aa46a.apk!string[classes7.dex]""}, {""description"": ""Potential sensitive key 'offerToken'"", ""hash_short"": ""#h:e2bbe531"", ""location"": ""/home/secadmin/Laughlin/GitHub/ScytaleDroid/data/store/apk/sha256/eb/eba5e57904d4609334765abd10474922931401d7d1334fa48a59d763060aa46a.apk!string[classes7.dex]""}, {""description"": ""Potential sensitive key 'Device and tokens'"", ""hash_short"": ""#h:0267f88f"", ""location"": ""/home/secadmin/Laughlin/GitHub/ScytaleDroid/data/store/apk/sha256/eb/eba5e57904d4609334765abd10474922931401d7d1334fa48a59d763060aa46a.apk!string[resources.arsc]""}, {""description"": ""Potential sensitive key 'get_auth_token_button'"", ""hash_short"": ""#h:3c135a0c"", ""location"": ""/home/secadmin/Laughlin/GitHub/ScytaleDroid/data/store/apk/sha256/eb/eba5e57904d4609334765abd10474922931401d7d1334fa48a59d763060aa46a.apk!string[resources.arsc]""}]}",Ensure sensitive tokens are encrypted or stored within Android Keystore-backed preferences.,,,STORAGE,storage_backup,,,096964572a277fe82311e1ac17721d582bfc2de502920e72c5a224ec32f38601,2026-07-04 02:11:39,STORAGE,
202239,5785,sdk_inventory_tracker_network_overlap,INFO,Info,NOTE,NETWORK,Endpoint overlap with tracker network reference intel,"[""sdk_inventory"", ""tracker_intel"", ""network_overlap""]","{""path"": ""resources.arsc@na"", ""detail"": ""4 tracker reference entries overlapped root domains from extracted HTTP(S) strings. This indicates contextual network similarity, not confirmed tracking behavior."", ""entries"": [{""description"": ""Endpoint root-domain overlapping tracker network signature"", ""hash_short"": ""ce020819"", ""location"": ""resources.arsc@na""}, {""description"": ""Endpoint root-domain overlapping tracker network signature"", ""hash_short"": ""766750ea"", ""location"": ""assets/teads_default_config.json@0""}]}",,,,NETWORK,sdk_inventory,,,3afca1a24be45a680360c300fb1348e9de4e752f881a06d9f1a25ad4c25dc78a,2026-07-04 02:11:39,NETWORK,
202240,5785,risk_profile,WARN,High,P0,OTHER,Correlation priority — Critical,"[""risk_profile_downgraded""]","{""detail"": ""Correlation priority score 3268 (Critical); synthetic prioritization signal.""}",Prioritise remediation of the contributing findings that raised this synthetic priority score.,,,OTHER,correlation_engine,,,2e7a78a63cc624fd47952be69daf3d239dfdafdebb03adbba0207756cd3b43b9,2026-07-04 02:11:39,OTHER,
202378,5790,manifest_exported_weak_guards,WARN,Medium,P1,PLATFORM,Exported components use weak guards,[],"{""path"": ""/home/secadmin/Laughlin/GitHub/ScytaleDroid/data/store/apk/sha256/bb/bbdc68441aa867f8c03195bb367e156ea16221205889a17d583f92ae132790a1.apk!AndroidManifest.xml"", ""detail"": ""Exported components rely on normal/dangerous permissions or no guard at all: androidx.profileinstaller.ProfileInstallReceiver, androidx.work.impl.diagnostics.DiagnosticsReceiver, com.facebook.CustomTabActivity, com.facebook.analytics2.logger.GooglePlayU..."", ""entries"": [{""description"": ""component@permission"", ""location"": ""/home/secadmin/Laughlin/GitHub/ScytaleDroid/data/store/apk/sha256/bb/bbdc68441aa867f8c03195bb367e156ea16221205889a17d583f92ae132790a1.apk!AndroidManifest.xml""}]}",Protect exported components with signature-level permissions or mark them non-exported.,,,PLATFORM,manifest_baseline,,,6e28cec16f59184f637f4f28d607590fce0b1036319b1cdf12cc594e1c838bbe,2026-07-04 02:12:12,PLATFORM,
202379,5790,manifest_backup_and_exports,WARN,Medium,P1,STORAGE,Backup plus exported weak components,[],"{""path"": ""/home/secadmin/Laughlin/GitHub/ScytaleDroid/data/store/apk/sha256/bb/bbdc68441aa867f8c03195bb367e156ea16221205889a17d583f92ae132790a1.apk!AndroidManifest.xml"", ""detail"": ""android:allowBackup is enabled while exported components lack strong permission guards (androidx.profileinstaller.ProfileInstallReceiver, androidx.work.impl.diagnostics.DiagnosticsReceiver, com.facebook.CustomTabActivity, com.facebook.analytics2.logger...."", ""entries"": [{""description"": ""application@allowBackup"", ""location"": ""/home/secadmin/Laughlin/GitHub/ScytaleDroid/data/store/apk/sha256/bb/bbdc68441aa867f8c03195bb367e156ea16221205889a17d583f92ae132790a1.apk!AndroidManifest.xml""}]}",Disable auto-backup or harden exported components with signature-level permissions.,,,STORAGE,manifest_baseline,,,8fa31861751213933e56482666f4c456c68d7d033722f6d0df220c668527e6fe,2026-07-04 02:12:12,STORAGE,
202380,5790,manifest_backup_enabled,WARN,Medium,P1,STORAGE,Auto-backup enabled,[],"{""path"": ""/home/secadmin/Laughlin/GitHub/ScytaleDroid/data/store/apk/sha256/bb/bbdc68441aa867f8c03195bb367e156ea16221205889a17d583f92ae132790a1.apk!AndroidManifest.xml"", ""detail"": ""Application data can be exported via Android's backup channel (android:allowBackup not set to false)."", ""entries"": [{""description"": ""application@allowBackup"", ""location"": ""/home/secadmin/Laughlin/GitHub/ScytaleDroid/data/store/apk/sha256/bb/bbdc68441aa867f8c03195bb367e156ea16221205889a17d583f92ae132790a1.apk!AndroidManifest.xml""}]}",Set android:allowBackup=false or provide an explicit backup configuration that excludes sensitive data.,,,STORAGE,manifest_baseline,,,15f863b81c5ac7143ab1003bfb312f3efef90e8f6a4de1d85d651d81f64c4880,2026-07-04 02:12:12,STORAGE,
202381,5790,manifest_legacy_external_storage,WARN,Medium,P1,STORAGE,Legacy external storage requested,[],"{""path"": ""/home/secadmin/Laughlin/GitHub/ScytaleDroid/data/store/apk/sha256/bb/bbdc68441aa867f8c03195bb367e156ea16221205889a17d583f92ae132790a1.apk!AndroidManifest.xml"", ""detail"": ""android:requestLegacyExternalStorage is true. This bypasses scoped storage protections and should be phased out."", ""entries"": [{""description"": ""application@requestLegacyExternalStorage"", ""location"": ""/home/secadmin/Laughlin/GitHub/ScytaleDroid/data/store/apk/sha256/bb/bbdc68441aa867f8c03195bb367e156ea16221205889a17d583f92ae132790a1.apk!AndroidManifest.xml""}]}",Adopt scoped storage APIs and drop requestLegacyExternalStorage for production builds.,,,STORAGE,manifest_baseline,,,70d5b391e7db281ae2cb461bc83adf02188a0f81e8f9a83e1dfbf416fc02d124,2026-07-04 02:12:12,STORAGE,
202382,5790,manifest_custom_permissions_review,INFO,Low,P2,PLATFORM,Review custom permission protection levels,[],"{""path"": ""/home/secadmin/Laughlin/GitHub/ScytaleDroid/data/store/apk/sha256/bb/bbdc68441aa867f8c03195bb367e156ea16221205889a17d583f92ae132790a1.apk!AndroidManifest.xml"", ""detail"": ""Custom permissions use uncommon protection levels: .permission.RECEIVE_ADM_MESSAGE, com.instagram.android.DYNAMIC_RECEIVER_NOT_EXPORTED_PERMISSION, com.instagram.android.permission.CROSS_PROCESS_BROADCAST_MANAGER, com.instagram.android.permission.SYSTEM..."", ""entries"": [{""description"": ""permission@protectionLevel"", ""location"": ""/home/secadmin/Laughlin/GitHub/ScytaleDroid/data/store/apk/sha256/bb/bbdc68441aa867f8c03195bb367e156ea16221205889a17d583f92ae132790a1.apk!AndroidManifest.xml""}]}",Verify the custom protection levels only grant access to trusted callers.,,,PLATFORM,manifest_baseline,,,1bec1ecb215bad4b9667e48d9cf289b72bf751eee00f2290a3564ae7d233c39a,2026-07-04 02:12:12,PLATFORM,
202383,5790,manifest_task_affinity_custom,INFO,Low,P2,PLATFORM,Custom task affinities present,[],"{""path"": ""/home/secadmin/Laughlin/GitHub/ScytaleDroid/data/store/apk/sha256/bb/bbdc68441aa867f8c03195bb367e156ea16221205889a17d583f92ae132790a1.apk!AndroidManifest.xml"", ""detail"": ""Components override the default task affinity: instagram.features.clips.pip.ui.ClipsPiPInternalActivity→com.instagram.features.clips.pip.ClipsPictureInPictureModalActivity, com.instagram.acp.igacpsecuritykey.IGACPSecurityKeySignInActivity→com.instagram...."", ""entries"": [{""description"": ""component@taskAffinity"", ""location"": ""/home/secadmin/Laughlin/GitHub/ScytaleDroid/data/store/apk/sha256/bb/bbdc68441aa867f8c03195bb367e156ea16221205889a17d583f92ae132790a1.apk!AndroidManifest.xml""}]}",Ensure custom task affinities are required and do not leak activities into other apps.,,,PLATFORM,manifest_baseline,,,2de3a747b6cf35a26a09467cac6a1601965490ed4f6a46e40f5913fa70bd979f,2026-07-04 02:12:12,PLATFORM,
202384,5790,manifest_custom_process,INFO,Low,P2,PLATFORM,Components run in custom processes,[],"{""path"": ""/home/secadmin/Laughlin/GitHub/ScytaleDroid/data/store/apk/sha256/bb/bbdc68441aa867f8c03195bb367e156ea16221205889a17d583f92ae132790a1.apk!AndroidManifest.xml"", ""detail"": ""Manifest assigns custom android:process values. Review isolation expectations for: com.facebook.cameracore.mediapipeline.asyncscripting.AsyncScriptingService→:AsyncScriptingProcess, com.meta.arfx.engine.instagram.InstagramAREngineService→:AREngineServic..."", ""entries"": [{""description"": ""component@process"", ""location"": ""/home/secadmin/Laughlin/GitHub/ScytaleDroid/data/store/apk/sha256/bb/bbdc68441aa867f8c03195bb367e156ea16221205889a17d583f92ae132790a1.apk!AndroidManifest.xml""}]}",Document why components require custom processes and ensure permissions isolate IPC boundaries.,,,PLATFORM,manifest_baseline,,,12781c1fa84fbd09c95c3dd86d34800ff862d0a10f11b56cb1b54f389ae7f196,2026-07-04 02:12:12,PLATFORM,
202385,5790,ipc_activity_open_com.instagram.mainactivity.LauncherActivity,WARN,Medium,P1,PLATFORM,Exported activity without permission,[],"{""detail"": ""Activity com.instagram.mainactivity.LauncherActivity is exported but does not declare android:permission.""}",Restrict the component with signature-level permissions or mark it non-exported unless explicitly required.,BASE-IPC-COMP-NO-ACL,8.0,PLATFORM,ipc_components,,,c3cecdec4ea791ebc8b1cbaa139c3dd84d4e3120c51322b4863055548938c0a6,2026-07-04 02:12:12,PLATFORM,PLATFORM-IPC-1
202386,5790,ipc_activity_open_com.instagram.mainactivity.InstagramMainActivity,WARN,Medium,P1,PLATFORM,Exported activity without permission,[],"{""detail"": ""Activity com.instagram.mainactivity.InstagramMainActivity is exported but does not declare android:permission.""}",Restrict the component with signature-level permissions or mark it non-exported unless explicitly required.,BASE-IPC-COMP-NO-ACL,8.0,PLATFORM,ipc_components,,,4c514576a7ea9973792d30c08ab4138d274cf044370962d1a748897997eb42e9,2026-07-04 02:12:12,PLATFORM,PLATFORM-IPC-1
202387,5790,ipc_activity-alias_open_com.meta.foa.deeplink.FoaDeeplinkActivityAliasUniversalLink,WARN,Medium,P1,PLATFORM,Exported activity alias without permission,[],"{""detail"": ""Activity Alias com.meta.foa.deeplink.FoaDeeplinkActivityAliasUniversalLink is exported but does not declare android:permission.""}",Restrict the component with signature-level permissions or mark it non-exported unless explicitly required.,BASE-IPC-COMP-NO-ACL,8.0,PLATFORM,ipc_components,,,b8a90b8cc85dc55f8d57fe3d5bed3cb1b31a4fb35f4fff31d7fed5272a4e4c84,2026-07-04 02:12:12,PLATFORM,PLATFORM-IPC-1
202388,5790,ipc_activity-alias_open_com.meta.foa.deeplink.FoaDeeplinkActivityAliasAppScheme,WARN,Medium,P1,PLATFORM,Exported activity alias without permission,[],"{""detail"": ""Activity Alias com.meta.foa.deeplink.FoaDeeplinkActivityAliasAppScheme is exported but does not declare android:permission.""}",Restrict the component with signature-level permissions or mark it non-exported unless explicitly required.,BASE-IPC-COMP-NO-ACL,8.0,PLATFORM,ipc_components,,,17dcdc967045382ec1f7ca25712e0702d91f7bc82728bbd9c4e448559d33172a,2026-07-04 02:12:12,PLATFORM,PLATFORM-IPC-1
202389,5790,ipc_activity-alias_open_com.instagram.android.InternalLauncher,WARN,Medium,P1,PLATFORM,Exported activity alias without permission,[],"{""detail"": ""Activity Alias com.instagram.android.InternalLauncher is exported but does not declare android:permission.""}",Restrict the component with signature-level permissions or mark it non-exported unless explicitly required.,BASE-IPC-COMP-NO-ACL,8.0,PLATFORM,ipc_components,,,af57c1a6c76c4bbc65ba14c961b49129e268d625dcf2af92a5557d6149c112fa,2026-07-04 02:12:12,PLATFORM,PLATFORM-IPC-1
202390,5790,ipc_activity-alias_open_com.instagram.android.activity.MainTabActivity,WARN,Medium,P1,PLATFORM,Exported activity alias without permission,[],"{""detail"": ""Activity Alias com.instagram.android.activity.MainTabActivity is exported but does not declare android:permission.""}",Restrict the component with signature-level permissions or mark it non-exported unless explicitly required.,BASE-IPC-COMP-NO-ACL,8.0,PLATFORM,ipc_components,,,9bf13f4ff0c692edf6f54e44ac21ea8ea9d798a2be59df2310f1de1aa2a9f96a,2026-07-04 02:12:12,PLATFORM,PLATFORM-IPC-1
202391,5790,ipc_activity-alias_open_com.instagram.android.activity.MainTabActivity.kpop,WARN,Medium,P1,PLATFORM,Exported activity alias without permission,[],"{""detail"": ""Activity Alias com.instagram.android.activity.MainTabActivity.kpop is exported but does not declare android:permission.""}",Restrict the component with signature-level permissions or mark it non-exported unless explicitly required.,BASE-IPC-COMP-NO-ACL,8.0,PLATFORM,ipc_components,,,cc9b419f62fbf74f0da9b39790142947a174757d80a37feaee4341fc319cf136,2026-07-04 02:12:12,PLATFORM,PLATFORM-IPC-1
202392,5790,ipc_activity-alias_open_com.instagram.android.activity.MainTabActivity.floral,WARN,Medium,P1,PLATFORM,Exported activity alias without permission,[],"{""detail"": ""Activity Alias com.instagram.android.activity.MainTabActivity.floral is exported but does not declare android:permission.""}",Restrict the component with signature-level permissions or mark it non-exported unless explicitly required.,BASE-IPC-COMP-NO-ACL,8.0,PLATFORM,ipc_components,,,214c10dab5a5bd1b5a6be5f35dec3f533f07a5bc08455827e15d51ce0e456051,2026-07-04 02:12:12,PLATFORM,PLATFORM-IPC-1
202393,5790,ipc_activity-alias_open_com.instagram.android.activity.MainTabActivity.flame,WARN,Medium,P1,PLATFORM,Exported activity alias without permission,[],"{""detail"": ""Activity Alias com.instagram.android.activity.MainTabActivity.flame is exported but does not declare android:permission.""}",Restrict the component with signature-level permissions or mark it non-exported unless explicitly required.,BASE-IPC-COMP-NO-ACL,8.0,PLATFORM,ipc_components,,,d95ef9f315ac3a11d63956f8afa22f696c76f784c713828f6d8273ab71d5e5f6,2026-07-04 02:12:12,PLATFORM,PLATFORM-IPC-1
202394,5790,ipc_activity-alias_open_com.instagram.android.activity.MainTabActivity.slime,WARN,Medium,P1,PLATFORM,Exported activity alias without permission,[],"{""detail"": ""Activity Alias com.instagram.android.activity.MainTabActivity.slime is exported but does not declare android:permission.""}",Restrict the component with signature-level permissions or mark it non-exported unless explicitly required.,BASE-IPC-COMP-NO-ACL,8.0,PLATFORM,ipc_components,,,ec30806afea7d0c1ca40e6d1c9da9854fd3460e8de794670e15b6779e71ea0e4,2026-07-04 02:12:12,PLATFORM,PLATFORM-IPC-1
202395,5790,ipc_activity-alias_open_com.instagram.android.activity.MainTabActivity.neon,WARN,Medium,P1,PLATFORM,Exported activity alias without permission,[],"{""detail"": ""Activity Alias com.instagram.android.activity.MainTabActivity.neon is exported but does not declare android:permission.""}",Restrict the component with signature-level permissions or mark it non-exported unless explicitly required.,BASE-IPC-COMP-NO-ACL,8.0,PLATFORM,ipc_components,,,3100a710e1587d514bc2d280c0f5ebd441d9265106f817b3136275e865d393aa,2026-07-04 02:12:12,PLATFORM,PLATFORM-IPC-1
202396,5790,ipc_activity-alias_open_com.instagram.android.activity.MainTabActivity.metal,WARN,Medium,P1,PLATFORM,Exported activity alias without permission,[],"{""detail"": ""Activity Alias com.instagram.android.activity.MainTabActivity.metal is exported but does not declare android:permission.""}",Restrict the component with signature-level permissions or mark it non-exported unless explicitly required.,BASE-IPC-COMP-NO-ACL,8.0,PLATFORM,ipc_components,,,d93232f09662d9fd5bae17bbb13f5956cec2ee02dca2d5426d239ebb64cdb146,2026-07-04 02:12:12,PLATFORM,PLATFORM-IPC-1
202397,5790,ipc_activity-alias_open_com.instagram.android.activity.MainTabActivity.haruko,WARN,Medium,P1,PLATFORM,Exported activity alias without permission,[],"{""detail"": ""Activity Alias com.instagram.android.activity.MainTabActivity.haruko is exported but does not declare android:permission.""}",Restrict the component with signature-level permissions or mark it non-exported unless explicitly required.,BASE-IPC-COMP-NO-ACL,8.0,PLATFORM,ipc_components,,,1736b4bbbd59f6034301d5539eb811393a47351bc83233a0cfcfcc7bfa420e18,2026-07-04 02:12:12,PLATFORM,PLATFORM-IPC-1
202398,5790,ipc_activity-alias_open_com.instagram.android.activity.MainTabActivity.felipe,WARN,Medium,P1,PLATFORM,Exported activity alias without permission,[],"{""detail"": ""Activity Alias com.instagram.android.activity.MainTabActivity.felipe is exported but does not declare android:permission.""}",Restrict the component with signature-level permissions or mark it non-exported unless explicitly required.,BASE-IPC-COMP-NO-ACL,8.0,PLATFORM,ipc_components,,,bb212f41dd9f584f0628902a975dcd60a28b6b17bf54fd4112db393fa0ea08e2,2026-07-04 02:12:12,PLATFORM,PLATFORM-IPC-1
202399,5790,ipc_activity-alias_open_com.instagram.android.activity.MainTabActivity.humberto,WARN,Medium,P1,PLATFORM,Exported activity alias without permission,[],"{""detail"": ""Activity Alias com.instagram.android.activity.MainTabActivity.humberto is exported but does not declare android:permission.""}",Restrict the component with signature-level permissions or mark it non-exported unless explicitly required.,BASE-IPC-COMP-NO-ACL,8.0,PLATFORM,ipc_components,,,4f79c90612f38bc5dc345eabb5e696638ed3a285663f6b1de6db06051dd8887a,2026-07-04 02:12:12,PLATFORM,PLATFORM-IPC-1
202400,5790,ipc_activity-alias_open_com.instagram.android.activity.MainTabActivity.zipeng,WARN,Medium,P1,PLATFORM,Exported activity alias without permission,[],"{""detail"": ""Activity Alias com.instagram.android.activity.MainTabActivity.zipeng is exported but does not declare android:permission.""}",Restrict the component with signature-level permissions or mark it non-exported unless explicitly required.,BASE-IPC-COMP-NO-ACL,8.0,PLATFORM,ipc_components,,,5b3e0c4a7dcd02553b6316daf08f8fec870e3d8ba8b88753b5099163c65252c0,2026-07-04 02:12:12,PLATFORM,PLATFORM-IPC-1
202401,5790,ipc_activity-alias_open_com.instagram.android.activity.MainTabActivity.uzo,WARN,Medium,P1,PLATFORM,Exported activity alias without permission,[],"{""detail"": ""Activity Alias com.instagram.android.activity.MainTabActivity.uzo is exported but does not declare android:permission.""}",Restrict the component with signature-level permissions or mark it non-exported unless explicitly required.,BASE-IPC-COMP-NO-ACL,8.0,PLATFORM,ipc_components,,,85eba68820d035d9ed1a19ba0cabcad21f56c417eca6291d6e06518bf6efefad,2026-07-04 02:12:12,PLATFORM,PLATFORM-IPC-1
202402,5790,ipc_activity-alias_open_com.instagram.android.activity.MainTabActivity.ricky,WARN,Medium,P1,PLATFORM,Exported activity alias without permission,[],"{""detail"": ""Activity Alias com.instagram.android.activity.MainTabActivity.ricky is exported but does not declare android:permission.""}",Restrict the component with signature-level permissions or mark it non-exported unless explicitly required.,BASE-IPC-COMP-NO-ACL,8.0,PLATFORM,ipc_components,,,e52b24beae48541ad218229c09f4fd5d44f6f99762773e536754b4301e573502,2026-07-04 02:12:12,PLATFORM,PLATFORM-IPC-1
202403,5790,ipc_activity-alias_open_com.instagram.android.activity.MainTabActivity.throwback,WARN,Medium,P1,PLATFORM,Exported activity alias without permission,[],"{""detail"": ""Activity Alias com.instagram.android.activity.MainTabActivity.throwback is exported but does not declare android:permission.""}",Restrict the component with signature-level permissions or mark it non-exported unless explicitly required.,BASE-IPC-COMP-NO-ACL,8.0,PLATFORM,ipc_components,,,3b6ef2f59fea395061b98975fa94f46930e77d706ded15036e046b8d6069a6ba,2026-07-04 02:12:12,PLATFORM,PLATFORM-IPC-1
202404,5790,ipc_activity_open_com.instagram.url.UrlHandlerActivity,WARN,Medium,P1,PLATFORM,Exported activity without permission,[],"{""detail"": ""Activity com.instagram.url.UrlHandlerActivity is exported but does not declare android:permission.""}",Restrict the component with signature-level permissions or mark it non-exported unless explicitly required.,BASE-IPC-COMP-NO-ACL,8.0,PLATFORM,ipc_components,,,14c5fd3773c17bb9f09e45ef26962a725a2d179842f50ca4695d142725252a9e,2026-07-04 02:12:12,PLATFORM,PLATFORM-IPC-1
202405,5790,ipc_activity_open_com.instagram.url.UrlHandlerLauncherActivity,WARN,Medium,P1,PLATFORM,Exported activity without permission,[],"{""detail"": ""Activity com.instagram.url.UrlHandlerLauncherActivity is exported but does not declare android:permission.""}",Restrict the component with signature-level permissions or mark it non-exported unless explicitly required.,BASE-IPC-COMP-NO-ACL,8.0,PLATFORM,ipc_components,,,4ea6fb26dffa164384cde54fa4e6ae10905e26e8087b1947577f20788b913aea,2026-07-04 02:12:12,PLATFORM,PLATFORM-IPC-1
202406,5790,ipc_activity-alias_open_com.instagram.url.InstagramShortenDeeplinkAliasActivity,WARN,Medium,P1,PLATFORM,Exported activity alias without permission,[],"{""detail"": ""Activity Alias com.instagram.url.InstagramShortenDeeplinkAliasActivity is exported but does not declare android:permission.""}",Restrict the component with signature-level permissions or mark it non-exported unless explicitly required.,BASE-IPC-COMP-NO-ACL,8.0,PLATFORM,ipc_components,,,01e843bf77d1d87ee96e209154c9d2f43dd76cc9b3d61c9321edbadb6ea00c79,2026-07-04 02:12:12,PLATFORM,PLATFORM-IPC-1
202407,5790,ipc_activity-alias_open_com.instagram.url.InstagramHelpDeeplinkAliasActivity,WARN,Medium,P1,PLATFORM,Exported activity alias without permission,[],"{""detail"": ""Activity Alias com.instagram.url.InstagramHelpDeeplinkAliasActivity is exported but does not declare android:permission.""}",Restrict the component with signature-level permissions or mark it non-exported unless explicitly required.,BASE-IPC-COMP-NO-ACL,8.0,PLATFORM,ipc_components,,,86264e55a047c3ff8ba1c57635f38146b7ebeeaf8fbb173e2bc618a71218ff40,2026-07-04 02:12:12,PLATFORM,PLATFORM-IPC-1
202408,5790,ipc_activity_open_com.facebook.CustomTabActivity,WARN,Medium,P1,PLATFORM,Exported activity without permission,[],"{""detail"": ""Activity com.facebook.CustomTabActivity is exported but does not declare android:permission.""}",Restrict the component with signature-level permissions or mark it non-exported unless explicitly required.,BASE-IPC-COMP-NO-ACL,8.0,PLATFORM,ipc_components,,,f336aaec87d3972139271c9f7ef40e98388abc5a281b3ed123351887b46a2fd1,2026-07-04 02:12:12,PLATFORM,PLATFORM-IPC-1
202409,5790,ipc_service_open_com.facebook.rti.push.service.FbnsService,WARN,Medium,P1,PLATFORM,Exported service without permission,[],"{""detail"": ""Service com.facebook.rti.push.service.FbnsService is exported but does not declare android:permission.""}",Restrict the component with signature-level permissions or mark it non-exported unless explicitly required.,BASE-IPC-COMP-NO-ACL,8.0,PLATFORM,ipc_components,,,43a04e6383c352dc5166a7e4c9b0205eaf158f60ef01a81da3e6ca16a65303b9,2026-07-04 02:12:12,PLATFORM,PLATFORM-IPC-1
202410,5790,ipc_provider_world_com.instagram.contentprovider.users.impl.IgLoggedInUsersContentProvider,FAIL,High,P0,PLATFORM,Exported provider without permission — com.instagram.contentprovider.users.impl.IgLoggedInUsersContentProvider,[],"{""detail"": ""Content provider is exported without read/write permissions, allowing external processes to query data.""}",Declare readPermission and writePermission or mark the provider as private (exported=false).,,,PLATFORM,ipc_components,,,9bb8ae3667321fbe39616893b95b97154d6d6f2cdd2b48d542d1149201abc5a7,2026-07-04 02:12:12,PLATFORM,
202411,5790,ipc_receiver_open_com.instagram.launcherbadges.LauncherBadgesReceiver,WARN,Medium,P1,PLATFORM,Exported receiver without permission,[],"{""detail"": ""Receiver com.instagram.launcherbadges.LauncherBadgesReceiver is exported but does not declare android:permission.""}",Restrict the component with signature-level permissions or mark it non-exported unless explicitly required.,BASE-IPC-COMP-NO-ACL,8.0,PLATFORM,ipc_components,,,8ae6a318adbaa1f6276ed811fe04706b1cafad8be661d1ae96607345c4b2c0cf,2026-07-04 02:12:12,PLATFORM,PLATFORM-IPC-1
202412,5790,ipc_provider_world_com.instagram.contentprovider.DeferredCurrentUserProvider,FAIL,High,P0,PLATFORM,Exported provider without permission — com.instagram.contentprovider.DeferredCurrentUserProvider,[],"{""detail"": ""Content provider is exported without read/write permissions, allowing external processes to query data.""}",Declare readPermission and writePermission or mark the provider as private (exported=false).,,,PLATFORM,ipc_components,,,9bb8ae3667321fbe39616893b95b97154d6d6f2cdd2b48d542d1149201abc5a7,2026-07-04 02:12:12,PLATFORM,
202413,5790,ipc_provider_world_com.instagram.barcelona.feed.crossapp.contentprovider.ThreadsContentProvider,FAIL,High,P0,PLATFORM,Exported provider without permission — com.instagram.barcelona.feed.crossapp.contentprovider.ThreadsContentProvider,[],"{""detail"": ""Content provider is exported without read/write permissions, allowing external processes to query data.""}",Declare readPermission and writePermission or mark the provider as private (exported=false).,,,PLATFORM,ipc_components,,,9bb8ae3667321fbe39616893b95b97154d6d6f2cdd2b48d542d1149201abc5a7,2026-07-04 02:12:12,PLATFORM,
202414,5790,ipc_provider_world_com.instagram.quicksnap.viewer.seenstate.provider.QuickSnapSeenStateProvider,FAIL,High,P0,PLATFORM,Exported provider without permission — com.instagram.quicksnap.viewer.seenstate.provider.QuickSnapSeenStateProvider,[],"{""detail"": ""Content provider is exported without read/write permissions, allowing external processes to query data.""}",Declare readPermission and writePermission or mark the provider as private (exported=false).,,,PLATFORM,ipc_components,,,9bb8ae3667321fbe39616893b95b97154d6d6f2cdd2b48d542d1149201abc5a7,2026-07-04 02:12:12,PLATFORM,
202415,5790,ipc_provider_world_com.instagram.contentprovider.AsyncFamilyAppsUserValuesProvider,FAIL,High,P0,PLATFORM,Exported provider without permission — com.instagram.contentprovider.AsyncFamilyAppsUserValuesProvider,[],"{""detail"": ""Content provider is exported without read/write permissions, allowing external processes to query data.""}",Declare readPermission and writePermission or mark the provider as private (exported=false).,,,PLATFORM,ipc_components,,,9bb8ae3667321fbe39616893b95b97154d6d6f2cdd2b48d542d1149201abc5a7,2026-07-04 02:12:12,PLATFORM,
202416,5790,ipc_provider_world_com.instagram.liteprovider.v2.FirstPartyUserValuesLiteProviderV2,FAIL,High,P0,PLATFORM,Exported provider without permission — com.instagram.liteprovider.v2.FirstPartyUserValuesLiteProviderV2,[],"{""detail"": ""Content provider is exported without read/write permissions, allowing external processes to query data.""}",Declare readPermission and writePermission or mark the provider as private (exported=false).,,,PLATFORM,ipc_components,,,9bb8ae3667321fbe39616893b95b97154d6d6f2cdd2b48d542d1149201abc5a7,2026-07-04 02:12:12,PLATFORM,
202417,5790,ipc_provider_world_com.instagram.liteprovider.usdid.UsdidValuesProvider,FAIL,High,P0,PLATFORM,Exported provider without permission — com.instagram.liteprovider.usdid.UsdidValuesProvider,[],"{""detail"": ""Content provider is exported without read/write permissions, allowing external processes to query data.""}",Declare readPermission and writePermission or mark the provider as private (exported=false).,,,PLATFORM,ipc_components,,,9bb8ae3667321fbe39616893b95b97154d6d6f2cdd2b48d542d1149201abc5a7,2026-07-04 02:12:12,PLATFORM,
202418,5790,ipc_provider_world_com.instagram.contentprovider.InstallReferrerProvider,FAIL,High,P0,PLATFORM,Exported provider without permission — com.instagram.contentprovider.InstallReferrerProvider,[],"{""detail"": ""Content provider is exported without read/write permissions, allowing external processes to query data.""}",Declare readPermission and writePermission or mark the provider as private (exported=false).,,,PLATFORM,ipc_components,,,9bb8ae3667321fbe39616893b95b97154d6d6f2cdd2b48d542d1149201abc5a7,2026-07-04 02:12:12,PLATFORM,
202419,5790,ipc_provider_world_com.instagram.whatsapp.foabackuptoken.FoaBackupTokenProvider,FAIL,High,P0,PLATFORM,Exported provider without permission — com.instagram.whatsapp.foabackuptoken.FoaBackupTokenProvider,[],"{""detail"": ""Content provider is exported without read/write permissions, allowing external processes to query data.""}",Declare readPermission and writePermission or mark the provider as private (exported=false).,,,PLATFORM,ipc_components,,,9bb8ae3667321fbe39616893b95b97154d6d6f2cdd2b48d542d1149201abc5a7,2026-07-04 02:12:12,PLATFORM,
202420,5790,ipc_provider_world_com.instagram.common.analytics.fdidlite.AsyncInstagramFDIDLiteProvider,FAIL,High,P0,PLATFORM,Exported provider without permission — com.instagram.common.analytics.fdidlite.AsyncInstagramFDIDLiteProvider,[],"{""detail"": ""Content provider is exported without read/write permissions, allowing external processes to query data.""}",Declare readPermission and writePermission or mark the provider as private (exported=false).,,,PLATFORM,ipc_components,,,9bb8ae3667321fbe39616893b95b97154d6d6f2cdd2b48d542d1149201abc5a7,2026-07-04 02:12:12,PLATFORM,
202421,5790,ipc_provider_world_com.instagram.creation.drafts.contentprovider.ClipsDraftProvider,FAIL,High,P0,PLATFORM,Exported provider without permission — com.instagram.creation.drafts.contentprovider.ClipsDraftProvider,[],"{""detail"": ""Content provider is exported without read/write permissions, allowing external processes to query data.""}",Declare readPermission and writePermission or mark the provider as private (exported=false).,,,PLATFORM,ipc_components,,,9bb8ae3667321fbe39616893b95b97154d6d6f2cdd2b48d542d1149201abc5a7,2026-07-04 02:12:12,PLATFORM,
202422,5790,ipc_provider_world_com.instagram.basel.integration.contentprovider.BaselContextProvider,FAIL,High,P0,PLATFORM,Exported provider without permission — com.instagram.basel.integration.contentprovider.BaselContextProvider,[],"{""detail"": ""Content provider is exported without read/write permissions, allowing external processes to query data.""}",Declare readPermission and writePermission or mark the provider as private (exported=false).,,,PLATFORM,ipc_components,,,9bb8ae3667321fbe39616893b95b97154d6d6f2cdd2b48d542d1149201abc5a7,2026-07-04 02:12:12,PLATFORM,
202423,5790,ipc_provider_world_com.instagram.contentprovider.DeferredDeeplinkProvider,FAIL,High,P0,PLATFORM,Exported provider without permission — com.instagram.contentprovider.DeferredDeeplinkProvider,[],"{""detail"": ""Content provider is exported without read/write permissions, allowing external processes to query data.""}",Declare readPermission and writePermission or mark the provider as private (exported=false).,,,PLATFORM,ipc_components,,,9bb8ae3667321fbe39616893b95b97154d6d6f2cdd2b48d542d1149201abc5a7,2026-07-04 02:12:12,PLATFORM,
202424,5790,ipc_provider_world_com.instagram.barcelonaig.tixu.directtransfer.TixuDirectTransferProvider,FAIL,High,P0,PLATFORM,Exported provider without permission — com.instagram.barcelonaig.tixu.directtransfer.TixuDirectTransferProvider,[],"{""detail"": ""Content provider is exported without read/write permissions, allowing external processes to query data.""}",Declare readPermission and writePermission or mark the provider as private (exported=false).,,,PLATFORM,ipc_components,,,9bb8ae3667321fbe39616893b95b97154d6d6f2cdd2b48d542d1149201abc5a7,2026-07-04 02:12:12,PLATFORM,
202425,5790,ipc_provider_world_com.instagram.barcelonaig.deferreddeeplink.TixuDeferredDeeplinkProvider,FAIL,High,P0,PLATFORM,Exported provider without permission — com.instagram.barcelonaig.deferreddeeplink.TixuDeferredDeeplinkProvider,[],"{""detail"": ""Content provider is exported without read/write permissions, allowing external processes to query data.""}",Declare readPermission and writePermission or mark the provider as private (exported=false).,,,PLATFORM,ipc_components,,,9bb8ae3667321fbe39616893b95b97154d6d6f2cdd2b48d542d1149201abc5a7,2026-07-04 02:12:12,PLATFORM,
202426,5790,ipc_provider_world_com.instagram.growth.xav.fifudeferreddeeplink.FifuDeferredDeeplinkProvider,FAIL,High,P0,PLATFORM,Exported provider without permission — com.instagram.growth.xav.fifudeferreddeeplink.FifuDeferredDeeplinkProvider,[],"{""detail"": ""Content provider is exported without read/write permissions, allowing external processes to query data.""}",Declare readPermission and writePermission or mark the provider as private (exported=false).,,,PLATFORM,ipc_components,,,9bb8ae3667321fbe39616893b95b97154d6d6f2cdd2b48d542d1149201abc5a7,2026-07-04 02:12:12,PLATFORM,
202427,5790,ipc_service_open_com.instagram.fbpay.w3c.ipc.IsReadyToPayServiceImpl,WARN,Medium,P1,PLATFORM,Exported service without permission,[],"{""detail"": ""Service com.instagram.fbpay.w3c.ipc.IsReadyToPayServiceImpl is exported but does not declare android:permission.""}",Restrict the component with signature-level permissions or mark it non-exported unless explicitly required.,BASE-IPC-COMP-NO-ACL,8.0,PLATFORM,ipc_components,,,3e67c03f734210a9e2bfd409dc0c6d63600174d4f958d64fb47400553aca26ba,2026-07-04 02:12:12,PLATFORM,PLATFORM-IPC-1
202428,5790,ipc_service_open_com.fbpay.w3c.ipc.AutofillKeyFetchServiceImpl,WARN,Medium,P1,PLATFORM,Exported service without permission,[],"{""detail"": ""Service com.fbpay.w3c.ipc.AutofillKeyFetchServiceImpl is exported but does not declare android:permission.""}",Restrict the component with signature-level permissions or mark it non-exported unless explicitly required.,BASE-IPC-COMP-NO-ACL,8.0,PLATFORM,ipc_components,,,6375d3067a9fa05b30eabb71a991c81ea4cfdec09bc45450fa4f5c9e2a0c004d,2026-07-04 02:12:12,PLATFORM,PLATFORM-IPC-1
202429,5790,ipc_activity_open_com.instagram.fbpay.w3c.views.PaymentActivity,WARN,Medium,P1,PLATFORM,Exported activity without permission,[],"{""detail"": ""Activity com.instagram.fbpay.w3c.views.PaymentActivity is exported but does not declare android:permission.""}",Restrict the component with signature-level permissions or mark it non-exported unless explicitly required.,BASE-IPC-COMP-NO-ACL,8.0,PLATFORM,ipc_components,,,ac59bfd0f57eb2af5072c28c7fc30ea7919ae94527eac2ad37e748e0ea3da60f,2026-07-04 02:12:12,PLATFORM,PLATFORM-IPC-1
202430,5790,ipc_service_open_com.meta.mfa.service.MfaCrossAppServiceImpl,WARN,Medium,P1,PLATFORM,Exported service without permission,[],"{""detail"": ""Service com.meta.mfa.service.MfaCrossAppServiceImpl is exported but does not declare android:permission.""}",Restrict the component with signature-level permissions or mark it non-exported unless explicitly required.,BASE-IPC-COMP-NO-ACL,8.0,PLATFORM,ipc_components,,,291554cda38980ffd0e25817fbd2e75d77ebc6e62a20bc7fc40ac6d982679300,2026-07-04 02:12:12,PLATFORM,PLATFORM-IPC-1
202431,5790,ipc_service_open_com.meta.trusteddevice.service.TrustedDeviceFoundationServiceImpl,WARN,Medium,P1,PLATFORM,Exported service without permission,[],"{""detail"": ""Service com.meta.trusteddevice.service.TrustedDeviceFoundationServiceImpl is exported but does not declare android:permission.""}",Restrict the component with signature-level permissions or mark it non-exported unless explicitly required.,BASE-IPC-COMP-NO-ACL,8.0,PLATFORM,ipc_components,,,bd903a1616a56760b223f0a15c5fcedceafe0508e0ef43ceb744525fc046db34,2026-07-04 02:12:12,PLATFORM,PLATFORM-IPC-1
202432,5790,ipc_activity_open_com.instagram.urlhandlers.boostresharedmedianotdelivering.BoostResharedMediaNotDeliveringUrlHandlerActivity,WARN,Medium,P1,PLATFORM,Exported activity without permission,[],"{""detail"": ""Activity com.instagram.urlhandlers.boostresharedmedianotdelivering.BoostResharedMediaNotDeliveringUrlHandlerActivity is exported but does not declare android:permission.""}",Restrict the component with signature-level permissions or mark it non-exported unless explicitly required.,BASE-IPC-COMP-NO-ACL,8.0,PLATFORM,ipc_components,,,744792e0f49ea2800827a99541ca79bb18c6a8dbc3b0f93ef1509803c9f8356e,2026-07-04 02:12:12,PLATFORM,PLATFORM-IPC-1
202433,5790,ipc_activity_open_com.instagram.urlhandlers.broadcastchannel.CreateBroadcastChatUrlHandlerActivity,WARN,Medium,P1,PLATFORM,Exported activity without permission,[],"{""detail"": ""Activity com.instagram.urlhandlers.broadcastchannel.CreateBroadcastChatUrlHandlerActivity is exported but does not declare android:permission.""}",Restrict the component with signature-level permissions or mark it non-exported unless explicitly required.,BASE-IPC-COMP-NO-ACL,8.0,PLATFORM,ipc_components,,,1f996369e1898491ba33ae7835b03230a4c60e64712f2f9156edf6a8b3b996e9,2026-07-04 02:12:12,PLATFORM,PLATFORM-IPC-1
202434,5790,ipc_receiver_open_com.instagram.zero.wake.FbToIgZbdWakeReceiver,WARN,Medium,P1,PLATFORM,Exported receiver without permission,[],"{""detail"": ""Receiver com.instagram.zero.wake.FbToIgZbdWakeReceiver is exported but does not declare android:permission.""}",Restrict the component with signature-level permissions or mark it non-exported unless explicitly required.,BASE-IPC-COMP-NO-ACL,8.0,PLATFORM,ipc_components,,,ca7d3e541bff4caaa1111102d9034a9a9fcf4f82b349870de5f51b01bcf5da4e,2026-07-04 02:12:12,PLATFORM,PLATFORM-IPC-1
202435,5790,ipc_activity_open_com.instagram.lockscreen.CameraLauncherActivity,WARN,Medium,P1,PLATFORM,Exported activity without permission,[],"{""detail"": ""Activity com.instagram.lockscreen.CameraLauncherActivity is exported but does not declare android:permission.""}",Restrict the component with signature-level permissions or mark it non-exported unless explicitly required.,BASE-IPC-COMP-NO-ACL,8.0,PLATFORM,ipc_components,,,d6ac6957486df98f9215f0d7b0288eb143c6c2ae08e8bed5857d570522361823,2026-07-04 02:12:12,PLATFORM,PLATFORM-IPC-1
202436,5790,ipc_activity_open_com.facebook.flipper.android.diagnostics.FlipperDiagnosticActivity,WARN,Medium,P1,PLATFORM,Exported activity without permission,[],"{""detail"": ""Activity com.facebook.flipper.android.diagnostics.FlipperDiagnosticActivity is exported but does not declare android:permission.""}",Restrict the component with signature-level permissions or mark it non-exported unless explicitly required.,BASE-IPC-COMP-NO-ACL,8.0,PLATFORM,ipc_components,,,237bb90de80bb3ff92a832806532ddb09b3afb97735e80c3551fc281141191e7,2026-07-04 02:12:12,PLATFORM,PLATFORM-IPC-1
202437,5790,ipc_receiver_open_com.instagram.pendingmedia.service.debug.DebugCommandsReceiver,WARN,Medium,P1,PLATFORM,Exported receiver without permission,[],"{""detail"": ""Receiver com.instagram.pendingmedia.service.debug.DebugCommandsReceiver is exported but does not declare android:permission.""}",Restrict the component with signature-level permissions or mark it non-exported unless explicitly required.,BASE-IPC-COMP-NO-ACL,8.0,PLATFORM,ipc_components,,,145ace9b8c38d0443faa90555b21096b959b77d77585da05ba6fd45b1ff36d32,2026-07-04 02:12:12,PLATFORM,PLATFORM-IPC-1
202438,5790,ipc_activity_open_com.instagram.urlhandlers.wa_iab_callback.WaIabCallbackUrlHandlerActivity,WARN,Medium,P1,PLATFORM,Exported activity without permission,[],"{""detail"": ""Activity com.instagram.urlhandlers.wa_iab_callback.WaIabCallbackUrlHandlerActivity is exported but does not declare android:permission.""}",Restrict the component with signature-level permissions or mark it non-exported unless explicitly required.,BASE-IPC-COMP-NO-ACL,8.0,PLATFORM,ipc_components,,,ac58a2fa37386b70591b4d533a194f8e82ad0034ec7944b51cbe4b8fbdc44396,2026-07-04 02:12:12,PLATFORM,PLATFORM-IPC-1
202439,5790,ipc_activity_open_com.instagram.direct.stella.permission.StellaPermissionActivity,WARN,Medium,P1,PLATFORM,Exported activity without permission,[],"{""detail"": ""Activity com.instagram.direct.stella.permission.StellaPermissionActivity is exported but does not declare android:permission.""}",Restrict the component with signature-level permissions or mark it non-exported unless explicitly required.,BASE-IPC-COMP-NO-ACL,8.0,PLATFORM,ipc_components,,,4c59d6dc992fca72e8148d36e479a62ac8f33ee08daa815829fc4a4e7eb7de76,2026-07-04 02:12:12,PLATFORM,PLATFORM-IPC-1
202440,5790,ipc_activity_open_com.instagram.loginviaapp.LoginViaAppIgActivity,WARN,Medium,P1,PLATFORM,Exported activity without permission,[],"{""detail"": ""Activity com.instagram.loginviaapp.LoginViaAppIgActivity is exported but does not declare android:permission.""}",Restrict the component with signature-level permissions or mark it non-exported unless explicitly required.,BASE-IPC-COMP-NO-ACL,8.0,PLATFORM,ipc_components,,,c213f5ed429f5a69ecd83fd315e86ef267714a16832c4b83418bb78dfecfaecb,2026-07-04 02:12:12,PLATFORM,PLATFORM-IPC-1
202441,5790,ipc_receiver_open_com.instagram.appcomponentmanager.IgAppComponentReceiver,WARN,Medium,P1,PLATFORM,Exported receiver without permission,[],"{""detail"": ""Receiver com.instagram.appcomponentmanager.IgAppComponentReceiver is exported but does not declare android:permission.""}",Restrict the component with signature-level permissions or mark it non-exported unless explicitly required.,BASE-IPC-COMP-NO-ACL,8.0,PLATFORM,ipc_components,,,197b46983e6995129f0fad9a195d0e7570383495d8320584c03eca315366c41b,2026-07-04 02:12:12,PLATFORM,PLATFORM-IPC-1
202442,5790,ipc_activity_open_com.instagram.direct.share.handler.DirectShareHandlerActivity,WARN,Medium,P1,PLATFORM,Exported activity without permission,[],"{""detail"": ""Activity com.instagram.direct.share.handler.DirectShareHandlerActivity is exported but does not declare android:permission.""}",Restrict the component with signature-level permissions or mark it non-exported unless explicitly required.,BASE-IPC-COMP-NO-ACL,8.0,PLATFORM,ipc_components,,,64dbe6bda1998d603ba3996ee5025cdc57ff4781d8a415cc9ed674be21dada9d,2026-07-04 02:12:12,PLATFORM,PLATFORM-IPC-1
202443,5790,ipc_activity_open_com.instagram.direct.share.handler.DirectExternalMediaShareActivity,WARN,Medium,P1,PLATFORM,Exported activity without permission,[],"{""detail"": ""Activity com.instagram.direct.share.handler.DirectExternalMediaShareActivity is exported but does not declare android:permission.""}",Restrict the component with signature-level permissions or mark it non-exported unless explicitly required.,BASE-IPC-COMP-NO-ACL,8.0,PLATFORM,ipc_components,,,72df905c271eca7c72d05e9470c57a7a840da9bef558b07c68f75e9b6ab499ac,2026-07-04 02:12:12,PLATFORM,PLATFORM-IPC-1
202444,5790,ipc_activity-alias_open_com.instagram.direct.share.handler.DirectExternalMediaShareActivityVideo,WARN,Medium,P1,PLATFORM,Exported activity alias without permission,[],"{""detail"": ""Activity Alias com.instagram.direct.share.handler.DirectExternalMediaShareActivityVideo is exported but does not declare android:permission.""}",Restrict the component with signature-level permissions or mark it non-exported unless explicitly required.,BASE-IPC-COMP-NO-ACL,8.0,PLATFORM,ipc_components,,,88e393c3a466cd09f525db64b7f836c36e7ad3ef42c5541b28fd598ba0499e0f,2026-07-04 02:12:12,PLATFORM,PLATFORM-IPC-1
202445,5790,ipc_activity-alias_open_com.instagram.direct.share.handler.DirectExternalMediaShareActivityPhoto,WARN,Medium,P1,PLATFORM,Exported activity alias without permission,[],"{""detail"": ""Activity Alias com.instagram.direct.share.handler.DirectExternalMediaShareActivityPhoto is exported but does not declare android:permission.""}",Restrict the component with signature-level permissions or mark it non-exported unless explicitly required.,BASE-IPC-COMP-NO-ACL,8.0,PLATFORM,ipc_components,,,0bcdedf4b9851c7bdb71cbc5bd233d4c213c5d0e546f2b7c8c7525295ac0499d,2026-07-04 02:12:12,PLATFORM,PLATFORM-IPC-1
202446,5790,ipc_activity_open_com.instagram.direct.share.handler.DirectMultipleExternalMediaShareActivity,WARN,Medium,P1,PLATFORM,Exported activity without permission,[],"{""detail"": ""Activity com.instagram.direct.share.handler.DirectMultipleExternalMediaShareActivity is exported but does not declare android:permission.""}",Restrict the component with signature-level permissions or mark it non-exported unless explicitly required.,BASE-IPC-COMP-NO-ACL,8.0,PLATFORM,ipc_components,,,31888f100b711bd20510bbdf1c851a014edf01821f25d2fafff6af11124ea3ca,2026-07-04 02:12:12,PLATFORM,PLATFORM-IPC-1
202447,5790,ipc_activity-alias_open_com.instagram.direct.share.handler.DirectMultipleExternalMediaShareActivityMultiMediaFromMWA,WARN,Medium,P1,PLATFORM,Exported activity alias without permission,[],"{""detail"": ""Activity Alias com.instagram.direct.share.handler.DirectMultipleExternalMediaShareActivityMultiMediaFromMWA is exported but does not declare android:permission.""}",Restrict the component with signature-level permissions or mark it non-exported unless explicitly required.,BASE-IPC-COMP-NO-ACL,8.0,PLATFORM,ipc_components,,,df489707de86495af1b7fddd88cbf143f1d452db406b5a5b4aa3955d0cc54281,2026-07-04 02:12:12,PLATFORM,PLATFORM-IPC-1
202448,5790,ipc_service_permission_com.instagram.direct.share.choosertarget.DirectChooserTargetService,INFO,Low,P2,PLATFORM,Exported service gated by android.permission.BIND_CHOOSER_TARGET_SERVICE,[],"{""detail"": ""Exported service relies on android.permission.BIND_CHOOSER_TARGET_SERVICE (protectionLevel=signature).""}",Document the permission contract and monitor for unexpected callers.,BASE-IPC-EXPORTED-WITH-PERM,2.5,PLATFORM,ipc_components,,,0af190b7447fa2820edab5cc6b0eb777639827f2aa3d63080f8ba09da26beec8,2026-07-04 02:12:12,PLATFORM,PLATFORM-IPC-1
202449,5790,ipc_service_permission_androidx.sharetarget.ChooserTargetServiceCompat,INFO,Low,P2,PLATFORM,Exported service gated by android.permission.BIND_CHOOSER_TARGET_SERVICE,[],"{""detail"": ""Exported service relies on android.permission.BIND_CHOOSER_TARGET_SERVICE (protectionLevel=signature).""}",Document the permission contract and monitor for unexpected callers.,BASE-IPC-EXPORTED-WITH-PERM,2.5,PLATFORM,ipc_components,,,0af190b7447fa2820edab5cc6b0eb777639827f2aa3d63080f8ba09da26beec8,2026-07-04 02:12:12,PLATFORM,PLATFORM-IPC-1
202450,5790,ipc_service_weak_permission_com.instagram.notifications.push.fcm.GetFCMTokenAndRegisterWithServerGCMService,WARN,Medium,P1,PLATFORM,Weak permission guard on exported service,[],"{""detail"": ""Service com.instagram.notifications.push.fcm.GetFCMTokenAndRegisterWithServerGCMService uses com.google.android.gms.permission.BIND_NETWORK_TASK_SERVICE (protectionLevel=unspecified), which is insufficient for exported components.""}",Protect the component with a signature-level permission or mark it non-exported.,,,PLATFORM,ipc_components,,,1a39d532cafa6f961c7b4c0637a5be6e8325aa978b2765d409ca7e327fd560ac,2026-07-04 02:12:12,PLATFORM,
202451,5790,ipc_receiver_open_com.facebook.secure.usdid.signing.CrossSigningBroadcastReceiver,WARN,Medium,P1,PLATFORM,Exported receiver without permission,[],"{""detail"": ""Receiver com.facebook.secure.usdid.signing.CrossSigningBroadcastReceiver is exported but does not declare android:permission.""}",Restrict the component with signature-level permissions or mark it non-exported unless explicitly required.,BASE-IPC-COMP-NO-ACL,8.0,PLATFORM,ipc_components,,,cf8d2a7a49cf88768451f93959b1458a911cab1e8920fa6174016cf11d7a2801,2026-07-04 02:12:12,PLATFORM,PLATFORM-IPC-1
202452,5790,ipc_service_open_com.facebook.secure.usdid.signing.CrossSigningService,WARN,Medium,P1,PLATFORM,Exported service without permission,[],"{""detail"": ""Service com.facebook.secure.usdid.signing.CrossSigningService is exported but does not declare android:permission.""}",Restrict the component with signature-level permissions or mark it non-exported unless explicitly required.,BASE-IPC-COMP-NO-ACL,8.0,PLATFORM,ipc_components,,,0b83ec98c3e59384941f7fffcb9c9bdcf46607e67bdee2b3558d02e4096a429c,2026-07-04 02:12:12,PLATFORM,PLATFORM-IPC-1
202453,5790,ipc_activity_open_com.instagram.share.handleractivity.ShareHandlerActivity,WARN,Medium,P1,PLATFORM,Exported activity without permission,[],"{""detail"": ""Activity com.instagram.share.handleractivity.ShareHandlerActivity is exported but does not declare android:permission.""}",Restrict the component with signature-level permissions or mark it non-exported unless explicitly required.,BASE-IPC-COMP-NO-ACL,8.0,PLATFORM,ipc_components,,,7814c83739a44ebdd2a3d3a10a889f57caf79eefe30ce15906ea53c718d5f71b,2026-07-04 02:12:12,PLATFORM,PLATFORM-IPC-1
202454,5790,ipc_activity-alias_open_com.instagram.share.handleractivity.ShareHandlerActivityMultipleFeedAlias,WARN,Medium,P1,PLATFORM,Exported activity alias without permission,[],"{""detail"": ""Activity Alias com.instagram.share.handleractivity.ShareHandlerActivityMultipleFeedAlias is exported but does not declare android:permission.""}",Restrict the component with signature-level permissions or mark it non-exported unless explicitly required.,BASE-IPC-COMP-NO-ACL,8.0,PLATFORM,ipc_components,,,9f077b94c66dc7852d5c8084f14ab3e112d7ff726c21c817f15bb464c4ce46d9,2026-07-04 02:12:12,PLATFORM,PLATFORM-IPC-1
202455,5790,ipc_activity_open_com.instagram.share.handleractivity.StoryShareHandlerActivity,WARN,Medium,P1,PLATFORM,Exported activity without permission,[],"{""detail"": ""Activity com.instagram.share.handleractivity.StoryShareHandlerActivity is exported but does not declare android:permission.""}",Restrict the component with signature-level permissions or mark it non-exported unless explicitly required.,BASE-IPC-COMP-NO-ACL,8.0,PLATFORM,ipc_components,,,e82ead9a023c08c2183c22f6555d41bacec218ccfcd7316dd829983923d80393,2026-07-04 02:12:12,PLATFORM,PLATFORM-IPC-1
202456,5790,ipc_activity_open_com.instagram.share.handleractivity.ReelShareHandlerActivity,WARN,Medium,P1,PLATFORM,Exported activity without permission,[],"{""detail"": ""Activity com.instagram.share.handleractivity.ReelShareHandlerActivity is exported but does not declare android:permission.""}",Restrict the component with signature-level permissions or mark it non-exported unless explicitly required.,BASE-IPC-COMP-NO-ACL,8.0,PLATFORM,ipc_components,,,6bcd57412942b0d78bb3f71a53f4565b5e783984f1e0103930d3de5b44eef1ff,2026-07-04 02:12:12,PLATFORM,PLATFORM-IPC-1
202457,5790,ipc_activity_open_com.instagram.share.handleractivity.MultiStoryShareHandlerActivity,WARN,Medium,P1,PLATFORM,Exported activity without permission,[],"{""detail"": ""Activity com.instagram.share.handleractivity.MultiStoryShareHandlerActivity is exported but does not declare android:permission.""}",Restrict the component with signature-level permissions or mark it non-exported unless explicitly required.,BASE-IPC-COMP-NO-ACL,8.0,PLATFORM,ipc_components,,,42ba275591c54e84ff23f031d32be1c10dcee6a83bc638d5623e5aa4c29f375e,2026-07-04 02:12:12,PLATFORM,PLATFORM-IPC-1
202458,5790,ipc_activity_open_com.instagram.share.handleractivity.CustomStoryShareHandlerActivity,WARN,Medium,P1,PLATFORM,Exported activity without permission,[],"{""detail"": ""Activity com.instagram.share.handleractivity.CustomStoryShareHandlerActivity is exported but does not declare android:permission.""}",Restrict the component with signature-level permissions or mark it non-exported unless explicitly required.,BASE-IPC-COMP-NO-ACL,8.0,PLATFORM,ipc_components,,,6862b82d06a824e0fd608579fae52f7c0cadeb917ff9930633f8bbcb1dc596af,2026-07-04 02:12:12,PLATFORM,PLATFORM-IPC-1
202459,5790,ipc_activity_open_com.instagram.share.handleractivity.ClipsShareHandlerActivity,WARN,Medium,P1,PLATFORM,Exported activity without permission,[],"{""detail"": ""Activity com.instagram.share.handleractivity.ClipsShareHandlerActivity is exported but does not declare android:permission.""}",Restrict the component with signature-level permissions or mark it non-exported unless explicitly required.,BASE-IPC-COMP-NO-ACL,8.0,PLATFORM,ipc_components,,,46197dcae7ea182d0231c9e53be1763bec389dd65049d3bd218830b7416b22ed,2026-07-04 02:12:12,PLATFORM,PLATFORM-IPC-1
202460,5790,ipc_activity_open_com.instagram.share.handleractivity.ClipsMusicShareHandlerActivity,WARN,Medium,P1,PLATFORM,Exported activity without permission,[],"{""detail"": ""Activity com.instagram.share.handleractivity.ClipsMusicShareHandlerActivity is exported but does not declare android:permission.""}",Restrict the component with signature-level permissions or mark it non-exported unless explicitly required.,BASE-IPC-COMP-NO-ACL,8.0,PLATFORM,ipc_components,,,a646aca75e80eb954dbd90e6f4ba974593c18d1b18f4ce534a0811bbf182969a,2026-07-04 02:12:12,PLATFORM,PLATFORM-IPC-1
202461,5790,ipc_activity_open_com.instagram.share.handleractivity.ClipsThreadShareHandlerActivity,WARN,Medium,P1,PLATFORM,Exported activity without permission,[],"{""detail"": ""Activity com.instagram.share.handleractivity.ClipsThreadShareHandlerActivity is exported but does not declare android:permission.""}",Restrict the component with signature-level permissions or mark it non-exported unless explicitly required.,BASE-IPC-COMP-NO-ACL,8.0,PLATFORM,ipc_components,,,481330fb4b1c7eee6c969b430e07a09bfe80c71e0cd8fcdcf3b924f200c317fc,2026-07-04 02:12:12,PLATFORM,PLATFORM-IPC-1
202462,5790,ipc_activity_open_com.instagram.share.handleractivity.ClipsBaselShareHandlerActivity,WARN,Medium,P1,PLATFORM,Exported activity without permission,[],"{""detail"": ""Activity com.instagram.share.handleractivity.ClipsBaselShareHandlerActivity is exported but does not declare android:permission.""}",Restrict the component with signature-level permissions or mark it non-exported unless explicitly required.,BASE-IPC-COMP-NO-ACL,8.0,PLATFORM,ipc_components,,,3d3b280f479525de2f9e3c4b991670a30822a122cf59fe8b30c771bef0f59419,2026-07-04 02:12:12,PLATFORM,PLATFORM-IPC-1
202463,5790,ipc_activity_open_com.instagram.share.handleractivity.NotesMusicShareHandlerActivity,WARN,Medium,P1,PLATFORM,Exported activity without permission,[],"{""detail"": ""Activity com.instagram.share.handleractivity.NotesMusicShareHandlerActivity is exported but does not declare android:permission.""}",Restrict the component with signature-level permissions or mark it non-exported unless explicitly required.,BASE-IPC-COMP-NO-ACL,8.0,PLATFORM,ipc_components,,,a47ee47307c4305369a2733d6bdd9638ef96bdae814213d0c39b5ed801e6b01a,2026-07-04 02:12:12,PLATFORM,PLATFORM-IPC-1
202464,5790,ipc_activity_weak_permission_com.instagram.settings.activity.NotificationSettingsHandlerActivity,WARN,Medium,P1,PLATFORM,Weak permission guard on exported activity,[],"{""detail"": ""Activity com.instagram.settings.activity.NotificationSettingsHandlerActivity uses com.instagram.android.permission.SYSTEM_ONLY (protectionLevel=0x00000003), which is insufficient for exported components.""}",Protect the component with a signature-level permission or mark it non-exported.,,,PLATFORM,ipc_components,,,921a0e38cc61008e5780c9fb4b06f161d200381c16b7328de0cd5fad928742ea,2026-07-04 02:12:12,PLATFORM,
202465,5790,ipc_service_open_com.meta.wearable.acdc.sdk.service.ACDCRegistrationService,WARN,Medium,P1,PLATFORM,Exported service without permission,[],"{""detail"": ""Service com.meta.wearable.acdc.sdk.service.ACDCRegistrationService is exported but does not declare android:permission.""}",Restrict the component with signature-level permissions or mark it non-exported unless explicitly required.,BASE-IPC-COMP-NO-ACL,8.0,PLATFORM,ipc_components,,,f9b3ffdc8438ed12a76f07db7d6e5641c64242909755836205b2eca0c98442b4,2026-07-04 02:12:12,PLATFORM,PLATFORM-IPC-1
202466,5790,ipc_receiver_open_com.instagram.notifications.push.fbns.IgPushSdkFbnsReceiverShim,WARN,Medium,P1,PLATFORM,Exported receiver without permission,[],"{""detail"": ""Receiver com.instagram.notifications.push.fbns.IgPushSdkFbnsReceiverShim is exported but does not declare android:permission.""}",Restrict the component with signature-level permissions or mark it non-exported unless explicitly required.,BASE-IPC-COMP-NO-ACL,8.0,PLATFORM,ipc_components,,,7a109237e5f68aadc86bc0b941d413499804633c56b894d9ed282c5374495132,2026-07-04 02:12:12,PLATFORM,PLATFORM-IPC-1
202467,5790,ipc_service_open_com.instagram.direct.stella.StellaDirectMessagingService,WARN,Medium,P1,PLATFORM,Exported service without permission,[],"{""detail"": ""Service com.instagram.direct.stella.StellaDirectMessagingService is exported but does not declare android:permission.""}",Restrict the component with signature-level permissions or mark it non-exported unless explicitly required.,BASE-IPC-COMP-NO-ACL,8.0,PLATFORM,ipc_components,,,6f36dfdff6c66bd12ee4d0fdeb4668042b796b3caec2b8cc4ae65d472b0cd7d2,2026-07-04 02:12:12,PLATFORM,PLATFORM-IPC-1
202468,5790,ipc_activity_open_com.instagram.bloks.extensions.plugins.bkigactionwarequestotp.BloksWhatsAppCodeReceiverActivity,WARN,Medium,P1,PLATFORM,Exported activity without permission,[],"{""detail"": ""Activity com.instagram.bloks.extensions.plugins.bkigactionwarequestotp.BloksWhatsAppCodeReceiverActivity is exported but does not declare android:permission.""}",Restrict the component with signature-level permissions or mark it non-exported unless explicitly required.,BASE-IPC-COMP-NO-ACL,8.0,PLATFORM,ipc_components,,,c3ad97252a42f8bfa6ad3f6bad3ac325fa0ffa327a29cdcc338a66d4275cdd00,2026-07-04 02:12:12,PLATFORM,PLATFORM-IPC-1
202469,5790,ipc_receiver_open_com.instagram.bloks.extensions.plugins.bkigactionwarequestotp.BloksWhatsAppCodeReceiver,WARN,Medium,P1,PLATFORM,Exported receiver without permission,[],"{""detail"": ""Receiver com.instagram.bloks.extensions.plugins.bkigactionwarequestotp.BloksWhatsAppCodeReceiver is exported but does not declare android:permission.""}",Restrict the component with signature-level permissions or mark it non-exported unless explicitly required.,BASE-IPC-COMP-NO-ACL,8.0,PLATFORM,ipc_components,,,2684f19495a1e5d6d66dddf622c0915c056059cddf38dad282e3bccdcfa533fe,2026-07-04 02:12:12,PLATFORM,PLATFORM-IPC-1
202470,5790,ipc_receiver_open_com.instagram.metacasper.receiverfeatures.IgFbClientSignalStaticBroadcastReceiver,WARN,Medium,P1,PLATFORM,Exported receiver without permission,[],"{""detail"": ""Receiver com.instagram.metacasper.receiverfeatures.IgFbClientSignalStaticBroadcastReceiver is exported but does not declare android:permission.""}",Restrict the component with signature-level permissions or mark it non-exported unless explicitly required.,BASE-IPC-COMP-NO-ACL,8.0,PLATFORM,ipc_components,,,239fc73b68da9761b38e292030b20c34b9e9617c5e77e91907207a690baf01e8,2026-07-04 02:12:12,PLATFORM,PLATFORM-IPC-1
202471,5790,ipc_receiver_open_com.instagram.metacasper.receiverfeatures.IgPreloadsFbnsClientSignalStaticBroadcastReceiver,WARN,Medium,P1,PLATFORM,Exported receiver without permission,[],"{""detail"": ""Receiver com.instagram.metacasper.receiverfeatures.IgPreloadsFbnsClientSignalStaticBroadcastReceiver is exported but does not declare android:permission.""}",Restrict the component with signature-level permissions or mark it non-exported unless explicitly required.,BASE-IPC-COMP-NO-ACL,8.0,PLATFORM,ipc_components,,,6a6c06c2d2afc78d97a4a7d10b3b5ddcf9bdd8b120fb83746e716a73b1ce5d27,2026-07-04 02:12:12,PLATFORM,PLATFORM-IPC-1
202472,5790,ipc_receiver_open_com.instagram.publisher.CopypastaConnectivityChangeReceiver,WARN,Medium,P1,PLATFORM,Exported receiver without permission,[],"{""detail"": ""Receiver com.instagram.publisher.CopypastaConnectivityChangeReceiver is exported but does not declare android:permission.""}",Restrict the component with signature-level permissions or mark it non-exported unless explicitly required.,BASE-IPC-COMP-NO-ACL,8.0,PLATFORM,ipc_components,,,5f07ea4a5c59fbb3db3a35227826eb763d07e842b7aa13e67bd7553f4f73a5d5,2026-07-04 02:12:12,PLATFORM,PLATFORM-IPC-1
202473,5790,ipc_receiver_weak_permission_com.instagram.notifications.push.ADMMessageHandler$Receiver,WARN,Medium,P1,PLATFORM,Weak permission guard on exported receiver,[],"{""detail"": ""Receiver com.instagram.notifications.push.ADMMessageHandler$Receiver uses com.amazon.device.messaging.permission.SEND (protectionLevel=unspecified), which is insufficient for exported components.""}",Protect the component with a signature-level permission or mark it non-exported.,,,PLATFORM,ipc_components,,,f2ccfb08fec63b4e7d1d622cebdfb4f4e9a65fc3c400b06299062a2759664124,2026-07-04 02:12:12,PLATFORM,
202474,5790,ipc_activity_open_com.spotify.sdk.android.auth.browser.RedirectUriReceiverActivity,WARN,Medium,P1,PLATFORM,Exported activity without permission,[],"{""detail"": ""Activity com.spotify.sdk.android.auth.browser.RedirectUriReceiverActivity is exported but does not declare android:permission.""}",Restrict the component with signature-level permissions or mark it non-exported unless explicitly required.,BASE-IPC-COMP-NO-ACL,8.0,PLATFORM,ipc_components,,,176a1879017acc05b0c5709d2269dfa226b56fcfcb5cd3a28431ffe1c8087335,2026-07-04 02:12:12,PLATFORM,PLATFORM-IPC-1
202475,5790,ipc_receiver_open_com.instagram.push.InstagramAppUpgradeEventReceiver,WARN,Medium,P1,PLATFORM,Exported receiver without permission,[],"{""detail"": ""Receiver com.instagram.push.InstagramAppUpgradeEventReceiver is exported but does not declare android:permission.""}",Restrict the component with signature-level permissions or mark it non-exported unless explicitly required.,BASE-IPC-COMP-NO-ACL,8.0,PLATFORM,ipc_components,,,5f9b5847590ced44c2ad4bb94fb2b2e7a0de6a2d7515ed8ff3f3ddcd0d1c7c64,2026-07-04 02:12:12,PLATFORM,PLATFORM-IPC-1
202476,5790,ipc_receiver_open_com.instagram.push.FbnsInitBroadcastReceiver,WARN,Medium,P1,PLATFORM,Exported receiver without permission,[],"{""detail"": ""Receiver com.instagram.push.FbnsInitBroadcastReceiver is exported but does not declare android:permission.""}",Restrict the component with signature-level permissions or mark it non-exported unless explicitly required.,BASE-IPC-COMP-NO-ACL,8.0,PLATFORM,ipc_components,,,526b2e93a945867164734b7f14b33d32c158568c66c434914533ae2977f00dbd,2026-07-04 02:12:12,PLATFORM,PLATFORM-IPC-1
202477,5790,ipc_service_weak_permission_com.facebook.pushlite.PushLiteGCMJobService,WARN,Medium,P1,PLATFORM,Weak permission guard on exported service,[],"{""detail"": ""Service com.facebook.pushlite.PushLiteGCMJobService uses com.google.android.gms.permission.BIND_NETWORK_TASK_SERVICE (protectionLevel=unspecified), which is insufficient for exported components.""}",Protect the component with a signature-level permission or mark it non-exported.,,,PLATFORM,ipc_components,,,51045dcb0c2a68c9b2f6a7b2002f2dde89b8464dc8dd3b4e6cd731cb7eaa786b,2026-07-04 02:12:12,PLATFORM,
202478,5790,ipc_receiver_weak_permission_com.facebook.oxygen.preloads.sdk.firstparty.managedappcache.IsManagedAppReceiver,WARN,Medium,P1,PLATFORM,Weak permission guard on exported receiver,[],"{""detail"": ""Receiver com.facebook.oxygen.preloads.sdk.firstparty.managedappcache.IsManagedAppReceiver uses com.facebook.appmanager.ACCESS (protectionLevel=unspecified), which is insufficient for exported components.""}",Protect the component with a signature-level permission or mark it non-exported.,,,PLATFORM,ipc_components,,,0e91c376a2e3533f6b9be21e2101bf2e4134e2deb528d46f9f2f6754b5444a3a,2026-07-04 02:12:12,PLATFORM,
202479,5790,ipc_receiver_open_com.instagram.common.analytics.phoneid.InstagramPhoneIdRequestReceiver,WARN,Medium,P1,PLATFORM,Exported receiver without permission,[],"{""detail"": ""Receiver com.instagram.common.analytics.phoneid.InstagramPhoneIdRequestReceiver is exported but does not declare android:permission.""}",Restrict the component with signature-level permissions or mark it non-exported unless explicitly required.,BASE-IPC-COMP-NO-ACL,8.0,PLATFORM,ipc_components,,,0bab9da713a983742f140011efaedd926e96b398d0f8b0c9b4bbd7e399dd0391,2026-07-04 02:12:12,PLATFORM,PLATFORM-IPC-1
202480,5790,ipc_provider_world_com.instagram.common.analytics.phoneid.AsyncInstagramPhoneIdProvider,FAIL,High,P0,PLATFORM,Exported provider without permission — com.instagram.common.analytics.phoneid.AsyncInstagramPhoneIdProvider,[],"{""detail"": ""Content provider is exported without read/write permissions, allowing external processes to query data.""}",Declare readPermission and writePermission or mark the provider as private (exported=false).,,,PLATFORM,ipc_components,,,9bb8ae3667321fbe39616893b95b97154d6d6f2cdd2b48d542d1149201abc5a7,2026-07-04 02:12:12,PLATFORM,
202481,5790,ipc_service_weak_permission_com.google.android.gms.auth.api.signin.RevocationBoundService,WARN,Medium,P1,PLATFORM,Weak permission guard on exported service,[],"{""detail"": ""Service com.google.android.gms.auth.api.signin.RevocationBoundService uses com.google.android.gms.auth.api.signin.permission.REVOCATION_NOTIFICATION (protectionLevel=unspecified), which is insufficient for exported components.""}",Protect the component with a signature-level permission or mark it non-exported.,,,PLATFORM,ipc_components,,,333620b6726a9959216b7d765dc48d0cdfd4b817f914fe21914e4a734b970792,2026-07-04 02:12:12,PLATFORM,
202482,5790,ipc_receiver_weak_permission_com.google.firebase.iid.FirebaseInstanceIdReceiver,WARN,Medium,P1,PLATFORM,Weak permission guard on exported receiver,[],"{""detail"": ""Receiver com.google.firebase.iid.FirebaseInstanceIdReceiver uses com.google.android.c2dm.permission.SEND (protectionLevel=unspecified), which is insufficient for exported components.""}",Protect the component with a signature-level permission or mark it non-exported.,,,PLATFORM,ipc_components,,,801a80d1d4bf8adabab2d6125f2ede620061207fdfa45b7458a8fc4129d8acec,2026-07-04 02:12:12,PLATFORM,
202483,5790,ipc_service_permission_androidx.work.impl.background.systemjob.SystemJobService,INFO,Low,P2,PLATFORM,Exported service gated by android.permission.BIND_JOB_SERVICE,[],"{""detail"": ""Exported service relies on android.permission.BIND_JOB_SERVICE (protectionLevel=signature).""}",Document the permission contract and monitor for unexpected callers.,BASE-IPC-EXPORTED-WITH-PERM,2.5,PLATFORM,ipc_components,,,010feff1d370cdde2b30a44baa245760ecc86f7b41a538afeb48267dd5a387b4,2026-07-04 02:12:12,PLATFORM,PLATFORM-IPC-1
202484,5790,ipc_receiver_weak_permission_androidx.work.impl.diagnostics.DiagnosticsReceiver,WARN,Medium,P1,PLATFORM,Weak permission guard on exported receiver,[],"{""detail"": ""Receiver androidx.work.impl.diagnostics.DiagnosticsReceiver uses android.permission.DUMP (protectionLevel=unspecified), which is insufficient for exported components.""}",Protect the component with a signature-level permission or mark it non-exported.,,,PLATFORM,ipc_components,,,9941e0eccdf7d3b4774f715de75a66f6bc0c3a6738cde28ebf468fc203a6652b,2026-07-04 02:12:12,PLATFORM,
202485,5790,ipc_service_weak_permission_com.facebook.analytics2.logger.GooglePlayUploadService,WARN,Medium,P1,PLATFORM,Weak permission guard on exported service,[],"{""detail"": ""Service com.facebook.analytics2.logger.GooglePlayUploadService uses com.google.android.gms.permission.BIND_NETWORK_TASK_SERVICE (protectionLevel=unspecified), which is insufficient for exported components.""}",Protect the component with a signature-level permission or mark it non-exported.,,,PLATFORM,ipc_components,,,c1023cf6d3d6cb175cd856bb5ef11cfe4f9a6095f2e74321e39023d9a7de45d4,2026-07-04 02:12:12,PLATFORM,
202486,5790,ipc_receiver_weak_permission_androidx.profileinstaller.ProfileInstallReceiver,WARN,Medium,P1,PLATFORM,Weak permission guard on exported receiver,[],"{""detail"": ""Receiver androidx.profileinstaller.ProfileInstallReceiver uses android.permission.DUMP (protectionLevel=unspecified), which is insufficient for exported components.""}",Protect the component with a signature-level permission or mark it non-exported.,,,PLATFORM,ipc_components,,,a1011e55cd81e1a5efa21cd3531f8f576789e1e4757a87011b59740f80197b8d,2026-07-04 02:12:12,PLATFORM,
202487,5790,ipc_activity-alias_open_com.facebook.secure.packagefinder.PackageFinderActivity,WARN,Medium,P1,PLATFORM,Exported activity alias without permission,[],"{""detail"": ""Activity Alias com.facebook.secure.packagefinder.PackageFinderActivity is exported but does not declare android:permission.""}",Restrict the component with signature-level permissions or mark it non-exported unless explicitly required.,BASE-IPC-COMP-NO-ACL,8.0,PLATFORM,ipc_components,,,79c0a08821ec83f81fb4f963befbc6190effc9f8a1283e60e90d972395f6ff46,2026-07-04 02:12:12,PLATFORM,PLATFORM-IPC-1
202488,5790,provider_world_com.instagram.contentprovider.users.impl.IgLoggedInUsersContentProvider,FAIL,High,P0,PLATFORM,Exported provider without ACL — com.instagram.contentprovider.users.impl.IgLoggedInUsersContentProvider,[],"{""detail"": ""Exported provider lacks read/write permissions; content is globally accessible to other apps.""}",Set readPermission/writePermission or mark the provider private.,,,PLATFORM,provider_acl,,,008494c2f7638393221f57d8441724a50de6390c1b5d5895af71896bd2330764,2026-07-04 02:12:12,PLATFORM,
202489,5790,provider_world_com.instagram.contentprovider.DeferredCurrentUserProvider,FAIL,High,P0,PLATFORM,Exported provider without ACL — com.instagram.contentprovider.DeferredCurrentUserProvider,[],"{""detail"": ""Exported provider lacks read/write permissions; content is globally accessible to other apps.""}",Set readPermission/writePermission or mark the provider private.,,,PLATFORM,provider_acl,,,008494c2f7638393221f57d8441724a50de6390c1b5d5895af71896bd2330764,2026-07-04 02:12:12,PLATFORM,
202490,5790,provider_world_com.instagram.barcelona.feed.crossapp.contentprovider.ThreadsContentProvider,FAIL,High,P0,PLATFORM,Exported provider without ACL — com.instagram.barcelona.feed.crossapp.contentprovider.ThreadsContentProvider,[],"{""detail"": ""Exported provider lacks read/write permissions; content is globally accessible to other apps.""}",Set readPermission/writePermission or mark the provider private.,,,PLATFORM,provider_acl,,,008494c2f7638393221f57d8441724a50de6390c1b5d5895af71896bd2330764,2026-07-04 02:12:12,PLATFORM,
202491,5790,provider_world_com.instagram.quicksnap.viewer.seenstate.provider.QuickSnapSeenStateProvider,FAIL,High,P0,PLATFORM,Exported provider without ACL — com.instagram.quicksnap.viewer.seenstate.provider.QuickSnapSeenStateProvider,[],"{""detail"": ""Exported provider lacks read/write permissions; content is globally accessible to other apps.""}",Set readPermission/writePermission or mark the provider private.,,,PLATFORM,provider_acl,,,008494c2f7638393221f57d8441724a50de6390c1b5d5895af71896bd2330764,2026-07-04 02:12:12,PLATFORM,
202492,5790,provider_world_com.instagram.contentprovider.AsyncFamilyAppsUserValuesProvider,FAIL,High,P0,PLATFORM,Exported provider without ACL — com.instagram.contentprovider.AsyncFamilyAppsUserValuesProvider,[],"{""detail"": ""Exported provider lacks read/write permissions; content is globally accessible to other apps.""}",Set readPermission/writePermission or mark the provider private.,,,PLATFORM,provider_acl,,,008494c2f7638393221f57d8441724a50de6390c1b5d5895af71896bd2330764,2026-07-04 02:12:12,PLATFORM,
202493,5790,provider_world_com.instagram.liteprovider.v2.FirstPartyUserValuesLiteProviderV2,FAIL,High,P0,PLATFORM,Exported provider without ACL — com.instagram.liteprovider.v2.FirstPartyUserValuesLiteProviderV2,[],"{""detail"": ""Exported provider lacks read/write permissions; content is globally accessible to other apps.""}",Set readPermission/writePermission or mark the provider private.,,,PLATFORM,provider_acl,,,008494c2f7638393221f57d8441724a50de6390c1b5d5895af71896bd2330764,2026-07-04 02:12:12,PLATFORM,
202494,5790,provider_world_com.instagram.liteprovider.usdid.UsdidValuesProvider,FAIL,High,P0,PLATFORM,Exported provider without ACL — com.instagram.liteprovider.usdid.UsdidValuesProvider,[],"{""detail"": ""Exported provider lacks read/write permissions; content is globally accessible to other apps.""}",Set readPermission/writePermission or mark the provider private.,,,PLATFORM,provider_acl,,,008494c2f7638393221f57d8441724a50de6390c1b5d5895af71896bd2330764,2026-07-04 02:12:12,PLATFORM,
202495,5790,provider_world_com.instagram.contentprovider.InstallReferrerProvider,FAIL,High,P0,PLATFORM,Exported provider without ACL — com.instagram.contentprovider.InstallReferrerProvider,[],"{""detail"": ""Exported provider lacks read/write permissions; content is globally accessible to other apps.""}",Set readPermission/writePermission or mark the provider private.,,,PLATFORM,provider_acl,,,008494c2f7638393221f57d8441724a50de6390c1b5d5895af71896bd2330764,2026-07-04 02:12:12,PLATFORM,
202496,5790,provider_world_com.instagram.whatsapp.foabackuptoken.FoaBackupTokenProvider,FAIL,High,P0,PLATFORM,Exported provider without ACL — com.instagram.whatsapp.foabackuptoken.FoaBackupTokenProvider,[],"{""detail"": ""Exported provider lacks read/write permissions; content is globally accessible to other apps.""}",Set readPermission/writePermission or mark the provider private.,,,PLATFORM,provider_acl,,,008494c2f7638393221f57d8441724a50de6390c1b5d5895af71896bd2330764,2026-07-04 02:12:12,PLATFORM,
202497,5790,provider_world_com.instagram.common.analytics.fdidlite.AsyncInstagramFDIDLiteProvider,FAIL,High,P0,PLATFORM,Exported provider without ACL — com.instagram.common.analytics.fdidlite.AsyncInstagramFDIDLiteProvider,[],"{""detail"": ""Exported provider lacks read/write permissions; content is globally accessible to other apps.""}",Set readPermission/writePermission or mark the provider private.,,,PLATFORM,provider_acl,,,008494c2f7638393221f57d8441724a50de6390c1b5d5895af71896bd2330764,2026-07-04 02:12:12,PLATFORM,
202498,5790,provider_world_com.instagram.creation.drafts.contentprovider.ClipsDraftProvider,FAIL,High,P0,PLATFORM,Exported provider without ACL — com.instagram.creation.drafts.contentprovider.ClipsDraftProvider,[],"{""detail"": ""Exported provider lacks read/write permissions; content is globally accessible to other apps.""}",Set readPermission/writePermission or mark the provider private.,,,PLATFORM,provider_acl,,,008494c2f7638393221f57d8441724a50de6390c1b5d5895af71896bd2330764,2026-07-04 02:12:12,PLATFORM,
202499,5790,provider_world_com.instagram.basel.integration.contentprovider.BaselContextProvider,FAIL,High,P0,PLATFORM,Exported provider without ACL — com.instagram.basel.integration.contentprovider.BaselContextProvider,[],"{""detail"": ""Exported provider lacks read/write permissions; content is globally accessible to other apps.""}",Set readPermission/writePermission or mark the provider private.,,,PLATFORM,provider_acl,,,008494c2f7638393221f57d8441724a50de6390c1b5d5895af71896bd2330764,2026-07-04 02:12:12,PLATFORM,
202500,5790,provider_world_com.instagram.contentprovider.DeferredDeeplinkProvider,FAIL,High,P0,PLATFORM,Exported provider without ACL — com.instagram.contentprovider.DeferredDeeplinkProvider,[],"{""detail"": ""Exported provider lacks read/write permissions; content is globally accessible to other apps.""}",Set readPermission/writePermission or mark the provider private.,,,PLATFORM,provider_acl,,,008494c2f7638393221f57d8441724a50de6390c1b5d5895af71896bd2330764,2026-07-04 02:12:12,PLATFORM,
202501,5790,provider_world_com.instagram.barcelonaig.tixu.directtransfer.TixuDirectTransferProvider,FAIL,High,P0,PLATFORM,Exported provider without ACL — com.instagram.barcelonaig.tixu.directtransfer.TixuDirectTransferProvider,[],"{""detail"": ""Exported provider lacks read/write permissions; content is globally accessible to other apps.""}",Set readPermission/writePermission or mark the provider private.,,,PLATFORM,provider_acl,,,008494c2f7638393221f57d8441724a50de6390c1b5d5895af71896bd2330764,2026-07-04 02:12:12,PLATFORM,
202502,5790,provider_world_com.instagram.barcelonaig.deferreddeeplink.TixuDeferredDeeplinkProvider,FAIL,High,P0,PLATFORM,Exported provider without ACL — com.instagram.barcelonaig.deferreddeeplink.TixuDeferredDeeplinkProvider,[],"{""detail"": ""Exported provider lacks read/write permissions; content is globally accessible to other apps.""}",Set readPermission/writePermission or mark the provider private.,,,PLATFORM,provider_acl,,,008494c2f7638393221f57d8441724a50de6390c1b5d5895af71896bd2330764,2026-07-04 02:12:12,PLATFORM,
202503,5790,provider_world_com.instagram.growth.xav.fifudeferreddeeplink.FifuDeferredDeeplinkProvider,FAIL,High,P0,PLATFORM,Exported provider without ACL — com.instagram.growth.xav.fifudeferreddeeplink.FifuDeferredDeeplinkProvider,[],"{""detail"": ""Exported provider lacks read/write permissions; content is globally accessible to other apps.""}",Set readPermission/writePermission or mark the provider private.,,,PLATFORM,provider_acl,,,008494c2f7638393221f57d8441724a50de6390c1b5d5895af71896bd2330764,2026-07-04 02:12:12,PLATFORM,
202504,5790,provider_world_com.instagram.common.analytics.phoneid.AsyncInstagramPhoneIdProvider,FAIL,High,P0,PLATFORM,Exported provider without ACL — com.instagram.common.analytics.phoneid.AsyncInstagramPhoneIdProvider,[],"{""detail"": ""Exported provider lacks read/write permissions; content is globally accessible to other apps.""}",Set readPermission/writePermission or mark the provider private.,,,PLATFORM,provider_acl,,,008494c2f7638393221f57d8441724a50de6390c1b5d5895af71896bd2330764,2026-07-04 02:12:12,PLATFORM,
202505,5790,storage_allow_backup,WARN,Medium,P1,STORAGE,Application allows Android backup,[],"{""detail"": ""android:allowBackup is true; user data may leak via adb backup.""}",Disable backups or provide custom BackupAgent filtering secrets.,,,STORAGE,storage_backup,,,b9cd119277283edf2e7f596f5768300bcfef5ff9148da23ee73f1590fd01c6ce,2026-07-04 02:12:12,STORAGE,
202506,5790,storage_legacy_external,WARN,Medium,P1,STORAGE,Legacy external storage requested,[],"{""detail"": ""requestLegacyExternalStorage=true keeps scoped storage disabled.""}",Adopt scoped storage or justify legacy flag for backwards compatibility.,BASE-STO-LEGACY,3.9,STORAGE,storage_backup,,,cec868bb8d34b55d4d2efee6ea48714483e7f1ede6c5bd058d5a325bbf6b7f80,2026-07-04 02:12:12,STORAGE,STORAGE-2
202507,5790,storage_sensitive_keys,INFO,Low,P2,STORAGE,Potential sensitive preference keys,[],"{""path"": ""/home/secadmin/Laughlin/GitHub/ScytaleDroid/data/store/apk/sha256/bb/bbdc68441aa867f8c03195bb367e156ea16221205889a17d583f92ae132790a1.apk!string[assets/com/facebook/assistant/common/ebb4c4ab1571e226faf025ce177badab.meta]"", ""detail"": ""Keys referencing tokens/secrets detected in resources or code."", ""entries"": [{""description"": ""Potential sensitive key '0com.facebook.langtech.ninja.anchovy.Asr'"", ""hash_short"": ""#h:7f82aaa8"", ""location"": ""/home/secadmin/Laughlin/GitHub/ScytaleDroid/data/store/apk/sha256/bb/bbdc68441aa867f8c03195bb367e156ea16221205889a17d583f92ae132790a1.apk!string[assets/com/facebook/assistant/common/ebb4c4ab1571e226faf025ce177badab.meta]""}, {""description"": ""Potential sensitive key 'tokenConfidences'"", ""hash_short"": ""#h:ffeed0cf"", ""location"": ""/home/secadmin/Laughlin/GitHub/ScytaleDroid/data/store/apk/sha256/bb/bbdc68441aa867f8c03195bb367e156ea16221205889a17d583f92ae132790a1.apk!string[assets/com/facebook/assistant/common/ebb4c4ab1571e226faf025ce177badab.meta]""}, {""description"": ""Potential sensitive key 'meanTokenConfidenceThreshold'"", ""hash_short"": ""#h:bfb92e05"", ""location"": ""/home/secadmin/Laughlin/GitHub/ScytaleDroid/data/store/apk/sha256/bb/bbdc68441aa867f8c03195bb367e156ea16221205889a17d583f92ae132790a1.apk!string[assets/com/facebook/assistant/common/ebb4c4ab1571e226faf025ce177badab.meta]""}, {""description"": ""Potential sensitive key 'access_token'"", ""hash_short"": ""#h:86b3901e"", ""location"": ""/home/secadmin/Laughlin/GitHub/ScytaleDroid/data/store/apk/sha256/bb/bbdc68441aa867f8c03195bb367e156ea16221205889a17d583f92ae132790a1.apk!string[assets/com/facebook/assistant/common/ebb4c4ab1571e226faf025ce177badab.meta]""}, {""description"": ""Potential sensitive key 'userAuthToken'"", ""hash_short"": ""#h:98fbee9f"", ""location"": ""/home/secadmin/Laughlin/GitHub/ScytaleDroid/data/store/apk/sha256/bb/bbdc68441aa867f8c03195bb367e156ea16221205889a17d583f92ae132790a1.apk!string[assets/com/facebook/assistant/common/ebb4c4ab1571e226faf025ce177badab.meta]""}]}",Ensure sensitive tokens are encrypted or stored within Android Keystore-backed preferences.,,,STORAGE,storage_backup,,,6e568efc93acf6e8c1f7b9d5ac270f9408c6ca2833cdb0a0795fbbf7e04528ef,2026-07-04 02:12:12,STORAGE,
202508,5790,dfir_permission_hypothesis,INFO,Info,NOTE,PRIVACY,Permissions imply sensitive runtime stores,[],"{""detail"": ""Dangerous permissions map to likely on-device data locations.""}",Plan minimal adb pulls to validate the presence of these artefacts after dynamic testing.,,,PRIVACY,dfir_hints,,,636d01ce20e111541057203bd363f5e2cdb7bd0ab2b7842a4e8d2a47d12c2fbd,2026-07-04 02:12:12,PRIVACY,
202509,5790,crypto_aes_ecb,FAIL,High,P0,CRYPTO,AES in ECB mode,"[""crypto"", ""aes_ecb""]","{""path"": ""/home/secadmin/Laughlin/GitHub/ScytaleDroid/data/store/apk/sha256/bb/bbdc68441aa867f8c03195bb367e156ea16221205889a17d583f92ae132790a1.apk!string[classes5.dex]"", ""detail"": ""AES/ECB leaks structure of plaintext blocks."", ""entries"": [{""description"": ""aes_ecb → classes5.dex"", ""hash_short"": ""#h:c9c3c906"", ""location"": ""/home/secadmin/Laughlin/GitHub/ScytaleDroid/data/store/apk/sha256/bb/bbdc68441aa867f8c03195bb367e156ea16221205889a17d583f92ae132790a1.apk!string[classes5.dex]""}]}",Use AES-GCM or AES-CBC with random IVs instead of ECB.,,,CRYPTO,crypto_hygiene,,,0d8a99e53a090a99361f608f0194c5cfbedc0deecc97dd0490f9d6ae3e9bbe97,2026-07-04 02:12:12,CRYPTO,
202510,5790,crypto_des_usage,FAIL,High,P0,CRYPTO,DES cipher usage,"[""crypto"", ""des_usage""]","{""path"": ""/home/secadmin/Laughlin/GitHub/ScytaleDroid/data/store/apk/sha256/bb/bbdc68441aa867f8c03195bb367e156ea16221205889a17d583f92ae132790a1.apk!string[classes7.dex]"", ""detail"": ""DES is cryptographically broken and should not protect secrets. (3 occurrences)"", ""entries"": [{""description"": ""des_usage → classes7.dex"", ""hash_short"": ""#h:92e7121d"", ""location"": ""/home/secadmin/Laughlin/GitHub/ScytaleDroid/data/store/apk/sha256/bb/bbdc68441aa867f8c03195bb367e156ea16221205889a17d583f92ae132790a1.apk!string[classes7.dex]""}, {""description"": ""des_usage → classes7.dex"", ""hash_short"": ""#h:4554d8fc"", ""location"": ""/home/secadmin/Laughlin/GitHub/ScytaleDroid/data/store/apk/sha256/bb/bbdc68441aa867f8c03195bb367e156ea16221205889a17d583f92ae132790a1.apk!string[classes7.dex]""}]}",Replace DES with AES-256 or modern primitives.,,,CRYPTO,crypto_hygiene,,,f909e51775ce88ca9ddbc89ced4bf903146b7b91ff6bac786271ff89aa2963cd,2026-07-04 02:12:12,CRYPTO,
202511,5790,crypto_md5_digest,WARN,Medium,P1,CRYPTO,MD5 message digest,"[""crypto"", ""md5_digest""]","{""path"": ""/home/secadmin/Laughlin/GitHub/ScytaleDroid/data/store/apk/sha256/bb/bbdc68441aa867f8c03195bb367e156ea16221205889a17d583f92ae132790a1.apk!string[assets/graphics/igl/private/IGLU/src/filters/cutout_resize/cutout_resize.manifest]"", ""detail"": ""MD5 is collision-prone and unsuitable for integrity. (301 occurrences)"", ""entries"": [{""description"": ""md5_digest → assets/graphics/igl/private/IGLU/src/filters/cutout_resize/cutout_resize.manifest"", ""hash_short"": ""#h:dd4c24e7"", ""location"": ""/home/secadmin/Laughlin/GitHub/ScytaleDroid/data/store/apk/sha256/bb/bbdc68441aa867f8c03195bb367e156ea16221205889a17d583f92ae132790a1.apk!string[assets/graphics/igl/private/IGLU/src/filters/cutout_resize/cutout_resize.manifest]""}, {""description"": ""md5_digest → assets/graphics/igl/private/IGLU/src/filters/igluscripts/blue_jeans.manifest"", ""hash_short"": ""#h:0184dfb3"", ""location"": ""/home/secadmin/Laughlin/GitHub/ScytaleDroid/data/store/apk/sha256/bb/bbdc68441aa867f8c03195bb367e156ea16221205889a17d583f92ae132790a1.apk!string[assets/graphics/igl/private/IGLU/src/filters/igluscripts/blue_jeans.manifest]""}]}",Use SHA-256 or better message digests.,,,CRYPTO,crypto_hygiene,,,8af01da40c69ac7afb71abd06728ed1669086fbaee01d02c912b9de0e2246a72,2026-07-04 02:12:12,CRYPTO,
202512,5790,crypto_sha1prng,INFO,Low,P2,CRYPTO,SecureRandom SHA1PRNG,"[""crypto"", ""sha1prng""]","{""path"": ""/home/secadmin/Laughlin/GitHub/ScytaleDroid/data/store/apk/sha256/bb/bbdc68441aa867f8c03195bb367e156ea16221205889a17d583f92ae132790a1.apk!string[classes5.dex]"", ""detail"": ""SHA1PRNG has predictability issues on some Android versions."", ""entries"": [{""description"": ""sha1prng → classes5.dex"", ""hash_short"": ""#h:9b964122"", ""location"": ""/home/secadmin/Laughlin/GitHub/ScytaleDroid/data/store/apk/sha256/bb/bbdc68441aa867f8c03195bb367e156ea16221205889a17d583f92ae132790a1.apk!string[classes5.dex]""}]}",Use default SecureRandom without explicit provider or use ChaCha20.,,,CRYPTO,crypto_hygiene,,,a7af8d9b81a7f26701ea076144b23a4607c15820ac204424c5a260e2fa4e7e79,2026-07-04 02:12:12,CRYPTO,
202513,5790,sdk_inventory_tracker_network_overlap,INFO,Info,NOTE,NETWORK,Endpoint overlap with tracker network reference intel,"[""sdk_inventory"", ""tracker_intel"", ""network_overlap""]","{""path"": ""classes5.dex@2620091"", ""detail"": ""10 tracker reference entries overlapped root domains from extracted HTTP(S) strings. This indicates contextual network similarity, not confirmed tracking behavior."", ""entries"": [{""description"": ""Endpoint root-domain overlapping tracker network signature"", ""hash_short"": ""8fa3758e"", ""location"": ""classes5.dex@2620091""}, {""description"": ""Endpoint root-domain overlapping tracker network signature"", ""hash_short"": ""8fa3758e"", ""location"": ""classes5.dex@2620091""}]}",,,,NETWORK,sdk_inventory,,,36dae6fa828813e2d7a28bab5865c4a909fd5bdae2d8b7bd6e4b06911f63b3e0,2026-07-04 02:12:12,NETWORK,
202514,5790,native_anti_analysis_signals,WARN,Low,P2,RESILIENCE,Native anti-analysis indicators,"[""native"", ""anti-analysis""]","{""path"": ""lib/arm64-v8a/libsuperpack-jni.so"", ""detail"": ""Native libraries contain strings associated with anti-debug/root checks."", ""entries"": [{""description"": ""entropy=6.263"", ""hash_short"": ""cfbb"", ""location"": ""lib/arm64-v8a/libsuperpack-jni.so""}, {""description"": ""entropy=6.165"", ""hash_short"": ""fe48"", ""location"": ""lib/arm64-v8a/libfbunwindstack.so""}, {""description"": ""entropy=6.147"", ""hash_short"": ""0055"", ""location"": ""lib/arm64-v8a/libimage_processing_util_jni.so""}, {""description"": ""entropy=6.077"", ""hash_short"": ""ed80"", ""location"": ""lib/arm64-v8a/libc++_shared.so""}, {""description"": ""entropy=5.745"", ""hash_short"": ""2145"", ""location"": ""lib/arm64-v8a/libsuperattic.so""}]}",Review native protections and validate behavior in a controlled run.,,,RESILIENCE,native_hardening,,,3b9288588fb375b89e3af99e7b6a28ea236842707a0983418debb7b297789be4,2026-07-04 02:12:12,RESILIENCE,
202515,5790,obfuscation_hints,WARN,Low,P2,RESILIENCE,Obfuscation indicators detected,"[""obfuscation"", ""anti-analysis""]","{""path"": ""classes3.dex"", ""detail"": ""DEX/class naming patterns and dynamic-loading hints suggest obfuscation or packing."", ""entries"": [{""description"": ""class-like string: OK/q/q8q8q"", ""location"": ""classes3.dex""}, {""description"": ""class-like string: o/qBqBq"", ""location"": ""classes3.dex""}, {""description"": ""class-like string: I/8qBqsr"", ""location"": ""classes3.dex""}, {""description"": ""class-like string: L/8q8q"", ""location"": ""classes3.dex""}, {""description"": ""class-like string: b/BqBq"", ""location"": ""classes3.dex""}]}",Use deobfuscation-aware tooling and verify behavior with dynamic analysis.,,,RESILIENCE,obfuscation_signals,,,72e45a3975b6c1b2155033615a41b48af6c38d8cdf71229fb2ef9cabd07d3ef1,2026-07-04 02:12:12,RESILIENCE,
202516,5790,diff_http_endpoints,WARN,Medium,P1,NETWORK,New HTTP endpoints discovered,[],"{""path"": ""report://3f651f2494cfc8d8a42d27ab64efe55f0ba2b489ffddd0b27eee1fda245f7813.json"", ""detail"": ""Cleartext HTTP endpoints were added compared to the previous analysis."", ""entries"": [{""description"": ""Baseline network surface"", ""location"": ""report://3f651f2494cfc8d8a42d27ab64efe55f0ba2b489ffddd0b27eee1fda245f7813.json""}]}",Ensure these endpoints are protected by TLS or remove them from release builds.,BASE-CLR-001,4.5,NETWORK,correlation_engine,,,5607958399530e0dcf7af8a65859eb5126061ea0ceab6404d44fe83fb5e0aa5a,2026-07-04 02:12:12,NETWORK,NETWORK-1
202517,5790,risk_profile,WARN,High,P0,OTHER,Correlation priority — Critical,"[""risk_profile_downgraded""]","{""detail"": ""Correlation priority score 18992 (Critical); synthetic prioritization signal.""}",Prioritise remediation of the contributing findings that raised this synthetic priority score.,,,OTHER,correlation_engine,,,3a4716d65e0461ca58e8f0fe0715bf3f48260e0a26aace49adcf0361b26d83ff,2026-07-04 02:12:12,OTHER,
204029,5829,manifest_cleartext_enabled,WARN,Medium,P1,NETWORK,Cleartext traffic permitted,[],"{""path"": ""/home/secadmin/Laughlin/GitHub/ScytaleDroid/data/store/apk/sha256/d0/d0436d304cabf565601bc64a9ccc02c44e9daf42b5a2e756075885938193d782.apk!AndroidManifest.xml"", ""detail"": ""android:usesCleartextTraffic is true. Cleartext endpoints should be limited to debug hosts and audited."", ""entries"": [{""description"": ""application@usesCleartextTraffic"", ""location"": ""/home/secadmin/Laughlin/GitHub/ScytaleDroid/data/store/apk/sha256/d0/d0436d304cabf565601bc64a9ccc02c44e9daf42b5a2e756075885938193d782.apk!AndroidManifest.xml""}]}",Disable cleartext traffic or scope it to a debug-only network security config.,BASE-CLR-001,4.5,NETWORK,manifest_baseline,,,9da4fe8fe5cb3300da62893fb386886bc195c5c942629f3c1f7f5655755fcc70,2026-07-04 02:15:04,NETWORK,NETWORK-1
204030,5829,manifest_exported_weak_guards,WARN,Medium,P1,PLATFORM,Exported components use weak guards,[],"{""path"": ""/home/secadmin/Laughlin/GitHub/ScytaleDroid/data/store/apk/sha256/d0/d0436d304cabf565601bc64a9ccc02c44e9daf42b5a2e756075885938193d782.apk!AndroidManifest.xml"", ""detail"": ""Exported components rely on normal/dangerous permissions or no guard at all: androidx.activity.ComponentActivity, androidx.compose.ui.tooling.PreviewActivity, androidx.profileinstaller.ProfileInstallReceiver, androidx.work.impl.diagnostics.DiagnosticsRe..."", ""entries"": [{""description"": ""component@permission"", ""location"": ""/home/secadmin/Laughlin/GitHub/ScytaleDroid/data/store/apk/sha256/d0/d0436d304cabf565601bc64a9ccc02c44e9daf42b5a2e756075885938193d782.apk!AndroidManifest.xml""}]}",Protect exported components with signature-level permissions or mark them non-exported.,,,PLATFORM,manifest_baseline,,,6c4b075e42209bf4c1b867e77c2281cab24759d81bbbc648966542738b3f05a5,2026-07-04 02:15:04,PLATFORM,
204031,5829,manifest_backup_and_exports,WARN,Medium,P1,STORAGE,Backup plus exported weak components,[],"{""path"": ""/home/secadmin/Laughlin/GitHub/ScytaleDroid/data/store/apk/sha256/d0/d0436d304cabf565601bc64a9ccc02c44e9daf42b5a2e756075885938193d782.apk!AndroidManifest.xml"", ""detail"": ""android:allowBackup is enabled while exported components lack strong permission guards (androidx.activity.ComponentActivity, androidx.compose.ui.tooling.PreviewActivity, androidx.profileinstaller.ProfileInstallReceiver, androidx.work.impl.diagnostics.Di..."", ""entries"": [{""description"": ""application@allowBackup"", ""location"": ""/home/secadmin/Laughlin/GitHub/ScytaleDroid/data/store/apk/sha256/d0/d0436d304cabf565601bc64a9ccc02c44e9daf42b5a2e756075885938193d782.apk!AndroidManifest.xml""}]}",Disable auto-backup or harden exported components with signature-level permissions.,,,STORAGE,manifest_baseline,,,0d6ce3bf7b949d734df313deb6b9234996862ad0763c25d86f6322425f788e62,2026-07-04 02:15:04,STORAGE,
204032,5829,manifest_backup_enabled,WARN,Medium,P1,STORAGE,Auto-backup enabled,[],"{""path"": ""/home/secadmin/Laughlin/GitHub/ScytaleDroid/data/store/apk/sha256/d0/d0436d304cabf565601bc64a9ccc02c44e9daf42b5a2e756075885938193d782.apk!AndroidManifest.xml"", ""detail"": ""Application data can be exported via Android's backup channel (android:allowBackup not set to false)."", ""entries"": [{""description"": ""application@allowBackup"", ""location"": ""/home/secadmin/Laughlin/GitHub/ScytaleDroid/data/store/apk/sha256/d0/d0436d304cabf565601bc64a9ccc02c44e9daf42b5a2e756075885938193d782.apk!AndroidManifest.xml""}]}",Set android:allowBackup=false or provide an explicit backup configuration that excludes sensitive data.,,,STORAGE,manifest_baseline,,,aa58089a075d2de64e484a57c2ad3f1a33319e623544c55cfd54802e4277f222,2026-07-04 02:15:04,STORAGE,
204033,5829,manifest_legacy_external_storage,WARN,Medium,P1,STORAGE,Legacy external storage requested,[],"{""path"": ""/home/secadmin/Laughlin/GitHub/ScytaleDroid/data/store/apk/sha256/d0/d0436d304cabf565601bc64a9ccc02c44e9daf42b5a2e756075885938193d782.apk!AndroidManifest.xml"", ""detail"": ""android:requestLegacyExternalStorage is true. This bypasses scoped storage protections and should be phased out."", ""entries"": [{""description"": ""application@requestLegacyExternalStorage"", ""location"": ""/home/secadmin/Laughlin/GitHub/ScytaleDroid/data/store/apk/sha256/d0/d0436d304cabf565601bc64a9ccc02c44e9daf42b5a2e756075885938193d782.apk!AndroidManifest.xml""}]}",Adopt scoped storage APIs and drop requestLegacyExternalStorage for production builds.,,,STORAGE,manifest_baseline,,,24c550a9d45958b3843264cd1ba724f7ba9c985902d3bdb41d27b5da624867cc,2026-07-04 02:15:04,STORAGE,
204034,5829,manifest_custom_permissions_review,INFO,Low,P2,PLATFORM,Review custom permission protection levels,[],"{""path"": ""/home/secadmin/Laughlin/GitHub/ScytaleDroid/data/store/apk/sha256/d0/d0436d304cabf565601bc64a9ccc02c44e9daf42b5a2e756075885938193d782.apk!AndroidManifest.xml"", ""detail"": ""Custom permissions use uncommon protection levels: com.twitter.android.DYNAMIC_RECEIVER_NOT_EXPORTED_PERMISSION, com.twitter.android.auth.login.ACCESS, com.twitter.android.permission.RESTRICTED"", ""entries"": [{""description"": ""permission@protectionLevel"", ""location"": ""/home/secadmin/Laughlin/GitHub/ScytaleDroid/data/store/apk/sha256/d0/d0436d304cabf565601bc64a9ccc02c44e9daf42b5a2e756075885938193d782.apk!AndroidManifest.xml""}]}",Verify the custom protection levels only grant access to trusted callers.,,,PLATFORM,manifest_baseline,,,f931963ffc1bc2d8a3fbb71d59aa842d815088dcc92de29be789a8292a51bf92,2026-07-04 02:15:04,PLATFORM,
204035,5829,manifest_task_affinity_custom,INFO,Low,P2,PLATFORM,Custom task affinities present,[],"{""path"": ""/home/secadmin/Laughlin/GitHub/ScytaleDroid/data/store/apk/sha256/d0/d0436d304cabf565601bc64a9ccc02c44e9daf42b5a2e756075885938193d782.apk!AndroidManifest.xml"", ""detail"": ""Components override the default task affinity: com.twitter.explore.immersivemediaplayer.ui.activity.ImmersiveMediaPlayerActivity→.ImmersiveMediaPlayerActivity, com.braze.push.NotificationTrampolineActivity→.NotificationTrampolineActivity, com.google.and..."", ""entries"": [{""description"": ""component@taskAffinity"", ""location"": ""/home/secadmin/Laughlin/GitHub/ScytaleDroid/data/store/apk/sha256/d0/d0436d304cabf565601bc64a9ccc02c44e9daf42b5a2e756075885938193d782.apk!AndroidManifest.xml""}]}",Ensure custom task affinities are required and do not leak activities into other apps.,,,PLATFORM,manifest_baseline,,,3c6b856a9143834486b114695b5565ffaa4a81df5e41b171d5ad2641ac2df3c1,2026-07-04 02:15:04,PLATFORM,
204036,5829,manifest_custom_process,INFO,Low,P2,PLATFORM,Components run in custom processes,[],"{""path"": ""/home/secadmin/Laughlin/GitHub/ScytaleDroid/data/store/apk/sha256/d0/d0436d304cabf565601bc64a9ccc02c44e9daf42b5a2e756075885938193d782.apk!AndroidManifest.xml"", ""detail"": ""Manifest assigns custom android:process values. Review isolation expectations for: io.scribeup.scribeupsdk.MerchantProcessInit→:merchant, io.scribeup.scribeupsdk.ui.merchant.MerchantLoginActivity→:merchant, com.jakewharton.processphoenix.ProcessPhoenix→..."", ""entries"": [{""description"": ""component@process"", ""location"": ""/home/secadmin/Laughlin/GitHub/ScytaleDroid/data/store/apk/sha256/d0/d0436d304cabf565601bc64a9ccc02c44e9daf42b5a2e756075885938193d782.apk!AndroidManifest.xml""}]}",Document why components require custom processes and ensure permissions isolate IPC boundaries.,,,PLATFORM,manifest_baseline,,,7943893bed4bab93cb4a342050d4bb54e09ab22a62104336766591fa65739a2b,2026-07-04 02:15:04,PLATFORM,
204037,5829,ipc_activity_open_com.x.android.main.MainActivity,WARN,Medium,P1,PLATFORM,Exported activity without permission,[],"{""detail"": ""Activity com.x.android.main.MainActivity is exported but does not declare android:permission.""}",Restrict the component with signature-level permissions or mark it non-exported unless explicitly required.,BASE-IPC-COMP-NO-ACL,8.0,PLATFORM,ipc_components,,,41c3f89ab6cd7e88a896a5200456519254a1782e0cdf311d9e356326d9d46e1f,2026-07-04 02:15:04,PLATFORM,PLATFORM-IPC-1
204038,5829,ipc_activity-alias_open_com.x.appicon.icon2,WARN,Medium,P1,PLATFORM,Exported activity alias without permission,[],"{""detail"": ""Activity Alias com.x.appicon.icon2 is exported but does not declare android:permission.""}",Restrict the component with signature-level permissions or mark it non-exported unless explicitly required.,BASE-IPC-COMP-NO-ACL,8.0,PLATFORM,ipc_components,,,93c24da200418c079146d39683a5e3aa80a958474032d939e5d2cf4c323cdf31,2026-07-04 02:15:04,PLATFORM,PLATFORM-IPC-1
204039,5829,ipc_activity-alias_open_com.x.appicon.icon3,WARN,Medium,P1,PLATFORM,Exported activity alias without permission,[],"{""detail"": ""Activity Alias com.x.appicon.icon3 is exported but does not declare android:permission.""}",Restrict the component with signature-level permissions or mark it non-exported unless explicitly required.,BASE-IPC-COMP-NO-ACL,8.0,PLATFORM,ipc_components,,,b8e6e87b226606145e3c9fdc4f894ce714f5b344510fa298f65224d02de08643,2026-07-04 02:15:04,PLATFORM,PLATFORM-IPC-1
204040,5829,ipc_activity-alias_open_com.x.appicon.icon4,WARN,Medium,P1,PLATFORM,Exported activity alias without permission,[],"{""detail"": ""Activity Alias com.x.appicon.icon4 is exported but does not declare android:permission.""}",Restrict the component with signature-level permissions or mark it non-exported unless explicitly required.,BASE-IPC-COMP-NO-ACL,8.0,PLATFORM,ipc_components,,,8c7570c20e7ae5131b0bbf24fb236323e95aa65288d8291d8b20b31bbf3286f6,2026-07-04 02:15:04,PLATFORM,PLATFORM-IPC-1
204041,5829,ipc_activity-alias_open_com.x.appicon.icon5,WARN,Medium,P1,PLATFORM,Exported activity alias without permission,[],"{""detail"": ""Activity Alias com.x.appicon.icon5 is exported but does not declare android:permission.""}",Restrict the component with signature-level permissions or mark it non-exported unless explicitly required.,BASE-IPC-COMP-NO-ACL,8.0,PLATFORM,ipc_components,,,f6090743025ce88d0956ce2c2bff3fb149e9d293bc12e06fe688f813e8589fea,2026-07-04 02:15:04,PLATFORM,PLATFORM-IPC-1
204042,5829,ipc_activity-alias_open_com.x.appicon.icon6,WARN,Medium,P1,PLATFORM,Exported activity alias without permission,[],"{""detail"": ""Activity Alias com.x.appicon.icon6 is exported but does not declare android:permission.""}",Restrict the component with signature-level permissions or mark it non-exported unless explicitly required.,BASE-IPC-COMP-NO-ACL,8.0,PLATFORM,ipc_components,,,e08016684601fb1852b96724c9530df514d24a97d8e1f1b60ff2f65fd4a11bf9,2026-07-04 02:15:04,PLATFORM,PLATFORM-IPC-1
204043,5829,ipc_activity-alias_open_com.x.appicon.icon7,WARN,Medium,P1,PLATFORM,Exported activity alias without permission,[],"{""detail"": ""Activity Alias com.x.appicon.icon7 is exported but does not declare android:permission.""}",Restrict the component with signature-level permissions or mark it non-exported unless explicitly required.,BASE-IPC-COMP-NO-ACL,8.0,PLATFORM,ipc_components,,,985c15094beca9973341c0071b902ba3f222627e8b75e3634037d695ea930bff,2026-07-04 02:15:04,PLATFORM,PLATFORM-IPC-1
204044,5829,ipc_activity-alias_open_com.x.appicon.icon8,WARN,Medium,P1,PLATFORM,Exported activity alias without permission,[],"{""detail"": ""Activity Alias com.x.appicon.icon8 is exported but does not declare android:permission.""}",Restrict the component with signature-level permissions or mark it non-exported unless explicitly required.,BASE-IPC-COMP-NO-ACL,8.0,PLATFORM,ipc_components,,,2ee9fc07fa3740d90ac289d01cd382ece2cce79e449aae138ae46a1e577e490d,2026-07-04 02:15:04,PLATFORM,PLATFORM-IPC-1
204045,5829,ipc_activity-alias_open_com.x.appicon.icon9,WARN,Medium,P1,PLATFORM,Exported activity alias without permission,[],"{""detail"": ""Activity Alias com.x.appicon.icon9 is exported but does not declare android:permission.""}",Restrict the component with signature-level permissions or mark it non-exported unless explicitly required.,BASE-IPC-COMP-NO-ACL,8.0,PLATFORM,ipc_components,,,ce78e78a4f6fe4f04cd53a59596bd2f6049e5def27cb490e3e662285d95b6fa6,2026-07-04 02:15:04,PLATFORM,PLATFORM-IPC-1
204046,5829,ipc_activity-alias_open_com.x.appicon.icon10,WARN,Medium,P1,PLATFORM,Exported activity alias without permission,[],"{""detail"": ""Activity Alias com.x.appicon.icon10 is exported but does not declare android:permission.""}",Restrict the component with signature-level permissions or mark it non-exported unless explicitly required.,BASE-IPC-COMP-NO-ACL,8.0,PLATFORM,ipc_components,,,e21e646be136a352c5afe0f1f4e0ebb808751504d9e1102db79189c86d416ec7,2026-07-04 02:15:04,PLATFORM,PLATFORM-IPC-1
204047,5829,ipc_activity-alias_open_com.x.appicon.icon11,WARN,Medium,P1,PLATFORM,Exported activity alias without permission,[],"{""detail"": ""Activity Alias com.x.appicon.icon11 is exported but does not declare android:permission.""}",Restrict the component with signature-level permissions or mark it non-exported unless explicitly required.,BASE-IPC-COMP-NO-ACL,8.0,PLATFORM,ipc_components,,,da626bd51ca41ee58036169d257caa40f98be1a6b00326c7adfc6c406281d637,2026-07-04 02:15:04,PLATFORM,PLATFORM-IPC-1
204048,5829,ipc_activity-alias_open_com.x.appicon.icon12,WARN,Medium,P1,PLATFORM,Exported activity alias without permission,[],"{""detail"": ""Activity Alias com.x.appicon.icon12 is exported but does not declare android:permission.""}",Restrict the component with signature-level permissions or mark it non-exported unless explicitly required.,BASE-IPC-COMP-NO-ACL,8.0,PLATFORM,ipc_components,,,b230d5ddb4964d435dd4de1ffbebc920b84a35bad72fc8a6ccb68f242704cc5a,2026-07-04 02:15:04,PLATFORM,PLATFORM-IPC-1
204049,5829,ipc_activity-alias_open_com.x.appicon.icon13,WARN,Medium,P1,PLATFORM,Exported activity alias without permission,[],"{""detail"": ""Activity Alias com.x.appicon.icon13 is exported but does not declare android:permission.""}",Restrict the component with signature-level permissions or mark it non-exported unless explicitly required.,BASE-IPC-COMP-NO-ACL,8.0,PLATFORM,ipc_components,,,81571b02b9fadaa64419d532b8eaf59493d075f0d8f309c5620456ef24270903,2026-07-04 02:15:04,PLATFORM,PLATFORM-IPC-1
204050,5829,ipc_activity-alias_open_com.x.appicon.icon14,WARN,Medium,P1,PLATFORM,Exported activity alias without permission,[],"{""detail"": ""Activity Alias com.x.appicon.icon14 is exported but does not declare android:permission.""}",Restrict the component with signature-level permissions or mark it non-exported unless explicitly required.,BASE-IPC-COMP-NO-ACL,8.0,PLATFORM,ipc_components,,,9bb3052f4715c7bd63db7f285c10649bbd7fba9f95310875012526dab9c8aa82,2026-07-04 02:15:04,PLATFORM,PLATFORM-IPC-1
204051,5829,ipc_activity-alias_open_com.x.appicon.icon24,WARN,Medium,P1,PLATFORM,Exported activity alias without permission,[],"{""detail"": ""Activity Alias com.x.appicon.icon24 is exported but does not declare android:permission.""}",Restrict the component with signature-level permissions or mark it non-exported unless explicitly required.,BASE-IPC-COMP-NO-ACL,8.0,PLATFORM,ipc_components,,,762d672424e88de47a892f8a60e7e2c6b7ef22bfcc3911fc32061cf4b534e622,2026-07-04 02:15:04,PLATFORM,PLATFORM-IPC-1
204052,5829,ipc_activity-alias_open_com.x.appicon.icon25,WARN,Medium,P1,PLATFORM,Exported activity alias without permission,[],"{""detail"": ""Activity Alias com.x.appicon.icon25 is exported but does not declare android:permission.""}",Restrict the component with signature-level permissions or mark it non-exported unless explicitly required.,BASE-IPC-COMP-NO-ACL,8.0,PLATFORM,ipc_components,,,c805bb52d58381571cb7433fac9d32b81e5c8ee1bbb3f021a6550e44ab3afc4e,2026-07-04 02:15:04,PLATFORM,PLATFORM-IPC-1
204053,5829,ipc_activity-alias_open_com.x.appicon.icon26,WARN,Medium,P1,PLATFORM,Exported activity alias without permission,[],"{""detail"": ""Activity Alias com.x.appicon.icon26 is exported but does not declare android:permission.""}",Restrict the component with signature-level permissions or mark it non-exported unless explicitly required.,BASE-IPC-COMP-NO-ACL,8.0,PLATFORM,ipc_components,,,b8df5ea12caececf6e398423ca14f88e629c6866375c989f4487ddff2a00de9e,2026-07-04 02:15:04,PLATFORM,PLATFORM-IPC-1
204054,5829,ipc_activity-alias_open_com.x.appicon.icon27,WARN,Medium,P1,PLATFORM,Exported activity alias without permission,[],"{""detail"": ""Activity Alias com.x.appicon.icon27 is exported but does not declare android:permission.""}",Restrict the component with signature-level permissions or mark it non-exported unless explicitly required.,BASE-IPC-COMP-NO-ACL,8.0,PLATFORM,ipc_components,,,fe982ab30200903afb4c93147410e5c4f2cd8777a0d956851396213e880ed8fe,2026-07-04 02:15:04,PLATFORM,PLATFORM-IPC-1
204055,5829,ipc_activity-alias_open_com.x.appicon.icon28,WARN,Medium,P1,PLATFORM,Exported activity alias without permission,[],"{""detail"": ""Activity Alias com.x.appicon.icon28 is exported but does not declare android:permission.""}",Restrict the component with signature-level permissions or mark it non-exported unless explicitly required.,BASE-IPC-COMP-NO-ACL,8.0,PLATFORM,ipc_components,,,84069e60b22a2d454fb6622aae14246722a529e86febf2f81bcba29334318066,2026-07-04 02:15:04,PLATFORM,PLATFORM-IPC-1
204056,5829,ipc_activity-alias_open_com.x.appicon.icon29,WARN,Medium,P1,PLATFORM,Exported activity alias without permission,[],"{""detail"": ""Activity Alias com.x.appicon.icon29 is exported but does not declare android:permission.""}",Restrict the component with signature-level permissions or mark it non-exported unless explicitly required.,BASE-IPC-COMP-NO-ACL,8.0,PLATFORM,ipc_components,,,39e589fa0c728d4c9d82144a7084e69644c042f6ae608abf9512c3e1561554c4,2026-07-04 02:15:04,PLATFORM,PLATFORM-IPC-1
204057,5829,ipc_activity-alias_open_com.x.android.lib.ChatActivity,WARN,Medium,P1,PLATFORM,Exported activity alias without permission,[],"{""detail"": ""Activity Alias com.x.android.lib.ChatActivity is exported but does not declare android:permission.""}",Restrict the component with signature-level permissions or mark it non-exported unless explicitly required.,BASE-IPC-COMP-NO-ACL,8.0,PLATFORM,ipc_components,,,afb663603cd59e21863d5ac981f6db872922cf9679c3e34a9cb34c2fd16d78ee,2026-07-04 02:15:04,PLATFORM,PLATFORM-IPC-1
204058,5829,ipc_activity-alias_open_com.x.android.lib.ComposerActivity,WARN,Medium,P1,PLATFORM,Exported activity alias without permission,[],"{""detail"": ""Activity Alias com.x.android.lib.ComposerActivity is exported but does not declare android:permission.""}",Restrict the component with signature-level permissions or mark it non-exported unless explicitly required.,BASE-IPC-COMP-NO-ACL,8.0,PLATFORM,ipc_components,,,bbcc5aaaf61e64c26a989a7b76a316a80b10a0fba1c62d137cf95760d4666558,2026-07-04 02:15:04,PLATFORM,PLATFORM-IPC-1
204059,5829,ipc_activity_open_com.x.android.deeplink.UrlInterpreterActivity,WARN,Medium,P1,PLATFORM,Exported activity without permission,[],"{""detail"": ""Activity com.x.android.deeplink.UrlInterpreterActivity is exported but does not declare android:permission.""}",Restrict the component with signature-level permissions or mark it non-exported unless explicitly required.,BASE-IPC-COMP-NO-ACL,8.0,PLATFORM,ipc_components,,,e64fe0f63ae48d8000c46b955b2ef70873f85a57a0c06c223f606452ebc83c5c,2026-07-04 02:15:04,PLATFORM,PLATFORM-IPC-1
204060,5829,ipc_service_weak_permission_com.x.account.XAuthenticationService,WARN,Medium,P1,PLATFORM,Weak permission guard on exported service,[],"{""detail"": ""Service com.x.account.XAuthenticationService uses com.twitter.android.auth.login.ACCESS (protectionLevel=0x00000002), which is insufficient for exported components.""}",Protect the component with a signature-level permission or mark it non-exported.,,,PLATFORM,ipc_components,,,805563e4394de0a7c0a0e8a5540454c405363480898d3149efa4814686b4f82b,2026-07-04 02:15:04,PLATFORM,
204061,5829,ipc_service_weak_permission_com.twitter.android.platform.TwitterAuthenticationService,WARN,Medium,P1,PLATFORM,Weak permission guard on exported service,[],"{""detail"": ""Service com.twitter.android.platform.TwitterAuthenticationService uses com.twitter.android.auth.login.ACCESS (protectionLevel=0x00000002), which is insufficient for exported components.""}",Protect the component with a signature-level permission or mark it non-exported.,,,PLATFORM,ipc_components,,,1271bd6febf0101b1cc8bcd9baf0c18e82bd8c6c6739c46e2b28af4d9895402b,2026-07-04 02:15:04,PLATFORM,
204062,5829,ipc_activity_open_com.twitter.android.AuthorizeAppActivity,WARN,Medium,P1,PLATFORM,Exported activity without permission,[],"{""detail"": ""Activity com.twitter.android.AuthorizeAppActivity is exported but does not declare android:permission.""}",Restrict the component with signature-level permissions or mark it non-exported unless explicitly required.,BASE-IPC-COMP-NO-ACL,8.0,PLATFORM,ipc_components,,,c3989fe3b415cdf21b7503954fc824c8d5eb909834594a17f0b32394151d3c42,2026-07-04 02:15:04,PLATFORM,PLATFORM-IPC-1
204063,5829,ipc_activity_open_com.twitter.android.SingleSignOnActivity,WARN,Medium,P1,PLATFORM,Exported activity without permission,[],"{""detail"": ""Activity com.twitter.android.SingleSignOnActivity is exported but does not declare android:permission.""}",Restrict the component with signature-level permissions or mark it non-exported unless explicitly required.,BASE-IPC-COMP-NO-ACL,8.0,PLATFORM,ipc_components,,,58b12f9489656f753af9b159e811817de17505fbc14e25efde03886d5259f43e,2026-07-04 02:15:04,PLATFORM,PLATFORM-IPC-1
204064,5829,ipc_activity-alias_open_com.twitter.composer.ComposerActivity,WARN,Medium,P1,PLATFORM,Exported activity alias without permission,[],"{""detail"": ""Activity Alias com.twitter.composer.ComposerActivity is exported but does not declare android:permission.""}",Restrict the component with signature-level permissions or mark it non-exported unless explicitly required.,BASE-IPC-COMP-NO-ACL,8.0,PLATFORM,ipc_components,,,c24cce2af34de1715637406b31a78429d2b231e8f541b139648ecf1c5049f0d3,2026-07-04 02:15:04,PLATFORM,PLATFORM-IPC-1
204065,5829,ipc_activity-alias_open_com.twitter.app.profiles.ProfileActivity,WARN,Medium,P1,PLATFORM,Exported activity alias without permission,[],"{""detail"": ""Activity Alias com.twitter.app.profiles.ProfileActivity is exported but does not declare android:permission.""}",Restrict the component with signature-level permissions or mark it non-exported unless explicitly required.,BASE-IPC-COMP-NO-ACL,8.0,PLATFORM,ipc_components,,,ca193d32cbac25a2cacb0e052af29399a669e8cadff4196a6fa0aa91c38b3778,2026-07-04 02:15:04,PLATFORM,PLATFORM-IPC-1
204066,5829,ipc_activity-alias_open_com.twitter.app.dm.DMActivity,WARN,Medium,P1,PLATFORM,Exported activity alias without permission,[],"{""detail"": ""Activity Alias com.twitter.app.dm.DMActivity is exported but does not declare android:permission.""}",Restrict the component with signature-level permissions or mark it non-exported unless explicitly required.,BASE-IPC-COMP-NO-ACL,8.0,PLATFORM,ipc_components,,,f43a1d3bfdd3d8ff96b6c68fb702f0567b31b5fd26c67be1d43f0b24f8e0495c,2026-07-04 02:15:04,PLATFORM,PLATFORM-IPC-1
204067,5829,ipc_activity-alias_open_com.twitter.clientshutdown.update.AppUpdateActivityAlias,WARN,Medium,P1,PLATFORM,Exported activity alias without permission,[],"{""detail"": ""Activity Alias com.twitter.clientshutdown.update.AppUpdateActivityAlias is exported but does not declare android:permission.""}",Restrict the component with signature-level permissions or mark it non-exported unless explicitly required.,BASE-IPC-COMP-NO-ACL,8.0,PLATFORM,ipc_components,,,5107714ddc0b65f44bd9f0aa607ea4a0caa2e2680aba04c30591a21d49ebb34d,2026-07-04 02:15:04,PLATFORM,PLATFORM-IPC-1
204068,5829,ipc_receiver_weak_permission_com.twitter.client.AppBroadcastReceiver,WARN,Medium,P1,PLATFORM,Weak permission guard on exported receiver,[],"{""detail"": ""Receiver com.twitter.client.AppBroadcastReceiver uses com.twitter.android.permission.RESTRICTED (protectionLevel=0x00000002), which is insufficient for exported components.""}",Protect the component with a signature-level permission or mark it non-exported.,,,PLATFORM,ipc_components,,,4601524d913c3f65888aec5a28f70bd4bac1c8b28c6734d94bf86ae87eec3972,2026-07-04 02:15:04,PLATFORM,
204069,5829,ipc_activity_open_com.twitter.android.StartActivity,WARN,Medium,P1,PLATFORM,Exported activity without permission,[],"{""detail"": ""Activity com.twitter.android.StartActivity is exported but does not declare android:permission.""}",Restrict the component with signature-level permissions or mark it non-exported unless explicitly required.,BASE-IPC-COMP-NO-ACL,8.0,PLATFORM,ipc_components,,,e693879f5b5fb624f76a2be665d7f92f2803f1a7044ff799a73b6967b41475e6,2026-07-04 02:15:04,PLATFORM,PLATFORM-IPC-1
204070,5829,ipc_activity-alias_open_com.twitter.subscriptions.appicon.implementation.icon2,WARN,Medium,P1,PLATFORM,Exported activity alias without permission,[],"{""detail"": ""Activity Alias com.twitter.subscriptions.appicon.implementation.icon2 is exported but does not declare android:permission.""}",Restrict the component with signature-level permissions or mark it non-exported unless explicitly required.,BASE-IPC-COMP-NO-ACL,8.0,PLATFORM,ipc_components,,,85812785447fe6a900f1e4bd1ffb3f2e87b0f1b4575595606772aaa937f85a28,2026-07-04 02:15:04,PLATFORM,PLATFORM-IPC-1
204071,5829,ipc_activity-alias_open_com.twitter.subscriptions.appicon.implementation.icon3,WARN,Medium,P1,PLATFORM,Exported activity alias without permission,[],"{""detail"": ""Activity Alias com.twitter.subscriptions.appicon.implementation.icon3 is exported but does not declare android:permission.""}",Restrict the component with signature-level permissions or mark it non-exported unless explicitly required.,BASE-IPC-COMP-NO-ACL,8.0,PLATFORM,ipc_components,,,b1371db6f09d12fa374ae6840a2431f20ce161c03d6f533dad55bf3262745be2,2026-07-04 02:15:04,PLATFORM,PLATFORM-IPC-1
204072,5829,ipc_activity-alias_open_com.twitter.subscriptions.appicon.implementation.icon4,WARN,Medium,P1,PLATFORM,Exported activity alias without permission,[],"{""detail"": ""Activity Alias com.twitter.subscriptions.appicon.implementation.icon4 is exported but does not declare android:permission.""}",Restrict the component with signature-level permissions or mark it non-exported unless explicitly required.,BASE-IPC-COMP-NO-ACL,8.0,PLATFORM,ipc_components,,,89ebb8fa429bfdbbe1687ca908b6d339960b722b1815a8d249be0669c51f8cbc,2026-07-04 02:15:04,PLATFORM,PLATFORM-IPC-1
204073,5829,ipc_activity-alias_open_com.twitter.subscriptions.appicon.implementation.icon5,WARN,Medium,P1,PLATFORM,Exported activity alias without permission,[],"{""detail"": ""Activity Alias com.twitter.subscriptions.appicon.implementation.icon5 is exported but does not declare android:permission.""}",Restrict the component with signature-level permissions or mark it non-exported unless explicitly required.,BASE-IPC-COMP-NO-ACL,8.0,PLATFORM,ipc_components,,,2875d89e95a71ffaaac7778585f39c34f6f7bee68a5542e9c0019ea5576e77a2,2026-07-04 02:15:04,PLATFORM,PLATFORM-IPC-1
204074,5829,ipc_activity-alias_open_com.twitter.subscriptions.appicon.implementation.icon6,WARN,Medium,P1,PLATFORM,Exported activity alias without permission,[],"{""detail"": ""Activity Alias com.twitter.subscriptions.appicon.implementation.icon6 is exported but does not declare android:permission.""}",Restrict the component with signature-level permissions or mark it non-exported unless explicitly required.,BASE-IPC-COMP-NO-ACL,8.0,PLATFORM,ipc_components,,,383c49fb4c7039dcbceb20c845ace729c2612b381289f98c374f137a99cfb82e,2026-07-04 02:15:04,PLATFORM,PLATFORM-IPC-1
204075,5829,ipc_activity-alias_open_com.twitter.subscriptions.appicon.implementation.icon7,WARN,Medium,P1,PLATFORM,Exported activity alias without permission,[],"{""detail"": ""Activity Alias com.twitter.subscriptions.appicon.implementation.icon7 is exported but does not declare android:permission.""}",Restrict the component with signature-level permissions or mark it non-exported unless explicitly required.,BASE-IPC-COMP-NO-ACL,8.0,PLATFORM,ipc_components,,,391ec25d3cb05725d8baf6146c11060d24c5df9df20c7c71a58fc4f9a0a3ac8f,2026-07-04 02:15:04,PLATFORM,PLATFORM-IPC-1
204076,5829,ipc_activity-alias_open_com.twitter.subscriptions.appicon.implementation.icon8,WARN,Medium,P1,PLATFORM,Exported activity alias without permission,[],"{""detail"": ""Activity Alias com.twitter.subscriptions.appicon.implementation.icon8 is exported but does not declare android:permission.""}",Restrict the component with signature-level permissions or mark it non-exported unless explicitly required.,BASE-IPC-COMP-NO-ACL,8.0,PLATFORM,ipc_components,,,5d596caefbe203b5ff5192f1ea12dd7dbb01f1b866c03ab71656ad94cd8b56de,2026-07-04 02:15:04,PLATFORM,PLATFORM-IPC-1
204077,5829,ipc_activity-alias_open_com.twitter.subscriptions.appicon.implementation.icon9,WARN,Medium,P1,PLATFORM,Exported activity alias without permission,[],"{""detail"": ""Activity Alias com.twitter.subscriptions.appicon.implementation.icon9 is exported but does not declare android:permission.""}",Restrict the component with signature-level permissions or mark it non-exported unless explicitly required.,BASE-IPC-COMP-NO-ACL,8.0,PLATFORM,ipc_components,,,6da3104083400c8e7812d16e15187e0062c0948f6a1be66a5d7d985abc5b9de8,2026-07-04 02:15:04,PLATFORM,PLATFORM-IPC-1
204078,5829,ipc_activity-alias_open_com.twitter.subscriptions.appicon.implementation.icon10,WARN,Medium,P1,PLATFORM,Exported activity alias without permission,[],"{""detail"": ""Activity Alias com.twitter.subscriptions.appicon.implementation.icon10 is exported but does not declare android:permission.""}",Restrict the component with signature-level permissions or mark it non-exported unless explicitly required.,BASE-IPC-COMP-NO-ACL,8.0,PLATFORM,ipc_components,,,f53885b240ecdc99a6fdd3643f5b192755495895f45657c2d489cdf7f1644d87,2026-07-04 02:15:04,PLATFORM,PLATFORM-IPC-1
204079,5829,ipc_activity-alias_open_com.twitter.subscriptions.appicon.implementation.icon11,WARN,Medium,P1,PLATFORM,Exported activity alias without permission,[],"{""detail"": ""Activity Alias com.twitter.subscriptions.appicon.implementation.icon11 is exported but does not declare android:permission.""}",Restrict the component with signature-level permissions or mark it non-exported unless explicitly required.,BASE-IPC-COMP-NO-ACL,8.0,PLATFORM,ipc_components,,,9e32f5631f59ef56507bc558a0ea1af27cec7da24aae12a03a3dfbe27e6a3b77,2026-07-04 02:15:04,PLATFORM,PLATFORM-IPC-1
204080,5829,ipc_activity-alias_open_com.twitter.subscriptions.appicon.implementation.icon12,WARN,Medium,P1,PLATFORM,Exported activity alias without permission,[],"{""detail"": ""Activity Alias com.twitter.subscriptions.appicon.implementation.icon12 is exported but does not declare android:permission.""}",Restrict the component with signature-level permissions or mark it non-exported unless explicitly required.,BASE-IPC-COMP-NO-ACL,8.0,PLATFORM,ipc_components,,,283eb40886001ecb2ac800435e1b32a83ed8d20609eea083f60ade2b6330d0f5,2026-07-04 02:15:04,PLATFORM,PLATFORM-IPC-1
204081,5829,ipc_activity-alias_open_com.twitter.subscriptions.appicon.implementation.icon13,WARN,Medium,P1,PLATFORM,Exported activity alias without permission,[],"{""detail"": ""Activity Alias com.twitter.subscriptions.appicon.implementation.icon13 is exported but does not declare android:permission.""}",Restrict the component with signature-level permissions or mark it non-exported unless explicitly required.,BASE-IPC-COMP-NO-ACL,8.0,PLATFORM,ipc_components,,,ba69efaf1d60f3d596c6587e8b33ee9ce75683ccfeafd29e9f3c8a7e938dcdbc,2026-07-04 02:15:04,PLATFORM,PLATFORM-IPC-1
204082,5829,ipc_activity-alias_open_com.twitter.subscriptions.appicon.implementation.icon14,WARN,Medium,P1,PLATFORM,Exported activity alias without permission,[],"{""detail"": ""Activity Alias com.twitter.subscriptions.appicon.implementation.icon14 is exported but does not declare android:permission.""}",Restrict the component with signature-level permissions or mark it non-exported unless explicitly required.,BASE-IPC-COMP-NO-ACL,8.0,PLATFORM,ipc_components,,,e1de5f502ee99ea907dfba734b43833d8b720ddc55e1a00492fcb9a740203d1c,2026-07-04 02:15:04,PLATFORM,PLATFORM-IPC-1
204083,5829,ipc_activity-alias_open_com.twitter.subscriptions.appicon.implementation.icon24,WARN,Medium,P1,PLATFORM,Exported activity alias without permission,[],"{""detail"": ""Activity Alias com.twitter.subscriptions.appicon.implementation.icon24 is exported but does not declare android:permission.""}",Restrict the component with signature-level permissions or mark it non-exported unless explicitly required.,BASE-IPC-COMP-NO-ACL,8.0,PLATFORM,ipc_components,,,2501cf16a4d4238160fd09bb5183ca787918bbade164b2e9d7950a53fc2baebf,2026-07-04 02:15:04,PLATFORM,PLATFORM-IPC-1
204084,5829,ipc_activity-alias_open_com.twitter.subscriptions.appicon.implementation.icon25,WARN,Medium,P1,PLATFORM,Exported activity alias without permission,[],"{""detail"": ""Activity Alias com.twitter.subscriptions.appicon.implementation.icon25 is exported but does not declare android:permission.""}",Restrict the component with signature-level permissions or mark it non-exported unless explicitly required.,BASE-IPC-COMP-NO-ACL,8.0,PLATFORM,ipc_components,,,71ddee5c71b67a62166691ade882edaf87a8e2c85dbfffba549a9bae586aebc5,2026-07-04 02:15:04,PLATFORM,PLATFORM-IPC-1
204085,5829,ipc_activity-alias_open_com.twitter.subscriptions.appicon.implementation.icon26,WARN,Medium,P1,PLATFORM,Exported activity alias without permission,[],"{""detail"": ""Activity Alias com.twitter.subscriptions.appicon.implementation.icon26 is exported but does not declare android:permission.""}",Restrict the component with signature-level permissions or mark it non-exported unless explicitly required.,BASE-IPC-COMP-NO-ACL,8.0,PLATFORM,ipc_components,,,ac6fa608c047542003919fcc695444c8a3f471f717cd8a9f405e1daa8d3b761c,2026-07-04 02:15:04,PLATFORM,PLATFORM-IPC-1
204086,5829,ipc_activity-alias_open_com.twitter.subscriptions.appicon.implementation.icon27,WARN,Medium,P1,PLATFORM,Exported activity alias without permission,[],"{""detail"": ""Activity Alias com.twitter.subscriptions.appicon.implementation.icon27 is exported but does not declare android:permission.""}",Restrict the component with signature-level permissions or mark it non-exported unless explicitly required.,BASE-IPC-COMP-NO-ACL,8.0,PLATFORM,ipc_components,,,792291ac7da0b5f31d6b9cf2b72e9e5ecc700e67c63aa0585deb89ab574f76a5,2026-07-04 02:15:04,PLATFORM,PLATFORM-IPC-1
204087,5829,ipc_activity-alias_open_com.twitter.subscriptions.appicon.implementation.icon28,WARN,Medium,P1,PLATFORM,Exported activity alias without permission,[],"{""detail"": ""Activity Alias com.twitter.subscriptions.appicon.implementation.icon28 is exported but does not declare android:permission.""}",Restrict the component with signature-level permissions or mark it non-exported unless explicitly required.,BASE-IPC-COMP-NO-ACL,8.0,PLATFORM,ipc_components,,,7e66b1273a217db4aa18ae38ab492cff7008e27d509f18fe51572827d124f949,2026-07-04 02:15:04,PLATFORM,PLATFORM-IPC-1
204088,5829,ipc_activity-alias_open_com.twitter.subscriptions.appicon.implementation.icon29,WARN,Medium,P1,PLATFORM,Exported activity alias without permission,[],"{""detail"": ""Activity Alias com.twitter.subscriptions.appicon.implementation.icon29 is exported but does not declare android:permission.""}",Restrict the component with signature-level permissions or mark it non-exported unless explicitly required.,BASE-IPC-COMP-NO-ACL,8.0,PLATFORM,ipc_components,,,f52be5da8a50c473b2c232378423a2da877e558af9385f7bf7144edd54799fa0,2026-07-04 02:15:04,PLATFORM,PLATFORM-IPC-1
204089,5829,ipc_activity-alias_open_com.twitter.android.search.implementation.filters.AdvancedSearchFiltersActivity,WARN,Medium,P1,PLATFORM,Exported activity alias without permission,[],"{""detail"": ""Activity Alias com.twitter.android.search.implementation.filters.AdvancedSearchFiltersActivity is exported but does not declare android:permission.""}",Restrict the component with signature-level permissions or mark it non-exported unless explicitly required.,BASE-IPC-COMP-NO-ACL,8.0,PLATFORM,ipc_components,,,822a325f5a9ccfd27fb0c139823b63a08374ac1646525d253b563ecf5e628ca8,2026-07-04 02:15:04,PLATFORM,PLATFORM-IPC-1
204090,5829,ipc_activity-alias_open_com.twitter.android.search.implementation.results.SearchActivity,WARN,Medium,P1,PLATFORM,Exported activity alias without permission,[],"{""detail"": ""Activity Alias com.twitter.android.search.implementation.results.SearchActivity is exported but does not declare android:permission.""}",Restrict the component with signature-level permissions or mark it non-exported unless explicitly required.,BASE-IPC-COMP-NO-ACL,8.0,PLATFORM,ipc_components,,,e98505bc9f0da8044ce1650965faa4497a87a6b14fdb25a62b51169d68fef94b,2026-07-04 02:15:04,PLATFORM,PLATFORM-IPC-1
204091,5829,ipc_activity-alias_open_com.twitter.app.sensitivemedia.SensitiveMediaActivity,WARN,Medium,P1,PLATFORM,Exported activity alias without permission,[],"{""detail"": ""Activity Alias com.twitter.app.sensitivemedia.SensitiveMediaActivity is exported but does not declare android:permission.""}",Restrict the component with signature-level permissions or mark it non-exported unless explicitly required.,BASE-IPC-COMP-NO-ACL,8.0,PLATFORM,ipc_components,,,e656bcf9467dd30e3e4292b10a031773d550a0b446cb9773710b31a15781dc10,2026-07-04 02:15:04,PLATFORM,PLATFORM-IPC-1
204092,5829,ipc_activity-alias_open_com.twitter.android.unifiedlanding.implementation.UnifiedLandingActivity,WARN,Medium,P1,PLATFORM,Exported activity alias without permission,[],"{""detail"": ""Activity Alias com.twitter.android.unifiedlanding.implementation.UnifiedLandingActivity is exported but does not declare android:permission.""}",Restrict the component with signature-level permissions or mark it non-exported unless explicitly required.,BASE-IPC-COMP-NO-ACL,8.0,PLATFORM,ipc_components,,,ff900282cf5c938c672e56697df98957f140f187494b2f1538ca84cbdb5be2b9,2026-07-04 02:15:04,PLATFORM,PLATFORM-IPC-1
204093,5829,ipc_service_permission_com.twitter.calling.xcall.XCallConnectionService,INFO,Low,P2,PLATFORM,Exported service gated by android.permission.BIND_TELECOM_CONNECTION_SERVICE,[],"{""detail"": ""Exported service relies on android.permission.BIND_TELECOM_CONNECTION_SERVICE (protectionLevel=signature/privileged).""}",Document the permission contract and monitor for unexpected callers.,BASE-IPC-EXPORTED-WITH-PERM,2.5,PLATFORM,ipc_components,,,7a45fc21bd8fdd8b769d284d30bf894cd5d50227f985ba708b632b5de11cbe43,2026-07-04 02:15:04,PLATFORM,PLATFORM-IPC-1
204094,5829,ipc_activity_open_com.twitter.notifications.settings.compose.NotificationSettingsNewActivity,WARN,Medium,P1,PLATFORM,Exported activity without permission,[],"{""detail"": ""Activity com.twitter.notifications.settings.compose.NotificationSettingsNewActivity is exported but does not declare android:permission.""}",Restrict the component with signature-level permissions or mark it non-exported unless explicitly required.,BASE-IPC-COMP-NO-ACL,8.0,PLATFORM,ipc_components,,,99a8fb8bd59d33a1c6484efbb68d2933aa78118bd92390f62b07bee66007da1e,2026-07-04 02:15:04,PLATFORM,PLATFORM-IPC-1
204095,5829,ipc_activity_open_com.twitter.deeplink.implementation.UrlInterpreterActivity,WARN,Medium,P1,PLATFORM,Exported activity without permission,[],"{""detail"": ""Activity com.twitter.deeplink.implementation.UrlInterpreterActivity is exported but does not declare android:permission.""}",Restrict the component with signature-level permissions or mark it non-exported unless explicitly required.,BASE-IPC-COMP-NO-ACL,8.0,PLATFORM,ipc_components,,,90753f37b0b4d747656ffb27a34f36b8b423b491f0f43c1a957b94390716fd62,2026-07-04 02:15:04,PLATFORM,PLATFORM-IPC-1
204096,5829,ipc_receiver_open_com.twitter.account.phone.SmsBroadcastReceiver,WARN,Medium,P1,PLATFORM,Exported receiver without permission,[],"{""detail"": ""Receiver com.twitter.account.phone.SmsBroadcastReceiver is exported but does not declare android:permission.""}",Restrict the component with signature-level permissions or mark it non-exported unless explicitly required.,BASE-IPC-COMP-NO-ACL,8.0,PLATFORM,ipc_components,,,30f7843ddaea9e265a800e7a409c009db70dc11683abbbd80125a1f7aef61820,2026-07-04 02:15:04,PLATFORM,PLATFORM-IPC-1
204097,5829,ipc_receiver_open_com.twitter.analytics.tracking.InstallationReferrer$OemIntentReceiver,WARN,Medium,P1,PLATFORM,Exported receiver without permission,[],"{""detail"": ""Receiver com.twitter.analytics.tracking.InstallationReferrer$OemIntentReceiver is exported but does not declare android:permission.""}",Restrict the component with signature-level permissions or mark it non-exported unless explicitly required.,BASE-IPC-COMP-NO-ACL,8.0,PLATFORM,ipc_components,,,44d53a6f73803bcc6eff7b1aa8df3bc42b1add396d482655fc0c17fcf9759b07,2026-07-04 02:15:04,PLATFORM,PLATFORM-IPC-1
204098,5829,ipc_service_open_com.twitter.notification.service.firebase.TwitterFirebaseMessagingService,WARN,Medium,P1,PLATFORM,Exported service without permission,[],"{""detail"": ""Service com.twitter.notification.service.firebase.TwitterFirebaseMessagingService is exported but does not declare android:permission.""}",Restrict the component with signature-level permissions or mark it non-exported unless explicitly required.,BASE-IPC-COMP-NO-ACL,8.0,PLATFORM,ipc_components,,,c8cb467430667eb0dd741974091617414765eb808fd2d6ee54f9f174c10baacf,2026-07-04 02:15:04,PLATFORM,PLATFORM-IPC-1
204099,5829,ipc_receiver_open_com.twitter.app.appupgrade.AppUpgradeReceiver,WARN,Medium,P1,PLATFORM,Exported receiver without permission,[],"{""detail"": ""Receiver com.twitter.app.appupgrade.AppUpgradeReceiver is exported but does not declare android:permission.""}",Restrict the component with signature-level permissions or mark it non-exported unless explicitly required.,BASE-IPC-COMP-NO-ACL,8.0,PLATFORM,ipc_components,,,8e17ae8723e0a7fc2867e1b8d182fe9ec820670da835d8afc624e34c4c43ca1b,2026-07-04 02:15:04,PLATFORM,PLATFORM-IPC-1
204100,5829,ipc_receiver_open_com.twitter.app.common.account.AppAccountManager$AccountsChangedReceiver,WARN,Medium,P1,PLATFORM,Exported receiver without permission,[],"{""detail"": ""Receiver com.twitter.app.common.account.AppAccountManager$AccountsChangedReceiver is exported but does not declare android:permission.""}",Restrict the component with signature-level permissions or mark it non-exported unless explicitly required.,BASE-IPC-COMP-NO-ACL,8.0,PLATFORM,ipc_components,,,d713244d76107c4a7a37cfecbbac0d81650363563c63ae2106e3d77095daa63c,2026-07-04 02:15:04,PLATFORM,PLATFORM-IPC-1
204101,5829,ipc_service_permission_com.x.calling.telecom.CallConnectionService,INFO,Low,P2,PLATFORM,Exported service gated by android.permission.BIND_TELECOM_CONNECTION_SERVICE,[],"{""detail"": ""Exported service relies on android.permission.BIND_TELECOM_CONNECTION_SERVICE (protectionLevel=signature/privileged).""}",Document the permission contract and monitor for unexpected callers.,BASE-IPC-EXPORTED-WITH-PERM,2.5,PLATFORM,ipc_components,,,7a45fc21bd8fdd8b769d284d30bf894cd5d50227f985ba708b632b5de11cbe43,2026-07-04 02:15:04,PLATFORM,PLATFORM-IPC-1
204102,5829,ipc_activity_open_com.stripe.android.link.LinkRedirectHandlerActivity,WARN,Medium,P1,PLATFORM,Exported activity without permission,[],"{""detail"": ""Activity com.stripe.android.link.LinkRedirectHandlerActivity is exported but does not declare android:permission.""}",Restrict the component with signature-level permissions or mark it non-exported unless explicitly required.,BASE-IPC-COMP-NO-ACL,8.0,PLATFORM,ipc_components,,,80eddb09d46369d521c8b8389337686667c6c254b0ed40c76df9aeba75606490,2026-07-04 02:15:04,PLATFORM,PLATFORM-IPC-1
204103,5829,ipc_receiver_open_com.x.account.AccountsChangedReceiver,WARN,Medium,P1,PLATFORM,Exported receiver without permission,[],"{""detail"": ""Receiver com.x.account.AccountsChangedReceiver is exported but does not declare android:permission.""}",Restrict the component with signature-level permissions or mark it non-exported unless explicitly required.,BASE-IPC-COMP-NO-ACL,8.0,PLATFORM,ipc_components,,,d228fd8787e2a760bc1eb846ea7359e16deff5c92f57cac0c07ee0d7e809f4ad,2026-07-04 02:15:04,PLATFORM,PLATFORM-IPC-1
204104,5829,ipc_activity_open_com.stripe.android.payments.StripeBrowserProxyReturnActivity,WARN,Medium,P1,PLATFORM,Exported activity without permission,[],"{""detail"": ""Activity com.stripe.android.payments.StripeBrowserProxyReturnActivity is exported but does not declare android:permission.""}",Restrict the component with signature-level permissions or mark it non-exported unless explicitly required.,BASE-IPC-COMP-NO-ACL,8.0,PLATFORM,ipc_components,,,c520bd699c36c4a4e8a93f3ce479ea0bfea30b7bb9e44b9e4d381d9210aeffb0,2026-07-04 02:15:04,PLATFORM,PLATFORM-IPC-1
204105,5829,ipc_activity_open_com.plaid.internal.LinkRedirectActivity,WARN,Medium,P1,PLATFORM,Exported activity without permission,[],"{""detail"": ""Activity com.plaid.internal.LinkRedirectActivity is exported but does not declare android:permission.""}",Restrict the component with signature-level permissions or mark it non-exported unless explicitly required.,BASE-IPC-COMP-NO-ACL,8.0,PLATFORM,ipc_components,,,20bb90a632e487d2121d079d242920c64986e1510460f5650541b5f292eee762,2026-07-04 02:15:04,PLATFORM,PLATFORM-IPC-1
204106,5829,ipc_activity_open_com.stripe.android.financialconnections.lite.FinancialConnectionsSheetLiteRedirectActivity,WARN,Medium,P1,PLATFORM,Exported activity without permission,[],"{""detail"": ""Activity com.stripe.android.financialconnections.lite.FinancialConnectionsSheetLiteRedirectActivity is exported but does not declare android:permission.""}",Restrict the component with signature-level permissions or mark it non-exported unless explicitly required.,BASE-IPC-COMP-NO-ACL,8.0,PLATFORM,ipc_components,,,70a0add46615e11e17de598c77a38205ff991d98eb28e43500de5da0678118bc,2026-07-04 02:15:04,PLATFORM,PLATFORM-IPC-1
204107,5829,ipc_activity_open_io.scribeup.scribeupsdk.ui.CustomTabLauncherActivity,WARN,Medium,P1,PLATFORM,Exported activity without permission,[],"{""detail"": ""Activity io.scribeup.scribeupsdk.ui.CustomTabLauncherActivity is exported but does not declare android:permission.""}",Restrict the component with signature-level permissions or mark it non-exported unless explicitly required.,BASE-IPC-COMP-NO-ACL,8.0,PLATFORM,ipc_components,,,ec4e0f9d3a2783179dfcfeabdfaa78c7447b7975da38a0e03760197e34d2a951,2026-07-04 02:15:04,PLATFORM,PLATFORM-IPC-1
204108,5829,ipc_activity_open_com.canhub.cropper.CropImageActivity,WARN,Medium,P1,PLATFORM,Exported activity without permission,[],"{""detail"": ""Activity com.canhub.cropper.CropImageActivity is exported but does not declare android:permission.""}",Restrict the component with signature-level permissions or mark it non-exported unless explicitly required.,BASE-IPC-COMP-NO-ACL,8.0,PLATFORM,ipc_components,,,79eaed21998ef2c6586e8986df07f1370bfaa5244fa9fb0af487f58220766ea6,2026-07-04 02:15:04,PLATFORM,PLATFORM-IPC-1
204109,5829,ipc_service_weak_permission_com.google.android.gms.auth.api.signin.RevocationBoundService,WARN,Medium,P1,PLATFORM,Weak permission guard on exported service,[],"{""detail"": ""Service com.google.android.gms.auth.api.signin.RevocationBoundService uses com.google.android.gms.auth.api.signin.permission.REVOCATION_NOTIFICATION (protectionLevel=unspecified), which is insufficient for exported components.""}",Protect the component with a signature-level permission or mark it non-exported.,,,PLATFORM,ipc_components,,,333620b6726a9959216b7d765dc48d0cdfd4b817f914fe21914e4a734b970792,2026-07-04 02:15:04,PLATFORM,
204110,5829,ipc_receiver_weak_permission_com.google.firebase.iid.FirebaseInstanceIdReceiver,WARN,Medium,P1,PLATFORM,Weak permission guard on exported receiver,[],"{""detail"": ""Receiver com.google.firebase.iid.FirebaseInstanceIdReceiver uses com.google.android.c2dm.permission.SEND (protectionLevel=unspecified), which is insufficient for exported components.""}",Protect the component with a signature-level permission or mark it non-exported.,,,PLATFORM,ipc_components,,,801a80d1d4bf8adabab2d6125f2ede620061207fdfa45b7458a8fc4129d8acec,2026-07-04 02:15:04,PLATFORM,
204111,5829,ipc_activity_open_androidx.compose.ui.tooling.PreviewActivity,WARN,Medium,P1,PLATFORM,Exported activity without permission,[],"{""detail"": ""Activity androidx.compose.ui.tooling.PreviewActivity is exported but does not declare android:permission.""}",Restrict the component with signature-level permissions or mark it non-exported unless explicitly required.,BASE-IPC-COMP-NO-ACL,8.0,PLATFORM,ipc_components,,,d7d34743756117e156d4e3558495b41f2d5a16fdeafd9b6b9f43c60d701c3a71,2026-07-04 02:15:04,PLATFORM,PLATFORM-IPC-1
204112,5829,ipc_activity_open_androidx.activity.ComponentActivity,WARN,Medium,P1,PLATFORM,Exported activity without permission,[],"{""detail"": ""Activity androidx.activity.ComponentActivity is exported but does not declare android:permission.""}",Restrict the component with signature-level permissions or mark it non-exported unless explicitly required.,BASE-IPC-COMP-NO-ACL,8.0,PLATFORM,ipc_components,,,698176ae5bb749ef016cfec0f3eb55e90d6319b528966216ba20e84349114200,2026-07-04 02:15:04,PLATFORM,PLATFORM-IPC-1
204113,5829,ipc_service_permission_androidx.work.impl.background.systemjob.SystemJobService,INFO,Low,P2,PLATFORM,Exported service gated by android.permission.BIND_JOB_SERVICE,[],"{""detail"": ""Exported service relies on android.permission.BIND_JOB_SERVICE (protectionLevel=signature).""}",Document the permission contract and monitor for unexpected callers.,BASE-IPC-EXPORTED-WITH-PERM,2.5,PLATFORM,ipc_components,,,010feff1d370cdde2b30a44baa245760ecc86f7b41a538afeb48267dd5a387b4,2026-07-04 02:15:04,PLATFORM,PLATFORM-IPC-1
204114,5829,ipc_receiver_weak_permission_androidx.work.impl.diagnostics.DiagnosticsReceiver,WARN,Medium,P1,PLATFORM,Weak permission guard on exported receiver,[],"{""detail"": ""Receiver androidx.work.impl.diagnostics.DiagnosticsReceiver uses android.permission.DUMP (protectionLevel=unspecified), which is insufficient for exported components.""}",Protect the component with a signature-level permission or mark it non-exported.,,,PLATFORM,ipc_components,,,9941e0eccdf7d3b4774f715de75a66f6bc0c3a6738cde28ebf468fc203a6652b,2026-07-04 02:15:04,PLATFORM,
204115,5829,ipc_service_permission_androidx.sharetarget.ChooserTargetServiceCompat,INFO,Low,P2,PLATFORM,Exported service gated by android.permission.BIND_CHOOSER_TARGET_SERVICE,[],"{""detail"": ""Exported service relies on android.permission.BIND_CHOOSER_TARGET_SERVICE (protectionLevel=signature).""}",Document the permission contract and monitor for unexpected callers.,BASE-IPC-EXPORTED-WITH-PERM,2.5,PLATFORM,ipc_components,,,0af190b7447fa2820edab5cc6b0eb777639827f2aa3d63080f8ba09da26beec8,2026-07-04 02:15:04,PLATFORM,PLATFORM-IPC-1
204116,5829,ipc_receiver_weak_permission_androidx.profileinstaller.ProfileInstallReceiver,WARN,Medium,P1,PLATFORM,Weak permission guard on exported receiver,[],"{""detail"": ""Receiver androidx.profileinstaller.ProfileInstallReceiver uses android.permission.DUMP (protectionLevel=unspecified), which is insufficient for exported components.""}",Protect the component with a signature-level permission or mark it non-exported.,,,PLATFORM,ipc_components,,,a1011e55cd81e1a5efa21cd3531f8f576789e1e4757a87011b59740f80197b8d,2026-07-04 02:15:04,PLATFORM,
204117,5829,storage_legacy_external,WARN,Medium,P1,STORAGE,Legacy external storage requested,[],"{""detail"": ""requestLegacyExternalStorage=true keeps scoped storage disabled.""}",Adopt scoped storage or justify legacy flag for backwards compatibility.,BASE-STO-LEGACY,3.9,STORAGE,storage_backup,,,cec868bb8d34b55d4d2efee6ea48714483e7f1ede6c5bd058d5a325bbf6b7f80,2026-07-04 02:15:04,STORAGE,STORAGE-2
204118,5829,storage_sensitive_keys,INFO,Low,P2,STORAGE,Potential sensitive preference keys,[],"{""path"": ""/home/secadmin/Laughlin/GitHub/ScytaleDroid/data/store/apk/sha256/d0/d0436d304cabf565601bc64a9ccc02c44e9daf42b5a2e756075885938193d782.apk!string[resources.arsc]"", ""detail"": ""Keys referencing tokens/secrets detected in resources or code."", ""entries"": [{""description"": ""Potential sensitive key 'Authentication & Passkeys'"", ""hash_short"": ""#h:ed2a1420"", ""location"": ""/home/secadmin/Laughlin/GitHub/ScytaleDroid/data/store/apk/sha256/d0/d0436d304cabf565601bc64a9ccc02c44e9daf42b5a2e756075885938193d782.apk!string[resources.arsc]""}, {""description"": ""Potential sensitive key 'No authentication token available. We ar'"", ""hash_short"": ""#h:b3b1f4dd"", ""location"": ""/home/secadmin/Laughlin/GitHub/ScytaleDroid/data/store/apk/sha256/d0/d0436d304cabf565601bc64a9ccc02c44e9daf42b5a2e756075885938193d782.apk!string[resources.arsc]""}]}",Ensure sensitive tokens are encrypted or stored within Android Keystore-backed preferences.,,,STORAGE,storage_backup,,,86b8a244f459419faf8eaa8136882ba2c434108c97a2991433468ff135c26bb8,2026-07-04 02:15:04,STORAGE,
204119,5829,dfir_permission_hypothesis,INFO,Info,NOTE,PRIVACY,Permissions imply sensitive runtime stores,[],"{""detail"": ""Dangerous permissions map to likely on-device data locations.""}",Plan minimal adb pulls to validate the presence of these artefacts after dynamic testing.,,,PRIVACY,dfir_hints,,,636d01ce20e111541057203bd363f5e2cdb7bd0ab2b7842a4e8d2a47d12c2fbd,2026-07-04 02:15:04,PRIVACY,
204120,5829,sdk_inventory_tracker_network_overlap,INFO,Info,NOTE,NETWORK,Endpoint overlap with tracker network reference intel,"[""sdk_inventory"", ""tracker_intel"", ""network_overlap""]","{""path"": ""resources.arsc@na"", ""detail"": ""3 tracker reference entries overlapped root domains from extracted HTTP(S) strings. This indicates contextual network similarity, not confirmed tracking behavior."", ""entries"": [{""description"": ""Endpoint root-domain overlapping tracker network signature"", ""hash_short"": ""3ae8ee9b"", ""location"": ""resources.arsc@na""}, {""description"": ""Endpoint root-domain overlapping tracker network signature"", ""hash_short"": ""3ae8ee9b"", ""location"": ""resources.arsc@na""}]}",,,,NETWORK,sdk_inventory,,,541902788534845e84045b66bc7b5214a96834cebc51a6e1c97df6ada8cc4968,2026-07-04 02:15:04,NETWORK,
204121,5829,risk_profile,WARN,High,P0,OTHER,Correlation priority — Critical,"[""risk_profile_downgraded""]","{""detail"": ""Correlation priority score 9424 (Critical); synthetic prioritization signal.""}",Prioritise remediation of the contributing findings that raised this synthetic priority score.,,,OTHER,correlation_engine,,,20ac342f4045c9f88ef555566175b8af228edfce54b560e7277be74520dea0d0,2026-07-04 02:15:04,OTHER,
204344,5837,manifest_exported_weak_guards,WARN,Medium,P1,PLATFORM,Exported components use weak guards,[],"{""path"": ""/home/secadmin/Laughlin/GitHub/ScytaleDroid/data/store/apk/sha256/b6/b696ec2887f79485f36ac558f304322a3c674a58f8de9ad42bf24474b1bf178e.apk!AndroidManifest.xml"", ""detail"": ""Exported components rely on normal/dangerous permissions or no guard at all: androidx.core.telecom.internal.MuteStateReceiver, androidx.profileinstaller.ProfileInstallReceiver, androidx.work.impl.diagnostics.DiagnosticsReceiver, com.garmin.android.conne..."", ""entries"": [{""description"": ""component@permission"", ""location"": ""/home/secadmin/Laughlin/GitHub/ScytaleDroid/data/store/apk/sha256/b6/b696ec2887f79485f36ac558f304322a3c674a58f8de9ad42bf24474b1bf178e.apk!AndroidManifest.xml""}]}",Protect exported components with signature-level permissions or mark them non-exported.,,,PLATFORM,manifest_baseline,,,ccef78764da70a3dab38b8c70ae24acab76c4ec564f8ce92c8d926ebe88c1722,2026-07-04 02:15:46,PLATFORM,
204345,5837,manifest_backup_and_exports,WARN,Medium,P1,STORAGE,Backup plus exported weak components,[],"{""path"": ""/home/secadmin/Laughlin/GitHub/ScytaleDroid/data/store/apk/sha256/b6/b696ec2887f79485f36ac558f304322a3c674a58f8de9ad42bf24474b1bf178e.apk!AndroidManifest.xml"", ""detail"": ""android:allowBackup is enabled while exported components lack strong permission guards (androidx.core.telecom.internal.MuteStateReceiver, androidx.profileinstaller.ProfileInstallReceiver, androidx.work.impl.diagnostics.DiagnosticsReceiver, com.garmin.an..."", ""entries"": [{""description"": ""application@allowBackup"", ""location"": ""/home/secadmin/Laughlin/GitHub/ScytaleDroid/data/store/apk/sha256/b6/b696ec2887f79485f36ac558f304322a3c674a58f8de9ad42bf24474b1bf178e.apk!AndroidManifest.xml""}]}",Disable auto-backup or harden exported components with signature-level permissions.,,,STORAGE,manifest_baseline,,,8b3b397bc193952e8de353d48cc2ccdef8f6b55d2ea96a703470b4fd31718407,2026-07-04 02:15:46,STORAGE,
204346,5837,manifest_backup_enabled,WARN,Medium,P1,STORAGE,Auto-backup enabled,[],"{""path"": ""/home/secadmin/Laughlin/GitHub/ScytaleDroid/data/store/apk/sha256/b6/b696ec2887f79485f36ac558f304322a3c674a58f8de9ad42bf24474b1bf178e.apk!AndroidManifest.xml"", ""detail"": ""Application data can be exported via Android's backup channel (android:allowBackup not set to false)."", ""entries"": [{""description"": ""application@allowBackup"", ""location"": ""/home/secadmin/Laughlin/GitHub/ScytaleDroid/data/store/apk/sha256/b6/b696ec2887f79485f36ac558f304322a3c674a58f8de9ad42bf24474b1bf178e.apk!AndroidManifest.xml""}]}",Set android:allowBackup=false or provide an explicit backup configuration that excludes sensitive data.,,,STORAGE,manifest_baseline,,,75a6f19e0f1153119dceb7ce8f7dde61da3f1b3cbdc1d72c76dd69fbba408c67,2026-07-04 02:15:46,STORAGE,
204347,5837,manifest_legacy_external_storage,WARN,Medium,P1,STORAGE,Legacy external storage requested,[],"{""path"": ""/home/secadmin/Laughlin/GitHub/ScytaleDroid/data/store/apk/sha256/b6/b696ec2887f79485f36ac558f304322a3c674a58f8de9ad42bf24474b1bf178e.apk!AndroidManifest.xml"", ""detail"": ""android:requestLegacyExternalStorage is true. This bypasses scoped storage protections and should be phased out."", ""entries"": [{""description"": ""application@requestLegacyExternalStorage"", ""location"": ""/home/secadmin/Laughlin/GitHub/ScytaleDroid/data/store/apk/sha256/b6/b696ec2887f79485f36ac558f304322a3c674a58f8de9ad42bf24474b1bf178e.apk!AndroidManifest.xml""}]}",Adopt scoped storage APIs and drop requestLegacyExternalStorage for production builds.,,,STORAGE,manifest_baseline,,,9cccfe179528170a2ae1ce0703b3cc0790dc905c4e7830a6c998d20814140643,2026-07-04 02:15:46,STORAGE,
204348,5837,manifest_custom_permissions_weak,WARN,Medium,P1,PLATFORM,Custom permissions lack signature protection,[],"{""path"": ""/home/secadmin/Laughlin/GitHub/ScytaleDroid/data/store/apk/sha256/b6/b696ec2887f79485f36ac558f304322a3c674a58f8de9ad42bf24474b1bf178e.apk!AndroidManifest.xml"", ""detail"": ""The following custom permissions are declared without signature-level protection: com.whatsapp.sticker.READ"", ""entries"": [{""description"": ""permission@protectionLevel"", ""location"": ""/home/secadmin/Laughlin/GitHub/ScytaleDroid/data/store/apk/sha256/b6/b696ec2887f79485f36ac558f304322a3c674a58f8de9ad42bf24474b1bf178e.apk!AndroidManifest.xml""}]}",Set protectionLevel=signature (or signatureOrSystem) for custom permissions guarding exported components.,,,PLATFORM,manifest_baseline,,,0f480c3aee21bf39e353426ab12854650e236d26e2d3a8f21b3bc1731cde8003,2026-07-04 02:15:46,PLATFORM,
204349,5837,manifest_custom_permissions_review,INFO,Low,P2,PLATFORM,Review custom permission protection levels,[],"{""path"": ""/home/secadmin/Laughlin/GitHub/ScytaleDroid/data/store/apk/sha256/b6/b696ec2887f79485f36ac558f304322a3c674a58f8de9ad42bf24474b1bf178e.apk!AndroidManifest.xml"", ""detail"": ""Custom permissions use uncommon protection levels: com.whatsapp.DYNAMIC_RECEIVER_NOT_EXPORTED_PERMISSION, com.whatsapp.orbit.permission.SSO, com.whatsapp.permission.BROADCAST, com.whatsapp.permission.IDENTITY_VERIFICATION, com.whatsapp.permission.MAPS_R..."", ""entries"": [{""description"": ""permission@protectionLevel"", ""location"": ""/home/secadmin/Laughlin/GitHub/ScytaleDroid/data/store/apk/sha256/b6/b696ec2887f79485f36ac558f304322a3c674a58f8de9ad42bf24474b1bf178e.apk!AndroidManifest.xml""}]}",Verify the custom protection levels only grant access to trusted callers.,,,PLATFORM,manifest_baseline,,,3fc893958f5a1b811a710bc35524769a29415fcf5961d09e5ff2f1f7876c276b,2026-07-04 02:15:46,PLATFORM,
204350,5837,manifest_task_affinity_custom,INFO,Low,P2,PLATFORM,Custom task affinities present,[],"{""path"": ""/home/secadmin/Laughlin/GitHub/ScytaleDroid/data/store/apk/sha256/b6/b696ec2887f79485f36ac558f304322a3c674a58f8de9ad42bf24474b1bf178e.apk!AndroidManifest.xml"", ""detail"": ""Components override the default task affinity: com.whatsapp.notification.ui.PopupNotification→<empty>, com.whatsapp.pttwidget.recording.PttRecordingActivity→<empty>, com.whatsapp.voicemessaging.productinfra.VoiceMessagingActivity→:voice, com.whatsapp.ca..."", ""entries"": [{""description"": ""component@taskAffinity"", ""location"": ""/home/secadmin/Laughlin/GitHub/ScytaleDroid/data/store/apk/sha256/b6/b696ec2887f79485f36ac558f304322a3c674a58f8de9ad42bf24474b1bf178e.apk!AndroidManifest.xml""}]}",Ensure custom task affinities are required and do not leak activities into other apps.,,,PLATFORM,manifest_baseline,,,4d6ceeebf9fe9ac8efbc6d442b61ff1079a8935ddcedd0039fc9d123b526ffba,2026-07-04 02:15:46,PLATFORM,
204351,5837,manifest_custom_process,INFO,Low,P2,PLATFORM,Components run in custom processes,[],"{""path"": ""/home/secadmin/Laughlin/GitHub/ScytaleDroid/data/store/apk/sha256/b6/b696ec2887f79485f36ac558f304322a3c674a58f8de9ad42bf24474b1bf178e.apk!AndroidManifest.xml"", ""detail"": ""Manifest assigns custom android:process values. Review isolation expectations for: com.whatsapp.accountswitching.secondaryprocess.AccountSwitchingActivity→:account_switching, com.whatsapp.backup.google.restart.RestartAppActivity→:app_restart"", ""entries"": [{""description"": ""component@process"", ""location"": ""/home/secadmin/Laughlin/GitHub/ScytaleDroid/data/store/apk/sha256/b6/b696ec2887f79485f36ac558f304322a3c674a58f8de9ad42bf24474b1bf178e.apk!AndroidManifest.xml""}]}",Document why components require custom processes and ensure permissions isolate IPC boundaries.,,,PLATFORM,manifest_baseline,,,80ae07a43283858bbf81359302853d3db154e47d021c93103053f8e9f5b085c8,2026-07-04 02:15:46,PLATFORM,
204352,5837,ipc_service_weak_permission_com.google.android.gms.nearby.exposurenotification.WakeUpService,WARN,Medium,P1,PLATFORM,Weak permission guard on exported service,[],"{""detail"": ""Service com.google.android.gms.nearby.exposurenotification.WakeUpService uses com.google.android.gms.nearby.exposurenotification.EXPOSURE_CALLBACK (protectionLevel=unspecified), which is insufficient for exported components.""}",Protect the component with a signature-level permission or mark it non-exported.,,,PLATFORM,ipc_components,,,c12cab683b3f460c804b9e3efe6353f6d8ec568ab06702106bf1bdbb028d9660,2026-07-04 02:15:46,PLATFORM,
204353,5837,ipc_provider_world_com.whatsapp.accesslibraryprovider.provider.FamilyAppsUserValuesProvider,FAIL,High,P0,PLATFORM,Exported provider without permission — com.whatsapp.accesslibraryprovider.provider.FamilyAppsUserValuesProvider,[],"{""detail"": ""Content provider is exported without read/write permissions, allowing external processes to query data.""}",Declare readPermission and writePermission or mark the provider as private (exported=false).,,,PLATFORM,ipc_components,,,9bb8ae3667321fbe39616893b95b97154d6d6f2cdd2b48d542d1149201abc5a7,2026-07-04 02:15:46,PLATFORM,
204354,5837,ipc_activity_open_com.whatsapp.accountsync.ProfileActivity,WARN,Medium,P1,PLATFORM,Exported activity without permission,[],"{""detail"": ""Activity com.whatsapp.accountsync.ProfileActivity is exported but does not declare android:permission.""}",Restrict the component with signature-level permissions or mark it non-exported unless explicitly required.,BASE-IPC-COMP-NO-ACL,8.0,PLATFORM,ipc_components,,,d35230a416aa754da52950a19053a42237b4ffc0d3f2334cb9ccceb5517b6c1a,2026-07-04 02:15:46,PLATFORM,PLATFORM-IPC-1
204355,5837,ipc_activity_weak_permission_com.whatsapp.accountsync.CallContactLandingActivity,WARN,Medium,P1,PLATFORM,Weak permission guard on exported activity,[],"{""detail"": ""Activity com.whatsapp.accountsync.CallContactLandingActivity uses android.permission.CALL_PHONE (protectionLevel=dangerous), which is insufficient for exported components.""}",Protect the component with a signature-level permission or mark it non-exported.,,,PLATFORM,ipc_components,,,e3e1e8350a36565382b20162cda92b06cc728e2853b37d5f30be88b15dcaaf5a,2026-07-04 02:15:46,PLATFORM,
204356,5837,ipc_activity_open_com.whatsapp.authentication.AppAuthenticationActivity,WARN,Medium,P1,PLATFORM,Exported activity without permission,[],"{""detail"": ""Activity com.whatsapp.authentication.AppAuthenticationActivity is exported but does not declare android:permission.""}",Restrict the component with signature-level permissions or mark it non-exported unless explicitly required.,BASE-IPC-COMP-NO-ACL,8.0,PLATFORM,ipc_components,,,e3c37d959bc63d17c9d08491bb6f4748a781fa3bbb1fda43123115e524a2ef69,2026-07-04 02:15:46,PLATFORM,PLATFORM-IPC-1
204357,5837,ipc_service_open_com.whatsapp.backup.google.integration.impl.BackupNowService,WARN,Medium,P1,PLATFORM,Exported service without permission,[],"{""detail"": ""Service com.whatsapp.backup.google.integration.impl.BackupNowService is exported but does not declare android:permission.""}",Restrict the component with signature-level permissions or mark it non-exported unless explicitly required.,BASE-IPC-COMP-NO-ACL,8.0,PLATFORM,ipc_components,,,f728183e7a9bf3e8ee5216321a051325c3cd4169698b67875373fb9d93d20ca2,2026-07-04 02:15:46,PLATFORM,PLATFORM-IPC-1
204358,5837,ipc_service_open_com.whatsapp.backup.google.integration.impl.BackupStateService,WARN,Medium,P1,PLATFORM,Exported service without permission,[],"{""detail"": ""Service com.whatsapp.backup.google.integration.impl.BackupStateService is exported but does not declare android:permission.""}",Restrict the component with signature-level permissions or mark it non-exported unless explicitly required.,BASE-IPC-COMP-NO-ACL,8.0,PLATFORM,ipc_components,,,b08ef24d951e290e8bde70acb10070d4ce117f60f263148e85a4ae2c959f96d3,2026-07-04 02:15:46,PLATFORM,PLATFORM-IPC-1
204359,5837,ipc_activity-alias_open_com.meta.foa.deeplink.FoaDeeplinkActivityAliasUniversalLink,WARN,Medium,P1,PLATFORM,Exported activity alias without permission,[],"{""detail"": ""Activity Alias com.meta.foa.deeplink.FoaDeeplinkActivityAliasUniversalLink is exported but does not declare android:permission.""}",Restrict the component with signature-level permissions or mark it non-exported unless explicitly required.,BASE-IPC-COMP-NO-ACL,8.0,PLATFORM,ipc_components,,,b8a90b8cc85dc55f8d57fe3d5bed3cb1b31a4fb35f4fff31d7fed5272a4e4c84,2026-07-04 02:15:46,PLATFORM,PLATFORM-IPC-1
204360,5837,ipc_activity-alias_open_com.meta.foa.deeplink.FoaDeeplinkActivityAliasAppScheme,WARN,Medium,P1,PLATFORM,Exported activity alias without permission,[],"{""detail"": ""Activity Alias com.meta.foa.deeplink.FoaDeeplinkActivityAliasAppScheme is exported but does not declare android:permission.""}",Restrict the component with signature-level permissions or mark it non-exported unless explicitly required.,BASE-IPC-COMP-NO-ACL,8.0,PLATFORM,ipc_components,,,17dcdc967045382ec1f7ca25712e0702d91f7bc82728bbd9c4e448559d33172a,2026-07-04 02:15:46,PLATFORM,PLATFORM-IPC-1
204361,5837,ipc_activity-alias_open_com.whatsapp.TextAndDirectChatDeepLink,WARN,Medium,P1,PLATFORM,Exported activity alias without permission,[],"{""detail"": ""Activity Alias com.whatsapp.TextAndDirectChatDeepLink is exported but does not declare android:permission.""}",Restrict the component with signature-level permissions or mark it non-exported unless explicitly required.,BASE-IPC-COMP-NO-ACL,8.0,PLATFORM,ipc_components,,,ac63538df0b702b933e2f541a8d0163ef99296cfdd04a8802678f1325f3b1e4e,2026-07-04 02:15:46,PLATFORM,PLATFORM-IPC-1
204362,5837,ipc_activity-alias_open_com.whatsapp.VerifyOtpDeepLink,WARN,Medium,P1,PLATFORM,Exported activity alias without permission,[],"{""detail"": ""Activity Alias com.whatsapp.VerifyOtpDeepLink is exported but does not declare android:permission.""}",Restrict the component with signature-level permissions or mark it non-exported unless explicitly required.,BASE-IPC-COMP-NO-ACL,8.0,PLATFORM,ipc_components,,,d4c3a637c5273499df6f8ed21a4a4172a915d8cb81217f6318ccbe13acc03e9e,2026-07-04 02:15:46,PLATFORM,PLATFORM-IPC-1
204363,5837,ipc_activity_open_com.whatsapp.home.ui.HomeActivity,WARN,Medium,P1,PLATFORM,Exported activity without permission,[],"{""detail"": ""Activity com.whatsapp.home.ui.HomeActivity is exported but does not declare android:permission.""}",Restrict the component with signature-level permissions or mark it non-exported unless explicitly required.,BASE-IPC-COMP-NO-ACL,8.0,PLATFORM,ipc_components,,,4a597e3fb6b00b34e1e6d3cb6f62d853b865a730f7c778c6bee3ec305122899e,2026-07-04 02:15:46,PLATFORM,PLATFORM-IPC-1
204364,5837,ipc_activity-alias_open_com.whatsapp.AcceptInviteLinkActivityDeepLink,WARN,Medium,P1,PLATFORM,Exported activity alias without permission,[],"{""detail"": ""Activity Alias com.whatsapp.AcceptInviteLinkActivityDeepLink is exported but does not declare android:permission.""}",Restrict the component with signature-level permissions or mark it non-exported unless explicitly required.,BASE-IPC-COMP-NO-ACL,8.0,PLATFORM,ipc_components,,,a891e97d171f8adf0fbbf2b86c3c2abe396845318256a0883bfc5f3b59f1f648,2026-07-04 02:15:46,PLATFORM,PLATFORM-IPC-1
204365,5837,ipc_activity-alias_open_com.whatsapp.EventDeepLink,WARN,Medium,P1,PLATFORM,Exported activity alias without permission,[],"{""detail"": ""Activity Alias com.whatsapp.EventDeepLink is exported but does not declare android:permission.""}",Restrict the component with signature-level permissions or mark it non-exported unless explicitly required.,BASE-IPC-COMP-NO-ACL,8.0,PLATFORM,ipc_components,,,c1171a405e82edaaac050b8ed0cbd9e488029247844e474122a2811aa7096d4a,2026-07-04 02:15:46,PLATFORM,PLATFORM-IPC-1
204366,5837,ipc_activity-alias_open_com.whatsapp.HomeActivity,WARN,Medium,P1,PLATFORM,Exported activity alias without permission,[],"{""detail"": ""Activity Alias com.whatsapp.HomeActivity is exported but does not declare android:permission.""}",Restrict the component with signature-level permissions or mark it non-exported unless explicitly required.,BASE-IPC-COMP-NO-ACL,8.0,PLATFORM,ipc_components,,,98bd8dacfc02ce832d5c321ab245870019a5193cef357cfef7949b6d3b6d962d,2026-07-04 02:15:46,PLATFORM,PLATFORM-IPC-1
204367,5837,ipc_activity_open_com.whatsapp.Main,WARN,Medium,P1,PLATFORM,Exported activity without permission,[],"{""detail"": ""Activity com.whatsapp.Main is exported but does not declare android:permission.""}",Restrict the component with signature-level permissions or mark it non-exported unless explicitly required.,BASE-IPC-COMP-NO-ACL,8.0,PLATFORM,ipc_components,,,19ed0c2cc89ad718e7fa9cdefd23ed036fc8d3def0f329c6db55d08ae0a258b9,2026-07-04 02:15:46,PLATFORM,PLATFORM-IPC-1
204368,5837,ipc_activity-alias_open_com.whatsapp.AppIcon14,WARN,Medium,P1,PLATFORM,Exported activity alias without permission,[],"{""detail"": ""Activity Alias com.whatsapp.AppIcon14 is exported but does not declare android:permission.""}",Restrict the component with signature-level permissions or mark it non-exported unless explicitly required.,BASE-IPC-COMP-NO-ACL,8.0,PLATFORM,ipc_components,,,ca022c707cbc4c94361df13c33b981656ceb9f63478461caa699abc0ea936a52,2026-07-04 02:15:46,PLATFORM,PLATFORM-IPC-1
204369,5837,ipc_activity-alias_open_com.whatsapp.AppIcon13,WARN,Medium,P1,PLATFORM,Exported activity alias without permission,[],"{""detail"": ""Activity Alias com.whatsapp.AppIcon13 is exported but does not declare android:permission.""}",Restrict the component with signature-level permissions or mark it non-exported unless explicitly required.,BASE-IPC-COMP-NO-ACL,8.0,PLATFORM,ipc_components,,,b6d6467e4d18c6d181cc05a799919420d5489627476023b0ec4ae47bd9149882,2026-07-04 02:15:46,PLATFORM,PLATFORM-IPC-1
204370,5837,ipc_activity-alias_open_com.whatsapp.AppIcon12,WARN,Medium,P1,PLATFORM,Exported activity alias without permission,[],"{""detail"": ""Activity Alias com.whatsapp.AppIcon12 is exported but does not declare android:permission.""}",Restrict the component with signature-level permissions or mark it non-exported unless explicitly required.,BASE-IPC-COMP-NO-ACL,8.0,PLATFORM,ipc_components,,,3110afe004b4f6dc9727bef9c30e9547139b9450e71b2b60961dff1b9c319312,2026-07-04 02:15:46,PLATFORM,PLATFORM-IPC-1
204371,5837,ipc_activity-alias_open_com.whatsapp.AppIcon11,WARN,Medium,P1,PLATFORM,Exported activity alias without permission,[],"{""detail"": ""Activity Alias com.whatsapp.AppIcon11 is exported but does not declare android:permission.""}",Restrict the component with signature-level permissions or mark it non-exported unless explicitly required.,BASE-IPC-COMP-NO-ACL,8.0,PLATFORM,ipc_components,,,37f1d43fc79aef4dcf6d7b2a4869820d552c28ea09bf5179ba74585dd2a0c5fb,2026-07-04 02:15:46,PLATFORM,PLATFORM-IPC-1
204372,5837,ipc_activity-alias_open_com.whatsapp.AppIcon10,WARN,Medium,P1,PLATFORM,Exported activity alias without permission,[],"{""detail"": ""Activity Alias com.whatsapp.AppIcon10 is exported but does not declare android:permission.""}",Restrict the component with signature-level permissions or mark it non-exported unless explicitly required.,BASE-IPC-COMP-NO-ACL,8.0,PLATFORM,ipc_components,,,26512d446bcb9d703e9373b38fc4b58dc821ec586528da4bef406c9cf65cb5e3,2026-07-04 02:15:46,PLATFORM,PLATFORM-IPC-1
204373,5837,ipc_activity-alias_open_com.whatsapp.AppIcon09,WARN,Medium,P1,PLATFORM,Exported activity alias without permission,[],"{""detail"": ""Activity Alias com.whatsapp.AppIcon09 is exported but does not declare android:permission.""}",Restrict the component with signature-level permissions or mark it non-exported unless explicitly required.,BASE-IPC-COMP-NO-ACL,8.0,PLATFORM,ipc_components,,,dcfd6e9c4936af5166c9e8415a0cf8752e2c8cc28b5f6fb4bf7b67bcea3cba58,2026-07-04 02:15:46,PLATFORM,PLATFORM-IPC-1
204374,5837,ipc_activity-alias_open_com.whatsapp.AppIcon08,WARN,Medium,P1,PLATFORM,Exported activity alias without permission,[],"{""detail"": ""Activity Alias com.whatsapp.AppIcon08 is exported but does not declare android:permission.""}",Restrict the component with signature-level permissions or mark it non-exported unless explicitly required.,BASE-IPC-COMP-NO-ACL,8.0,PLATFORM,ipc_components,,,327f5ef3f59e12b58119b4a7649802a2196dc03022882f47ba283276ade8295d,2026-07-04 02:15:46,PLATFORM,PLATFORM-IPC-1
204375,5837,ipc_activity-alias_open_com.whatsapp.AppIcon07,WARN,Medium,P1,PLATFORM,Exported activity alias without permission,[],"{""detail"": ""Activity Alias com.whatsapp.AppIcon07 is exported but does not declare android:permission.""}",Restrict the component with signature-level permissions or mark it non-exported unless explicitly required.,BASE-IPC-COMP-NO-ACL,8.0,PLATFORM,ipc_components,,,2922b9ca9b54444fd0755cf0c4f81f81e7b5fa51e01fd7f771492a3a69bfe7a9,2026-07-04 02:15:46,PLATFORM,PLATFORM-IPC-1
204376,5837,ipc_activity-alias_open_com.whatsapp.AppIcon06,WARN,Medium,P1,PLATFORM,Exported activity alias without permission,[],"{""detail"": ""Activity Alias com.whatsapp.AppIcon06 is exported but does not declare android:permission.""}",Restrict the component with signature-level permissions or mark it non-exported unless explicitly required.,BASE-IPC-COMP-NO-ACL,8.0,PLATFORM,ipc_components,,,817d28ae0f7cf6f2adc419ad01d8d19a35e6789fd6ebcf4069248524a916cb38,2026-07-04 02:15:46,PLATFORM,PLATFORM-IPC-1
204377,5837,ipc_activity-alias_open_com.whatsapp.AppIcon05,WARN,Medium,P1,PLATFORM,Exported activity alias without permission,[],"{""detail"": ""Activity Alias com.whatsapp.AppIcon05 is exported but does not declare android:permission.""}",Restrict the component with signature-level permissions or mark it non-exported unless explicitly required.,BASE-IPC-COMP-NO-ACL,8.0,PLATFORM,ipc_components,,,363dfdd753a237275842e581e6a9959b4bf87c911529d29d574e95da405f7475,2026-07-04 02:15:46,PLATFORM,PLATFORM-IPC-1
204378,5837,ipc_activity-alias_open_com.whatsapp.AppIcon04,WARN,Medium,P1,PLATFORM,Exported activity alias without permission,[],"{""detail"": ""Activity Alias com.whatsapp.AppIcon04 is exported but does not declare android:permission.""}",Restrict the component with signature-level permissions or mark it non-exported unless explicitly required.,BASE-IPC-COMP-NO-ACL,8.0,PLATFORM,ipc_components,,,8289d654d59c23c6a66c9a29034c0b02875f5ede146870b0aada89268cbdfd9e,2026-07-04 02:15:46,PLATFORM,PLATFORM-IPC-1
204379,5837,ipc_activity-alias_open_com.whatsapp.AppIcon03,WARN,Medium,P1,PLATFORM,Exported activity alias without permission,[],"{""detail"": ""Activity Alias com.whatsapp.AppIcon03 is exported but does not declare android:permission.""}",Restrict the component with signature-level permissions or mark it non-exported unless explicitly required.,BASE-IPC-COMP-NO-ACL,8.0,PLATFORM,ipc_components,,,66e4ede7f80f105efe91dfb96e057b04c4bad747601658cea31c2b25e5eaf79b,2026-07-04 02:15:46,PLATFORM,PLATFORM-IPC-1
204380,5837,ipc_activity-alias_open_com.whatsapp.AppIcon02,WARN,Medium,P1,PLATFORM,Exported activity alias without permission,[],"{""detail"": ""Activity Alias com.whatsapp.AppIcon02 is exported but does not declare android:permission.""}",Restrict the component with signature-level permissions or mark it non-exported unless explicitly required.,BASE-IPC-COMP-NO-ACL,8.0,PLATFORM,ipc_components,,,d114a62408bf4884db0f1c02b938be43ada2420c023f313c628824dbbb0d2c2f,2026-07-04 02:15:46,PLATFORM,PLATFORM-IPC-1
204381,5837,ipc_activity-alias_open_com.whatsapp.AppIcon01,WARN,Medium,P1,PLATFORM,Exported activity alias without permission,[],"{""detail"": ""Activity Alias com.whatsapp.AppIcon01 is exported but does not declare android:permission.""}",Restrict the component with signature-level permissions or mark it non-exported unless explicitly required.,BASE-IPC-COMP-NO-ACL,8.0,PLATFORM,ipc_components,,,b4754ff47c9ee5713fb53e3f56affdcbf420b6c34fdf68ae196b11c91b8e0a45,2026-07-04 02:15:46,PLATFORM,PLATFORM-IPC-1
204382,5837,ipc_activity_weak_permission_com.whatsapp.identity.ui.IdentityVerificationActivity,WARN,Medium,P1,PLATFORM,Weak permission guard on exported activity,[],"{""detail"": ""Activity com.whatsapp.identity.ui.IdentityVerificationActivity uses com.whatsapp.permission.IDENTITY_VERIFICATION (protectionLevel=0x00000002), which is insufficient for exported components.""}",Protect the component with a signature-level permission or mark it non-exported.,,,PLATFORM,ipc_components,,,dfb8622345904af4ce5eab6feba950fd04af6dd6cfb6c05c6402e70e6953bd1a,2026-07-04 02:15:46,PLATFORM,
204383,5837,ipc_receiver_open_com.whatsapp.otpmessage.otp.OtpRequestedReceiver,WARN,Medium,P1,PLATFORM,Exported receiver without permission,[],"{""detail"": ""Receiver com.whatsapp.otpmessage.otp.OtpRequestedReceiver is exported but does not declare android:permission.""}",Restrict the component with signature-level permissions or mark it non-exported unless explicitly required.,BASE-IPC-COMP-NO-ACL,8.0,PLATFORM,ipc_components,,,9101891f2b9f83b4d18cb606435beedfed1c3eaeabcd07260e9f1bbf88393cb6,2026-07-04 02:15:46,PLATFORM,PLATFORM-IPC-1
204384,5837,ipc_receiver_open_com.whatsapp.otpmessage.otp.OtpIdentityHashRequestedReceiver,WARN,Medium,P1,PLATFORM,Exported receiver without permission,[],"{""detail"": ""Receiver com.whatsapp.otpmessage.otp.OtpIdentityHashRequestedReceiver is exported but does not declare android:permission.""}",Restrict the component with signature-level permissions or mark it non-exported unless explicitly required.,BASE-IPC-COMP-NO-ACL,8.0,PLATFORM,ipc_components,,,68281e1b1c0418952e6592f6d1588ef87adaa1ec668339db8f08d491d5487a2b,2026-07-04 02:15:46,PLATFORM,PLATFORM-IPC-1
204385,5837,ipc_activity_open_com.whatsapp.voicemessaging.productinfra.VoiceMessagingActivity,WARN,Medium,P1,PLATFORM,Exported activity without permission,[],"{""detail"": ""Activity com.whatsapp.voicemessaging.productinfra.VoiceMessagingActivity is exported but does not declare android:permission.""}",Restrict the component with signature-level permissions or mark it non-exported unless explicitly required.,BASE-IPC-COMP-NO-ACL,8.0,PLATFORM,ipc_components,,,44aa3c04722d9063c88ac6a48672046968cd56fea43418e443e54cfb0d4018dd,2026-07-04 02:15:46,PLATFORM,PLATFORM-IPC-1
204386,5837,ipc_activity-alias_open_com.whatsapp.VoiceMessagingActivity,WARN,Medium,P1,PLATFORM,Exported activity alias without permission,[],"{""detail"": ""Activity Alias com.whatsapp.VoiceMessagingActivity is exported but does not declare android:permission.""}",Restrict the component with signature-level permissions or mark it non-exported unless explicitly required.,BASE-IPC-COMP-NO-ACL,8.0,PLATFORM,ipc_components,,,c54c4a9fb57e49f617ad192445e2231f86f1f72377279a652cffb9449fd9a258,2026-07-04 02:15:46,PLATFORM,PLATFORM-IPC-1
204387,5837,ipc_receiver_weak_permission_com.whatsapp.registration.app.verifyphone.SMSRetrieverAppInactiveReceiver,WARN,Medium,P1,PLATFORM,Weak permission guard on exported receiver,[],"{""detail"": ""Receiver com.whatsapp.registration.app.verifyphone.SMSRetrieverAppInactiveReceiver uses com.google.android.gms.auth.api.phone.permission.SEND (protectionLevel=unspecified), which is insufficient for exported components.""}",Protect the component with a signature-level permission or mark it non-exported.,,,PLATFORM,ipc_components,,,e3df8d42e1d22f9fe7a113e2b65e8cf2098c86bf3c488a4ac07fc4e16a88f59a,2026-07-04 02:15:46,PLATFORM,
204388,5837,ipc_service_open_com.whatsapp.accountlinking.ipc.service.WaAccountsCenterService,WARN,Medium,P1,PLATFORM,Exported service without permission,[],"{""detail"": ""Service com.whatsapp.accountlinking.ipc.service.WaAccountsCenterService is exported but does not declare android:permission.""}",Restrict the component with signature-level permissions or mark it non-exported unless explicitly required.,BASE-IPC-COMP-NO-ACL,8.0,PLATFORM,ipc_components,,,cdc10166457989c2e088df98b7670350fd1401a67d1272ab9d6babee73210257,2026-07-04 02:15:46,PLATFORM,PLATFORM-IPC-1
204389,5837,ipc_provider_world_com.whatsapp.accountlinking.ipc.handler.quicksends.QuickSendsContactsProvider,FAIL,High,P0,PLATFORM,Exported provider without permission — com.whatsapp.accountlinking.ipc.handler.quicksends.QuickSendsContactsProvider,[],"{""detail"": ""Content provider is exported without read/write permissions, allowing external processes to query data.""}",Declare readPermission and writePermission or mark the provider as private (exported=false).,,,PLATFORM,ipc_components,,,9bb8ae3667321fbe39616893b95b97154d6d6f2cdd2b48d542d1149201abc5a7,2026-07-04 02:15:46,PLATFORM,
204390,5837,ipc_service_open_com.whatsapp.car.androidauto.WhatsAppCarAppService,WARN,Medium,P1,PLATFORM,Exported service without permission,[],"{""detail"": ""Service com.whatsapp.car.androidauto.WhatsAppCarAppService is exported but does not declare android:permission.""}",Restrict the component with signature-level permissions or mark it non-exported unless explicitly required.,BASE-IPC-COMP-NO-ACL,8.0,PLATFORM,ipc_components,,,783e58ccd15af42df9fd1ca15411d56febdd8648f20a560e4ce5feb37e34a59b,2026-07-04 02:15:46,PLATFORM,PLATFORM-IPC-1
204391,5837,ipc_service_open_com.whatsapp.companiondevice.wearos.WearOsListenerService,WARN,Medium,P1,PLATFORM,Exported service without permission,[],"{""detail"": ""Service com.whatsapp.companiondevice.wearos.WearOsListenerService is exported but does not declare android:permission.""}",Restrict the component with signature-level permissions or mark it non-exported unless explicitly required.,BASE-IPC-COMP-NO-ACL,8.0,PLATFORM,ipc_components,,,c42ee261e8f965187c5f04cd6a0b92fc8e23cb0108ad727b9bcb679de052c1c5,2026-07-04 02:15:46,PLATFORM,PLATFORM-IPC-1
204392,5837,ipc_activity_weak_permission_com.whatsapp.migration.export.ui.ExportMigrationActivity,WARN,Medium,P1,PLATFORM,Weak permission guard on exported activity,[],"{""detail"": ""Activity com.whatsapp.migration.export.ui.ExportMigrationActivity uses com.apple.movetoios.ACCESS (protectionLevel=unspecified), which is insufficient for exported components.""}",Protect the component with a signature-level permission or mark it non-exported.,,,PLATFORM,ipc_components,,,9888ec01a17c7eab607a884471f8a0234173add2ddc77182047b98e89c5ce297,2026-07-04 02:15:46,PLATFORM,
204393,5837,ipc_provider_permission_weak_com.whatsapp.migration.export.api.ExportMigrationContentProvider,FAIL,High,P0,PLATFORM,Weak guard on exported provider — com.whatsapp.migration.export.api.ExportMigrationContentProvider,[],"{""detail"": ""Provider com.whatsapp.migration.export.api.ExportMigrationContentProvider is exported but guarded by com.apple.movetoios.ACCESS with protectionLevel=unspecified, allowing broad callers.""}",Switch the provider permission to signature or signatureOrSystem or make the component private.,,,PLATFORM,ipc_components,,,02a25779d2a0b3345c7a57c5a63608cc555215e3ccb3d116d6419afd12d56d70,2026-07-04 02:15:46,PLATFORM,
204394,5837,ipc_receiver_weak_permission_com.whatsapp.migration.android.api.DeferredRestoreBroadcastReceiver,WARN,Medium,P1,PLATFORM,Weak permission guard on exported receiver,[],"{""detail"": ""Receiver com.whatsapp.migration.android.api.DeferredRestoreBroadcastReceiver uses android.permission.BACKUP (protectionLevel=unspecified), which is insufficient for exported components.""}",Protect the component with a signature-level permission or mark it non-exported.,,,PLATFORM,ipc_components,,,9c35710e4db19313174a9a7794795586649633792e7f94bf9f5513455bf0de60,2026-07-04 02:15:46,PLATFORM,
204395,5837,ipc_provider_world_com.whatsapp.orbitsso.OrbitSsoProvider,FAIL,High,P0,PLATFORM,Exported provider without permission — com.whatsapp.orbitsso.OrbitSsoProvider,[],"{""detail"": ""Content provider is exported without read/write permissions, allowing external processes to query data.""}",Declare readPermission and writePermission or mark the provider as private (exported=false).,,,PLATFORM,ipc_components,,,9bb8ae3667321fbe39616893b95b97154d6d6f2cdd2b48d542d1149201abc5a7,2026-07-04 02:15:46,PLATFORM,
204396,5837,ipc_activity_open_com.whatsapp.payments.indiaupi.receiver.IndiaUpiPayIntentReceiverActivity,WARN,Medium,P1,PLATFORM,Exported activity without permission,[],"{""detail"": ""Activity com.whatsapp.payments.indiaupi.receiver.IndiaUpiPayIntentReceiverActivity is exported but does not declare android:permission.""}",Restrict the component with signature-level permissions or mark it non-exported unless explicitly required.,BASE-IPC-COMP-NO-ACL,8.0,PLATFORM,ipc_components,,,bf3441e5b4fc1a64af94c03e9d06892314768d0bfb592e9d98cd50c18c86ab33,2026-07-04 02:15:46,PLATFORM,PLATFORM-IPC-1
204397,5837,ipc_activity-alias_open_com.whatsapp.payments.receiver.IndiaUpiPayIntentReceiverActivity,WARN,Medium,P1,PLATFORM,Exported activity alias without permission,[],"{""detail"": ""Activity Alias com.whatsapp.payments.receiver.IndiaUpiPayIntentReceiverActivity is exported but does not declare android:permission.""}",Restrict the component with signature-level permissions or mark it non-exported unless explicitly required.,BASE-IPC-COMP-NO-ACL,8.0,PLATFORM,ipc_components,,,eba8294fcddc5a1c5af572adc679a0e2a33a94a8ed50c1b3d93b472184a4cbe5,2026-07-04 02:15:46,PLATFORM,PLATFORM-IPC-1
204398,5837,ipc_provider_permission_weak_com.whatsapp.pixel.besties.provider.PixelBestiesApiContentProvider,FAIL,High,P0,PLATFORM,Weak guard on exported provider — com.whatsapp.pixel.besties.provider.PixelBestiesApiContentProvider,[],"{""detail"": ""Provider com.whatsapp.pixel.besties.provider.PixelBestiesApiContentProvider is exported but guarded by com.google.permission.besties.API with protectionLevel=unspecified, allowing broad callers.""}",Switch the provider permission to signature or signatureOrSystem or make the component private.,,,PLATFORM,ipc_components,,,46cdaa931fdf8c66dc64016d39f916c4e6929af178a9249c73e15264e212623c,2026-07-04 02:15:46,PLATFORM,
204399,5837,ipc_activity_weak_permission_com.whatsapp.pixel.besties.activity.PixelBestiesUpsellActivity,WARN,Medium,P1,PLATFORM,Weak permission guard on exported activity,[],"{""detail"": ""Activity com.whatsapp.pixel.besties.activity.PixelBestiesUpsellActivity uses com.google.permission.besties.API (protectionLevel=unspecified), which is insufficient for exported components.""}",Protect the component with a signature-level permission or mark it non-exported.,,,PLATFORM,ipc_components,,,b1075c189403e002acdc3acbf918050e2bfc01de6a44366fd874ead98ff05b81,2026-07-04 02:15:46,PLATFORM,
204400,5837,ipc_activity_open_com.whatsapp.cuif.ConsentActivity,WARN,Medium,P1,PLATFORM,Exported activity without permission,[],"{""detail"": ""Activity com.whatsapp.cuif.ConsentActivity is exported but does not declare android:permission.""}",Restrict the component with signature-level permissions or mark it non-exported unless explicitly required.,BASE-IPC-COMP-NO-ACL,8.0,PLATFORM,ipc_components,,,360c05cf9e07b0ccc75b20867dee13db231f800340d66e5de6d139f819a47b12,2026-07-04 02:15:46,PLATFORM,PLATFORM-IPC-1
204401,5837,ipc_activity_open_com.whatsapp.Conversation,WARN,Medium,P1,PLATFORM,Exported activity without permission,[],"{""detail"": ""Activity com.whatsapp.Conversation is exported but does not declare android:permission.""}",Restrict the component with signature-level permissions or mark it non-exported unless explicitly required.,BASE-IPC-COMP-NO-ACL,8.0,PLATFORM,ipc_components,,,8590e31bd891674103bb36e05cda33881e2f0dde12dcc612f8ae89a63f513a90,2026-07-04 02:15:46,PLATFORM,PLATFORM-IPC-1
204402,5837,ipc_activity_open_com.whatsapp.calling.ui.SystemDialerCallLandingActivity,WARN,Medium,P1,PLATFORM,Exported activity without permission,[],"{""detail"": ""Activity com.whatsapp.calling.ui.SystemDialerCallLandingActivity is exported but does not declare android:permission.""}",Restrict the component with signature-level permissions or mark it non-exported unless explicitly required.,BASE-IPC-COMP-NO-ACL,8.0,PLATFORM,ipc_components,,,a3e1b2f67ee7794ed16f6a11b45ba146bc198a1ab929d5a96482d47768925aa5,2026-07-04 02:15:46,PLATFORM,PLATFORM-IPC-1
204403,5837,ipc_activity_open_com.whatsapp.contact.ui.picker.ContactPicker,WARN,Medium,P1,PLATFORM,Exported activity without permission,[],"{""detail"": ""Activity com.whatsapp.contact.ui.picker.ContactPicker is exported but does not declare android:permission.""}",Restrict the component with signature-level permissions or mark it non-exported unless explicitly required.,BASE-IPC-COMP-NO-ACL,8.0,PLATFORM,ipc_components,,,4ba78d109ef4c6efc056b783a10d6d6b6a180e449d77a12e6f342b6af4315733,2026-07-04 02:15:46,PLATFORM,PLATFORM-IPC-1
204404,5837,ipc_activity-alias_open_com.whatsapp.contact.ui.picker.ExternalShareAlias,WARN,Medium,P1,PLATFORM,Exported activity alias without permission,[],"{""detail"": ""Activity Alias com.whatsapp.contact.ui.picker.ExternalShareAlias is exported but does not declare android:permission.""}",Restrict the component with signature-level permissions or mark it non-exported unless explicitly required.,BASE-IPC-COMP-NO-ACL,8.0,PLATFORM,ipc_components,,,2e77320300ef1f66bc800cc2f40534a69275e96c095e64eeb68c4f8917c12bbe,2026-07-04 02:15:46,PLATFORM,PLATFORM-IPC-1
204405,5837,ipc_service_open_com.whatsapp.contact.ui.sync.ContactsSyncAdapterService,WARN,Medium,P1,PLATFORM,Exported service without permission,[],"{""detail"": ""Service com.whatsapp.contact.ui.sync.ContactsSyncAdapterService is exported but does not declare android:permission.""}",Restrict the component with signature-level permissions or mark it non-exported unless explicitly required.,BASE-IPC-COMP-NO-ACL,8.0,PLATFORM,ipc_components,,,58ffd7124ace42b219c0e99b40c75f2008a7e8d82ead341804d9b9d825cca062,2026-07-04 02:15:46,PLATFORM,PLATFORM-IPC-1
204406,5837,ipc_activity_open_com.whatsapp.settings.ui.SettingsNotifications,WARN,Medium,P1,PLATFORM,Exported activity without permission,[],"{""detail"": ""Activity com.whatsapp.settings.ui.SettingsNotifications is exported but does not declare android:permission.""}",Restrict the component with signature-level permissions or mark it non-exported unless explicitly required.,BASE-IPC-COMP-NO-ACL,8.0,PLATFORM,ipc_components,,,82116bb4679b9afef6c681d620733947b3510832b501cb7e4a52ef91b836e4fc,2026-07-04 02:15:46,PLATFORM,PLATFORM-IPC-1
204407,5837,ipc_activity-alias_open_com.whatsapp.settings.SettingsNotifications,WARN,Medium,P1,PLATFORM,Exported activity alias without permission,[],"{""detail"": ""Activity Alias com.whatsapp.settings.SettingsNotifications is exported but does not declare android:permission.""}",Restrict the component with signature-level permissions or mark it non-exported unless explicitly required.,BASE-IPC-COMP-NO-ACL,8.0,PLATFORM,ipc_components,,,15a703b1d766344ebc23317e8f8d90abceb55fd37807917bbe3dfb8c8f8437df,2026-07-04 02:15:46,PLATFORM,PLATFORM-IPC-1
204408,5837,ipc_activity_open_com.whatsapp.settings.ui.SettingsDataUsageActivity,WARN,Medium,P1,PLATFORM,Exported activity without permission,[],"{""detail"": ""Activity com.whatsapp.settings.ui.SettingsDataUsageActivity is exported but does not declare android:permission.""}",Restrict the component with signature-level permissions or mark it non-exported unless explicitly required.,BASE-IPC-COMP-NO-ACL,8.0,PLATFORM,ipc_components,,,6a9f04dcb16d4f29e95bf68607da54dbd05ce5165d46b328c6dbadddc1aae8fc,2026-07-04 02:15:46,PLATFORM,PLATFORM-IPC-1
204409,5837,ipc_activity-alias_open_com.whatsapp.settings.SettingsDataUsageActivity,WARN,Medium,P1,PLATFORM,Exported activity alias without permission,[],"{""detail"": ""Activity Alias com.whatsapp.settings.SettingsDataUsageActivity is exported but does not declare android:permission.""}",Restrict the component with signature-level permissions or mark it non-exported unless explicitly required.,BASE-IPC-COMP-NO-ACL,8.0,PLATFORM,ipc_components,,,c463697b73814ae9685b0fbf36bd1b58c49fafd0ef393047798b2c62152972a4,2026-07-04 02:15:46,PLATFORM,PLATFORM-IPC-1
204410,5837,ipc_activity-alias_open_com.whatsapp.SetAsProfilePhoto,WARN,Medium,P1,PLATFORM,Exported activity alias without permission,[],"{""detail"": ""Activity Alias com.whatsapp.SetAsProfilePhoto is exported but does not declare android:permission.""}",Restrict the component with signature-level permissions or mark it non-exported unless explicitly required.,BASE-IPC-COMP-NO-ACL,8.0,PLATFORM,ipc_components,,,582c8456bc1708baf7c8aedbab94802e37f2a99b983a256299aca8e316c44e7d,2026-07-04 02:15:46,PLATFORM,PLATFORM-IPC-1
204411,5837,ipc_activity_open_com.whatsapp.stickers.ui.thirdpartystickers.AddThirdPartyStickerPackActivity,WARN,Medium,P1,PLATFORM,Exported activity without permission,[],"{""detail"": ""Activity com.whatsapp.stickers.ui.thirdpartystickers.AddThirdPartyStickerPackActivity is exported but does not declare android:permission.""}",Restrict the component with signature-level permissions or mark it non-exported unless explicitly required.,BASE-IPC-COMP-NO-ACL,8.0,PLATFORM,ipc_components,,,fb4f80ed194cf133f247078f19116f1b345a482b8cfe2b48524f69a697d72dcf,2026-07-04 02:15:46,PLATFORM,PLATFORM-IPC-1
204412,5837,ipc_activity-alias_open_com.whatsapp.stickers.thirdpartystickers.AddThirdPartyStickerPackActivity,WARN,Medium,P1,PLATFORM,Exported activity alias without permission,[],"{""detail"": ""Activity Alias com.whatsapp.stickers.thirdpartystickers.AddThirdPartyStickerPackActivity is exported but does not declare android:permission.""}",Restrict the component with signature-level permissions or mark it non-exported unless explicitly required.,BASE-IPC-COMP-NO-ACL,8.0,PLATFORM,ipc_components,,,eb2f3fa242e29df3732660333ffd0f46aafe73ae11d81fabc72d3ff555a2a3ce,2026-07-04 02:15:46,PLATFORM,PLATFORM-IPC-1
204413,5837,ipc_provider_world_com.whatsapp.stickers.ui.storage.WhitelistPackQueryContentProvider,FAIL,High,P0,PLATFORM,Exported provider without permission — com.whatsapp.stickers.ui.storage.WhitelistPackQueryContentProvider,[],"{""detail"": ""Content provider is exported without read/write permissions, allowing external processes to query data.""}",Declare readPermission and writePermission or mark the provider as private (exported=false).,,,PLATFORM,ipc_components,,,9bb8ae3667321fbe39616893b95b97154d6d6f2cdd2b48d542d1149201abc5a7,2026-07-04 02:15:46,PLATFORM,
204414,5837,ipc_receiver_weak_permission_com.whatsapp.registration.ui.RegistrationCompletedReceiver,WARN,Medium,P1,PLATFORM,Weak permission guard on exported receiver,[],"{""detail"": ""Receiver com.whatsapp.registration.ui.RegistrationCompletedReceiver uses com.whatsapp.permission.REGISTRATION (protectionLevel=0x00000002), which is insufficient for exported components.""}",Protect the component with a signature-level permission or mark it non-exported.,,,PLATFORM,ipc_components,,,a0efbb4d02d69fed17f83e33f10a0d9be552a449e8285a5a77e8e5edd477a3d9,2026-07-04 02:15:46,PLATFORM,
204415,5837,ipc_service_open_com.whatsapp.companiondevice.garmin.GarminBindingServiceShim,WARN,Medium,P1,PLATFORM,Exported service without permission,[],"{""detail"": ""Service com.whatsapp.companiondevice.garmin.GarminBindingServiceShim is exported but does not declare android:permission.""}",Restrict the component with signature-level permissions or mark it non-exported unless explicitly required.,BASE-IPC-COMP-NO-ACL,8.0,PLATFORM,ipc_components,,,1ceb773b90a9b698dca142426eadfea657bdc892c5d58e697265b563f32ba7c9,2026-07-04 02:15:46,PLATFORM,PLATFORM-IPC-1
204416,5837,ipc_service_open_com.garmin.android.connectiq.IQGarminBindingService,WARN,Medium,P1,PLATFORM,Exported service without permission,[],"{""detail"": ""Service com.garmin.android.connectiq.IQGarminBindingService is exported but does not declare android:permission.""}",Restrict the component with signature-level permissions or mark it non-exported unless explicitly required.,BASE-IPC-COMP-NO-ACL,8.0,PLATFORM,ipc_components,,,9dfb722e3e346b6c28f9bf2f1e99fc302a281835c55d605d203b8a9851534e3a,2026-07-04 02:15:46,PLATFORM,PLATFORM-IPC-1
204417,5837,ipc_service_open_com.whatsapp.companiondevice.tethered.TetheredService,WARN,Medium,P1,PLATFORM,Exported service without permission,[],"{""detail"": ""Service com.whatsapp.companiondevice.tethered.TetheredService is exported but does not declare android:permission.""}",Restrict the component with signature-level permissions or mark it non-exported unless explicitly required.,BASE-IPC-COMP-NO-ACL,8.0,PLATFORM,ipc_components,,,a0d92205200710d75f59663ee68d24585a01f4afdcad935769ec97c74760de1c,2026-07-04 02:15:46,PLATFORM,PLATFORM-IPC-1
204418,5837,ipc_activity_open_com.whatsapp.instrumentation.product.ui.InstrumentationAuthActivity,WARN,Medium,P1,PLATFORM,Exported activity without permission,[],"{""detail"": ""Activity com.whatsapp.instrumentation.product.ui.InstrumentationAuthActivity is exported but does not declare android:permission.""}",Restrict the component with signature-level permissions or mark it non-exported unless explicitly required.,BASE-IPC-COMP-NO-ACL,8.0,PLATFORM,ipc_components,,,74d5533ddd2fdd6f1ce3c5fe671055191bb76f9e7dfe71ec45c9ae1224eaffcc,2026-07-04 02:15:46,PLATFORM,PLATFORM-IPC-1
204419,5837,ipc_activity-alias_open_com.whatsapp.instrumentation.ui.InstrumentationAuthActivity,WARN,Medium,P1,PLATFORM,Exported activity alias without permission,[],"{""detail"": ""Activity Alias com.whatsapp.instrumentation.ui.InstrumentationAuthActivity is exported but does not declare android:permission.""}",Restrict the component with signature-level permissions or mark it non-exported unless explicitly required.,BASE-IPC-COMP-NO-ACL,8.0,PLATFORM,ipc_components,,,34b05243fc3ffed63dcf9338693616bf1a422de1e91d6bf03571af448f22f146,2026-07-04 02:15:46,PLATFORM,PLATFORM-IPC-1
204420,5837,ipc_activity_open_com.whatsapp.instrumentation.product.ui.WhatsAppBugReportingBridgeActivity,WARN,Medium,P1,PLATFORM,Exported activity without permission,[],"{""detail"": ""Activity com.whatsapp.instrumentation.product.ui.WhatsAppBugReportingBridgeActivity is exported but does not declare android:permission.""}",Restrict the component with signature-level permissions or mark it non-exported unless explicitly required.,BASE-IPC-COMP-NO-ACL,8.0,PLATFORM,ipc_components,,,9d14f9d0ffcb02969c52e3fc2a9fb0fdf320dad025fbafcca8e4d2e4545e42d2,2026-07-04 02:15:46,PLATFORM,PLATFORM-IPC-1
204421,5837,ipc_service_open_com.whatsapp.instrumentation.product.api.InstrumentationService,WARN,Medium,P1,PLATFORM,Exported service without permission,[],"{""detail"": ""Service com.whatsapp.instrumentation.product.api.InstrumentationService is exported but does not declare android:permission.""}",Restrict the component with signature-level permissions or mark it non-exported unless explicitly required.,BASE-IPC-COMP-NO-ACL,8.0,PLATFORM,ipc_components,,,cd042b5706fe6d0e62732bab6eb53a8f37bcdf5654ad9d52fe86811b7f193338,2026-07-04 02:15:46,PLATFORM,PLATFORM-IPC-1
204422,5837,ipc_receiver_open_androidx.core.telecom.internal.MuteStateReceiver,WARN,Medium,P1,PLATFORM,Exported receiver without permission,[],"{""detail"": ""Receiver androidx.core.telecom.internal.MuteStateReceiver is exported but does not declare android:permission.""}",Restrict the component with signature-level permissions or mark it non-exported unless explicitly required.,BASE-IPC-COMP-NO-ACL,8.0,PLATFORM,ipc_components,,,594a5224ef269bbcf4a3a213b8590b5894b586e28a3696e2ea749dc1c691c473,2026-07-04 02:15:46,PLATFORM,PLATFORM-IPC-1
204423,5837,ipc_service_permission_androidx.core.telecom.internal.JetpackConnectionService,INFO,Low,P2,PLATFORM,Exported service gated by android.permission.BIND_TELECOM_CONNECTION_SERVICE,[],"{""detail"": ""Exported service relies on android.permission.BIND_TELECOM_CONNECTION_SERVICE (protectionLevel=signature/privileged).""}",Document the permission contract and monitor for unexpected callers.,BASE-IPC-EXPORTED-WITH-PERM,2.5,PLATFORM,ipc_components,,,7a45fc21bd8fdd8b769d284d30bf894cd5d50227f985ba708b632b5de11cbe43,2026-07-04 02:15:46,PLATFORM,PLATFORM-IPC-1
204424,5837,ipc_service_permission_androidx.sharetarget.ChooserTargetServiceCompat,INFO,Low,P2,PLATFORM,Exported service gated by android.permission.BIND_CHOOSER_TARGET_SERVICE,[],"{""detail"": ""Exported service relies on android.permission.BIND_CHOOSER_TARGET_SERVICE (protectionLevel=signature).""}",Document the permission contract and monitor for unexpected callers.,BASE-IPC-EXPORTED-WITH-PERM,2.5,PLATFORM,ipc_components,,,0af190b7447fa2820edab5cc6b0eb777639827f2aa3d63080f8ba09da26beec8,2026-07-04 02:15:46,PLATFORM,PLATFORM-IPC-1
204425,5837,ipc_receiver_weak_permission_com.whatsapp.registration.directmigration.MigrationProviderOrderedBroadcastReceiver,WARN,Medium,P1,PLATFORM,Weak permission guard on exported receiver,[],"{""detail"": ""Receiver com.whatsapp.registration.directmigration.MigrationProviderOrderedBroadcastReceiver uses com.whatsapp.permission.REGISTRATION (protectionLevel=0x00000002), which is insufficient for exported components.""}",Protect the component with a signature-level permission or mark it non-exported.,,,PLATFORM,ipc_components,,,1fedcaa5b205441a4372997759e0e3b80bb5ae058eaf10c7680a83f54e360f10,2026-07-04 02:15:46,PLATFORM,
204426,5837,ipc_receiver_weak_permission_com.whatsapp.registration.directmigration.MigrationRequesterBroadcastReceiver,WARN,Medium,P1,PLATFORM,Weak permission guard on exported receiver,[],"{""detail"": ""Receiver com.whatsapp.registration.directmigration.MigrationRequesterBroadcastReceiver uses com.whatsapp.permission.REGISTRATION (protectionLevel=0x00000002), which is insufficient for exported components.""}",Protect the component with a signature-level permission or mark it non-exported.,,,PLATFORM,ipc_components,,,a215b2d574ba558e3feeb34f687304f69e7d85aa4984c0c00ee2ac2d9d5aa951,2026-07-04 02:15:46,PLATFORM,
204427,5837,ipc_provider_world_com.whatsapp.registration.directmigration.MigrationContentProvider,FAIL,High,P0,PLATFORM,Exported provider without permission — com.whatsapp.registration.directmigration.MigrationContentProvider,[],"{""detail"": ""Content provider is exported without read/write permissions, allowing external processes to query data.""}",Declare readPermission and writePermission or mark the provider as private (exported=false).,,,PLATFORM,ipc_components,,,9bb8ae3667321fbe39616893b95b97154d6d6f2cdd2b48d542d1149201abc5a7,2026-07-04 02:15:46,PLATFORM,
204428,5837,ipc_provider_world_com.whatsapp.registration.directmigration.DirectMigrationContentProvider,FAIL,High,P0,PLATFORM,Exported provider without permission — com.whatsapp.registration.directmigration.DirectMigrationContentProvider,[],"{""detail"": ""Content provider is exported without read/write permissions, allowing external processes to query data.""}",Declare readPermission and writePermission or mark the provider as private (exported=false).,,,PLATFORM,ipc_components,,,9bb8ae3667321fbe39616893b95b97154d6d6f2cdd2b48d542d1149201abc5a7,2026-07-04 02:15:46,PLATFORM,
204429,5837,ipc_receiver_open_com.whatsapp.appwidget.WidgetProvider,WARN,Medium,P1,PLATFORM,Exported receiver without permission,[],"{""detail"": ""Receiver com.whatsapp.appwidget.WidgetProvider is exported but does not declare android:permission.""}",Restrict the component with signature-level permissions or mark it non-exported unless explicitly required.,BASE-IPC-COMP-NO-ACL,8.0,PLATFORM,ipc_components,,,5663f63182a44bc0264e417e1501fd95fba492a2d705460739953dadaf5a06b2,2026-07-04 02:15:46,PLATFORM,PLATFORM-IPC-1
204430,5837,ipc_receiver_open_com.whatsapp.media.ExternalMediaManager$ExternalMediaStateReceiver,WARN,Medium,P1,PLATFORM,Exported receiver without permission,[],"{""detail"": ""Receiver com.whatsapp.media.ExternalMediaManager$ExternalMediaStateReceiver is exported but does not declare android:permission.""}",Restrict the component with signature-level permissions or mark it non-exported unless explicitly required.,BASE-IPC-COMP-NO-ACL,8.0,PLATFORM,ipc_components,,,1598caa9129bc660fc7426b3e429ee8a44d77de16f1218ddbcc7ab506e9db8f9,2026-07-04 02:15:46,PLATFORM,PLATFORM-IPC-1
204431,5837,ipc_receiver_open_com.whatsapp.infra.push.WAFbnsPreloadReceiver,WARN,Medium,P1,PLATFORM,Exported receiver without permission,[],"{""detail"": ""Receiver com.whatsapp.infra.push.WAFbnsPreloadReceiver is exported but does not declare android:permission.""}",Restrict the component with signature-level permissions or mark it non-exported unless explicitly required.,BASE-IPC-COMP-NO-ACL,8.0,PLATFORM,ipc_components,,,532f9fc2b360738157b539fba6e46ac1dc8e8bb102b78244b60f433fe783b1ce,2026-07-04 02:15:46,PLATFORM,PLATFORM-IPC-1
204432,5837,ipc_receiver_weak_permission_com.google.firebase.iid.FirebaseInstanceIdReceiver,WARN,Medium,P1,PLATFORM,Weak permission guard on exported receiver,[],"{""detail"": ""Receiver com.google.firebase.iid.FirebaseInstanceIdReceiver uses com.google.android.c2dm.permission.SEND (protectionLevel=unspecified), which is insufficient for exported components.""}",Protect the component with a signature-level permission or mark it non-exported.,,,PLATFORM,ipc_components,,,801a80d1d4bf8adabab2d6125f2ede620061207fdfa45b7458a8fc4129d8acec,2026-07-04 02:15:46,PLATFORM,
204433,5837,ipc_receiver_open_com.whatsapp.registration.core.accounttransfer.AccountTransferReceiver,WARN,Medium,P1,PLATFORM,Exported receiver without permission,[],"{""detail"": ""Receiver com.whatsapp.registration.core.accounttransfer.AccountTransferReceiver is exported but does not declare android:permission.""}",Restrict the component with signature-level permissions or mark it non-exported unless explicitly required.,BASE-IPC-COMP-NO-ACL,8.0,PLATFORM,ipc_components,,,c187c7dd6808fa383480dd8108860b034ee61bc564c627f2e56de2a9621bd795,2026-07-04 02:15:46,PLATFORM,PLATFORM-IPC-1
204434,5837,ipc_receiver_open_com.whatsapp.phoneid.PhoneIdRequestReceiver,WARN,Medium,P1,PLATFORM,Exported receiver without permission,[],"{""detail"": ""Receiver com.whatsapp.phoneid.PhoneIdRequestReceiver is exported but does not declare android:permission.""}",Restrict the component with signature-level permissions or mark it non-exported unless explicitly required.,BASE-IPC-COMP-NO-ACL,8.0,PLATFORM,ipc_components,,,c10072b25b9822e755f1986c58bf2be3d6d9c4b9715bf917bbdffc12ade9ae7b,2026-07-04 02:15:46,PLATFORM,PLATFORM-IPC-1
204435,5837,ipc_receiver_open_com.whatsapp.infra.systemreceivers.boot.BootReceiver,WARN,Medium,P1,PLATFORM,Exported receiver without permission,[],"{""detail"": ""Receiver com.whatsapp.infra.systemreceivers.boot.BootReceiver is exported but does not declare android:permission.""}",Restrict the component with signature-level permissions or mark it non-exported unless explicitly required.,BASE-IPC-COMP-NO-ACL,8.0,PLATFORM,ipc_components,,,d6d0b150a7339746912253525fd5819bd6f1f7234a8128537b916545c4095f3d,2026-07-04 02:15:46,PLATFORM,PLATFORM-IPC-1
204436,5837,ipc_receiver_open_com.whatsapp.infra.systemreceivers.appupdated.AppUpdatedReceiver,WARN,Medium,P1,PLATFORM,Exported receiver without permission,[],"{""detail"": ""Receiver com.whatsapp.infra.systemreceivers.appupdated.AppUpdatedReceiver is exported but does not declare android:permission.""}",Restrict the component with signature-level permissions or mark it non-exported unless explicitly required.,BASE-IPC-COMP-NO-ACL,8.0,PLATFORM,ipc_components,,,5ba8ec5edbbae73f45031ce6217d72d28586f36150bc666700cafd6cb1d80ff6,2026-07-04 02:15:46,PLATFORM,PLATFORM-IPC-1
204437,5837,ipc_service_permission_androidx.work.impl.background.systemjob.SystemJobService,INFO,Low,P2,PLATFORM,Exported service gated by android.permission.BIND_JOB_SERVICE,[],"{""detail"": ""Exported service relies on android.permission.BIND_JOB_SERVICE (protectionLevel=signature).""}",Document the permission contract and monitor for unexpected callers.,BASE-IPC-EXPORTED-WITH-PERM,2.5,PLATFORM,ipc_components,,,010feff1d370cdde2b30a44baa245760ecc86f7b41a538afeb48267dd5a387b4,2026-07-04 02:15:46,PLATFORM,PLATFORM-IPC-1
204438,5837,ipc_receiver_weak_permission_androidx.work.impl.diagnostics.DiagnosticsReceiver,WARN,Medium,P1,PLATFORM,Weak permission guard on exported receiver,[],"{""detail"": ""Receiver androidx.work.impl.diagnostics.DiagnosticsReceiver uses android.permission.DUMP (protectionLevel=unspecified), which is insufficient for exported components.""}",Protect the component with a signature-level permission or mark it non-exported.,,,PLATFORM,ipc_components,,,9941e0eccdf7d3b4774f715de75a66f6bc0c3a6738cde28ebf468fc203a6652b,2026-07-04 02:15:46,PLATFORM,
204439,5837,ipc_service_weak_permission_com.google.android.gms.auth.api.signin.RevocationBoundService,WARN,Medium,P1,PLATFORM,Weak permission guard on exported service,[],"{""detail"": ""Service com.google.android.gms.auth.api.signin.RevocationBoundService uses com.google.android.gms.auth.api.signin.permission.REVOCATION_NOTIFICATION (protectionLevel=unspecified), which is insufficient for exported components.""}",Protect the component with a signature-level permission or mark it non-exported.,,,PLATFORM,ipc_components,,,333620b6726a9959216b7d765dc48d0cdfd4b817f914fe21914e4a734b970792,2026-07-04 02:15:46,PLATFORM,
204440,5837,ipc_receiver_weak_permission_androidx.profileinstaller.ProfileInstallReceiver,WARN,Medium,P1,PLATFORM,Weak permission guard on exported receiver,[],"{""detail"": ""Receiver androidx.profileinstaller.ProfileInstallReceiver uses android.permission.DUMP (protectionLevel=unspecified), which is insufficient for exported components.""}",Protect the component with a signature-level permission or mark it non-exported.,,,PLATFORM,ipc_components,,,a1011e55cd81e1a5efa21cd3531f8f576789e1e4757a87011b59740f80197b8d,2026-07-04 02:15:46,PLATFORM,
204441,5837,provider_world_com.whatsapp.accesslibraryprovider.provider.FamilyAppsUserValuesProvider,FAIL,High,P0,PLATFORM,Exported provider without ACL — com.whatsapp.accesslibraryprovider.provider.FamilyAppsUserValuesProvider,[],"{""detail"": ""Exported provider lacks read/write permissions; content is globally accessible to other apps.""}",Set readPermission/writePermission or mark the provider private.,,,PLATFORM,provider_acl,,,008494c2f7638393221f57d8441724a50de6390c1b5d5895af71896bd2330764,2026-07-04 02:15:46,PLATFORM,
204442,5837,provider_world_com.whatsapp.accountlinking.ipc.handler.quicksends.QuickSendsContactsProvider,FAIL,High,P0,PLATFORM,Exported provider without ACL — com.whatsapp.accountlinking.ipc.handler.quicksends.QuickSendsContactsProvider,[],"{""detail"": ""Exported provider lacks read/write permissions; content is globally accessible to other apps.""}",Set readPermission/writePermission or mark the provider private.,,,PLATFORM,provider_acl,,,008494c2f7638393221f57d8441724a50de6390c1b5d5895af71896bd2330764,2026-07-04 02:15:46,PLATFORM,
204443,5837,provider_world_com.whatsapp.stickers.ui.storage.WhitelistPackQueryContentProvider,FAIL,High,P0,PLATFORM,Exported provider without ACL — com.whatsapp.stickers.ui.storage.WhitelistPackQueryContentProvider,[],"{""detail"": ""Exported provider lacks read/write permissions; content is globally accessible to other apps.""}",Set readPermission/writePermission or mark the provider private.,,,PLATFORM,provider_acl,,,008494c2f7638393221f57d8441724a50de6390c1b5d5895af71896bd2330764,2026-07-04 02:15:46,PLATFORM,
204444,5837,domain_verification_misconfigured_autoverify,WARN,Medium,P1,PLATFORM,android:autoVerify is declared on filters that are unlikely to verify,"[""app_links"", ""auto_verify"", ""misconfiguration""]","{""path"": ""/home/secadmin/Laughlin/GitHub/ScytaleDroid/data/store/apk/sha256/b6/b696ec2887f79485f36ac558f304322a3c674a58f8de9ad42bf24474b1bf178e.apk!AndroidManifest.xml::activity:com.whatsapp.cuif.ConsentActivity#intent-filter[1]"", ""detail"": ""1 autoVerify filter(s) do not match the expected App Links shape (VIEW + BROWSABLE + DEFAULT + HTTPS host), so verification may never succeed."", ""entries"": [{""description"": ""activity com.whatsapp.cuif.ConsentActivity"", ""location"": ""/home/secadmin/Laughlin/GitHub/ScytaleDroid/data/store/apk/sha256/b6/b696ec2887f79485f36ac558f304322a3c674a58f8de9ad42bf24474b1bf178e.apk!AndroidManifest.xml::activity:com.whatsapp.cuif.ConsentActivity#intent-filter[1]""}]}","Restrict android:autoVerify to real web-link handlers with VIEW, BROWSABLE, DEFAULT, and lowercase HTTPS host declarations.",,,PLATFORM,domain_verification,,,f0273a7efe13b92eb08bb0490b35a71cd72ff560b4dc161db77bd62432144fe5,2026-07-04 02:15:46,PLATFORM,
204445,5837,storage_allow_backup,WARN,Medium,P1,STORAGE,Application allows Android backup,[],"{""detail"": ""android:allowBackup is true; user data may leak via adb backup.""}",Disable backups or provide custom BackupAgent filtering secrets.,,,STORAGE,storage_backup,,,b9cd119277283edf2e7f596f5768300bcfef5ff9148da23ee73f1590fd01c6ce,2026-07-04 02:15:46,STORAGE,
204446,5837,storage_legacy_external,WARN,Medium,P1,STORAGE,Legacy external storage requested,[],"{""detail"": ""requestLegacyExternalStorage=true keeps scoped storage disabled.""}",Adopt scoped storage or justify legacy flag for backwards compatibility.,BASE-STO-LEGACY,3.9,STORAGE,storage_backup,,,cec868bb8d34b55d4d2efee6ea48714483e7f1ede6c5bd058d5a325bbf6b7f80,2026-07-04 02:15:46,STORAGE,STORAGE-2
204447,5837,dfir_permission_hypothesis,INFO,Info,NOTE,PRIVACY,Permissions imply sensitive runtime stores,[],"{""detail"": ""Dangerous permissions map to likely on-device data locations.""}",Plan minimal adb pulls to validate the presence of these artefacts after dynamic testing.,,,PRIVACY,dfir_hints,,,636d01ce20e111541057203bd363f5e2cdb7bd0ab2b7842a4e8d2a47d12c2fbd,2026-07-04 02:15:46,PRIVACY,
204448,5837,diff_exported_providers,WARN,Medium,P1,PLATFORM,New exported providers,[],"{""path"": ""report://e76e163b709acc08eed2d4a6d7b3382254822a7e19582a35e509e4a369a50f22.json"", ""detail"": ""New exported components were introduced compared to last scan."", ""entries"": [{""description"": ""Previous export set (providers)"", ""location"": ""report://e76e163b709acc08eed2d4a6d7b3382254822a7e19582a35e509e4a369a50f22.json""}]}",Review why additional components are exposed and gate them with signature permissions.,,,PLATFORM,correlation_engine,,,9996fbddf50bae90b7127bd4ca8c193223a3f35db41868573d8f25f2fa582112,2026-07-04 02:15:46,PLATFORM,
204449,5837,risk_profile,WARN,High,P0,OTHER,Correlation priority — Critical,"[""risk_profile_downgraded""]","{""detail"": ""Correlation priority score 9848 (Critical); synthetic prioritization signal.""}",Prioritise remediation of the contributing findings that raised this synthetic priority score.,,,OTHER,correlation_engine,,,ae8a726d88e31f6f857013f0a85d97f0ae072200dead213f6c67e50302fc9494,2026-07-04 02:15:46,OTHER,
204450,5838,manifest_cleartext_enabled,WARN,Medium,P1,NETWORK,Cleartext traffic permitted,[],"{""path"": ""/home/secadmin/Laughlin/GitHub/ScytaleDroid/data/store/apk/sha256/60/60c7b19cf0dfd1b6254d59b425e8417039c2151f55a4b9fe5c22b5972840eb5f.apk!AndroidManifest.xml"", ""detail"": ""android:usesCleartextTraffic is true. Cleartext endpoints should be limited to debug hosts and audited."", ""entries"": [{""description"": ""application@usesCleartextTraffic"", ""location"": ""/home/secadmin/Laughlin/GitHub/ScytaleDroid/data/store/apk/sha256/60/60c7b19cf0dfd1b6254d59b425e8417039c2151f55a4b9fe5c22b5972840eb5f.apk!AndroidManifest.xml""}]}",Disable cleartext traffic or scope it to a debug-only network security config.,BASE-CLR-001,4.5,NETWORK,manifest_baseline,,,5b564d726dce6575a97acfd764966df65b0ebbbb5fdef1d468127bd208af4a99,2026-07-04 02:15:51,NETWORK,NETWORK-1
204451,5838,manifest_exported_weak_guards,WARN,Medium,P1,PLATFORM,Exported components use weak guards,[],"{""path"": ""/home/secadmin/Laughlin/GitHub/ScytaleDroid/data/store/apk/sha256/60/60c7b19cf0dfd1b6254d59b425e8417039c2151f55a4b9fe5c22b5972840eb5f.apk!AndroidManifest.xml"", ""detail"": ""Exported components rely on normal/dangerous permissions or no guard at all: androidx.core.telecom.internal.MuteStateReceiver, androidx.work.impl.diagnostics.DiagnosticsReceiver, com.adm.push.ADMMessageHandler$Receiver, com.appsflyer.MultipleInstallBroa..."", ""entries"": [{""description"": ""component@permission"", ""location"": ""/home/secadmin/Laughlin/GitHub/ScytaleDroid/data/store/apk/sha256/60/60c7b19cf0dfd1b6254d59b425e8417039c2151f55a4b9fe5c22b5972840eb5f.apk!AndroidManifest.xml""}]}",Protect exported components with signature-level permissions or mark them non-exported.,,,PLATFORM,manifest_baseline,,,a1d886cbdc9e42b676efc77a3b0897e8258e9924e985cec31bac453c817f096b,2026-07-04 02:15:51,PLATFORM,
204452,5838,manifest_backup_and_exports,WARN,Medium,P1,STORAGE,Backup plus exported weak components,[],"{""path"": ""/home/secadmin/Laughlin/GitHub/ScytaleDroid/data/store/apk/sha256/60/60c7b19cf0dfd1b6254d59b425e8417039c2151f55a4b9fe5c22b5972840eb5f.apk!AndroidManifest.xml"", ""detail"": ""android:allowBackup is enabled while exported components lack strong permission guards (androidx.core.telecom.internal.MuteStateReceiver, androidx.work.impl.diagnostics.DiagnosticsReceiver, com.adm.push.ADMMessageHandler$Receiver, com.appsflyer.Multiple..."", ""entries"": [{""description"": ""application@allowBackup"", ""location"": ""/home/secadmin/Laughlin/GitHub/ScytaleDroid/data/store/apk/sha256/60/60c7b19cf0dfd1b6254d59b425e8417039c2151f55a4b9fe5c22b5972840eb5f.apk!AndroidManifest.xml""}]}",Disable auto-backup or harden exported components with signature-level permissions.,,,STORAGE,manifest_baseline,,,c3f60962bc4a3ea736fe0026f093ad2c9ad24bb50ced5dab3c4987562ff3970f,2026-07-04 02:15:51,STORAGE,
204453,5838,manifest_backup_enabled,WARN,Medium,P1,STORAGE,Auto-backup enabled,[],"{""path"": ""/home/secadmin/Laughlin/GitHub/ScytaleDroid/data/store/apk/sha256/60/60c7b19cf0dfd1b6254d59b425e8417039c2151f55a4b9fe5c22b5972840eb5f.apk!AndroidManifest.xml"", ""detail"": ""Application data can be exported via Android's backup channel (android:allowBackup not set to false)."", ""entries"": [{""description"": ""application@allowBackup"", ""location"": ""/home/secadmin/Laughlin/GitHub/ScytaleDroid/data/store/apk/sha256/60/60c7b19cf0dfd1b6254d59b425e8417039c2151f55a4b9fe5c22b5972840eb5f.apk!AndroidManifest.xml""}]}",Set android:allowBackup=false or provide an explicit backup configuration that excludes sensitive data.,,,STORAGE,manifest_baseline,,,534c845b9f0c7ae36fbc9d3491346d9f609cfa4453b10cc7c8e3c8b2717f370b,2026-07-04 02:15:51,STORAGE,
204454,5838,manifest_legacy_external_storage,WARN,Medium,P1,STORAGE,Legacy external storage requested,[],"{""path"": ""/home/secadmin/Laughlin/GitHub/ScytaleDroid/data/store/apk/sha256/60/60c7b19cf0dfd1b6254d59b425e8417039c2151f55a4b9fe5c22b5972840eb5f.apk!AndroidManifest.xml"", ""detail"": ""android:requestLegacyExternalStorage is true. This bypasses scoped storage protections and should be phased out."", ""entries"": [{""description"": ""application@requestLegacyExternalStorage"", ""location"": ""/home/secadmin/Laughlin/GitHub/ScytaleDroid/data/store/apk/sha256/60/60c7b19cf0dfd1b6254d59b425e8417039c2151f55a4b9fe5c22b5972840eb5f.apk!AndroidManifest.xml""}]}",Adopt scoped storage APIs and drop requestLegacyExternalStorage for production builds.,,,STORAGE,manifest_baseline,,,40144b9f36fb95ebdd946a7f70befee15be3ffe9ca80cb913252e59e48b607e2,2026-07-04 02:15:51,STORAGE,
204455,5838,manifest_custom_permissions_review,INFO,Low,P2,PLATFORM,Review custom permission protection levels,[],"{""path"": ""/home/secadmin/Laughlin/GitHub/ScytaleDroid/data/store/apk/sha256/60/60c7b19cf0dfd1b6254d59b425e8417039c2151f55a4b9fe5c22b5972840eb5f.apk!AndroidManifest.xml"", ""detail"": ""Custom permissions use uncommon protection levels: com.zhiliaoapp.musically.DYNAMIC_RECEIVER_NOT_EXPORTED_PERMISSION, com.zhiliaoapp.musically.permission.ATTRIBUTION_INFO, com.zhiliaoapp.musically.permission.RECEIVE_ADM_MESSAGE, com.zhiliaoapp.musically..."", ""entries"": [{""description"": ""permission@protectionLevel"", ""location"": ""/home/secadmin/Laughlin/GitHub/ScytaleDroid/data/store/apk/sha256/60/60c7b19cf0dfd1b6254d59b425e8417039c2151f55a4b9fe5c22b5972840eb5f.apk!AndroidManifest.xml""}]}",Verify the custom protection levels only grant access to trusted callers.,,,PLATFORM,manifest_baseline,,,8f3d25870635c86fc5e5fafba68d5e9f174bbd5c3f4a498df55201c7132fa10c,2026-07-04 02:15:51,PLATFORM,
204456,5838,manifest_task_affinity_custom,INFO,Low,P2,PLATFORM,Custom task affinities present,[],"{""path"": ""/home/secadmin/Laughlin/GitHub/ScytaleDroid/data/store/apk/sha256/60/60c7b19cf0dfd1b6254d59b425e8417039c2151f55a4b9fe5c22b5972840eb5f.apk!AndroidManifest.xml"", ""detail"": ""Components override the default task affinity: com.ss.android.ugc.aweme.ecommerce.marketing.widget.BonusWidgetLaunchActivity→<empty>, com.zhiliaoapp.musically.openauthorize.AwemeAuthorizedActivity→com.zhiliaoapp.musically.authorize, com.aweme.account.lo..."", ""entries"": [{""description"": ""component@taskAffinity"", ""location"": ""/home/secadmin/Laughlin/GitHub/ScytaleDroid/data/store/apk/sha256/60/60c7b19cf0dfd1b6254d59b425e8417039c2151f55a4b9fe5c22b5972840eb5f.apk!AndroidManifest.xml""}]}",Ensure custom task affinities are required and do not leak activities into other apps.,,,PLATFORM,manifest_baseline,,,2fa4140df4b7dae41d89d368673def645d3ae84484bc38c9f1e4a05cbbb1e369,2026-07-04 02:15:51,PLATFORM,
204457,5838,manifest_custom_process,INFO,Low,P2,PLATFORM,Components run in custom processes,[],"{""path"": ""/home/secadmin/Laughlin/GitHub/ScytaleDroid/data/store/apk/sha256/60/60c7b19cf0dfd1b6254d59b425e8417039c2151f55a4b9fe5c22b5972840eb5f.apk!AndroidManifest.xml"", ""detail"": ""Manifest assigns custom android:process values. Review isolation expectations for: com.ss.android.ugc.aweme.account.provider.AccountInfoProvider→:account, com.benchmark.BenchmarkService→:bm, com.ss.android.ugc.aweme.app.crash.LaunchProtectService→:launc..."", ""entries"": [{""description"": ""component@process"", ""location"": ""/home/secadmin/Laughlin/GitHub/ScytaleDroid/data/store/apk/sha256/60/60c7b19cf0dfd1b6254d59b425e8417039c2151f55a4b9fe5c22b5972840eb5f.apk!AndroidManifest.xml""}]}",Document why components require custom processes and ensure permissions isolate IPC boundaries.,,,PLATFORM,manifest_baseline,,,ed1b4bfcdbf4f3239298af293b9077fc4f6a0e45386735641db862ddfd94e94f,2026-07-04 02:15:51,PLATFORM,
204458,5838,ipc_activity_open_net.openid.appauth.RedirectUriReceiverActivity,WARN,Medium,P1,PLATFORM,Exported activity without permission,[],"{""detail"": ""Activity net.openid.appauth.RedirectUriReceiverActivity is exported but does not declare android:permission.""}",Restrict the component with signature-level permissions or mark it non-exported unless explicitly required.,BASE-IPC-COMP-NO-ACL,8.0,PLATFORM,ipc_components,,,705cae6e0359ce7a4e64097a5e5f1241131ad4b48add4189da7e9a3c3f7e1b2f,2026-07-04 02:15:51,PLATFORM,PLATFORM-IPC-1
204459,5838,ipc_activity_open_com.ss.android.ugc.aweme.music.addtodsp.auth.RedirectUriReceiverActivity,WARN,Medium,P1,PLATFORM,Exported activity without permission,[],"{""detail"": ""Activity com.ss.android.ugc.aweme.music.addtodsp.auth.RedirectUriReceiverActivity is exported but does not declare android:permission.""}",Restrict the component with signature-level permissions or mark it non-exported unless explicitly required.,BASE-IPC-COMP-NO-ACL,8.0,PLATFORM,ipc_components,,,d35969e9c052faf7193fe30d9da1972de2c458d561f0d5e093f61fcfb8f28e90,2026-07-04 02:15:51,PLATFORM,PLATFORM-IPC-1
204460,5838,ipc_provider_world_com.ss.android.ugc.aweme.tools.draft.DraftFileProvider,FAIL,High,P0,PLATFORM,Exported provider without permission — com.ss.android.ugc.aweme.tools.draft.DraftFileProvider,[],"{""detail"": ""Content provider is exported without read/write permissions, allowing external processes to query data.""}",Declare readPermission and writePermission or mark the provider as private (exported=false).,,,PLATFORM,ipc_components,,,9bb8ae3667321fbe39616893b95b97154d6d6f2cdd2b48d542d1149201abc5a7,2026-07-04 02:15:51,PLATFORM,
204461,5838,ipc_activity_open_com.ss.android.ugc.aweme.main.MainActivity,WARN,Medium,P1,PLATFORM,Exported activity without permission,[],"{""detail"": ""Activity com.ss.android.ugc.aweme.main.MainActivity is exported but does not declare android:permission.""}",Restrict the component with signature-level permissions or mark it non-exported unless explicitly required.,BASE-IPC-COMP-NO-ACL,8.0,PLATFORM,ipc_components,,,fb23e1fff8a4fe9564632e56512e4a22b4bfce15d27ba8da3b46dbb091bf53f9,2026-07-04 02:15:51,PLATFORM,PLATFORM-IPC-1
204462,5838,ipc_activity-alias_open_com.ss.android.ugc.aweme.splash.ApplinkHookActivity,WARN,Medium,P1,PLATFORM,Exported activity alias without permission,[],"{""detail"": ""Activity Alias com.ss.android.ugc.aweme.splash.ApplinkHookActivity is exported but does not declare android:permission.""}",Restrict the component with signature-level permissions or mark it non-exported unless explicitly required.,BASE-IPC-COMP-NO-ACL,8.0,PLATFORM,ipc_components,,,6bef1e6e54e57539b2f9ffe216377855b16feaedc7e1df01224aee2f59f5a997,2026-07-04 02:15:51,PLATFORM,PLATFORM-IPC-1
204463,5838,ipc_activity-alias_open_com.ss.android.ugc.aweme.splash.SplashActivity,WARN,Medium,P1,PLATFORM,Exported activity alias without permission,[],"{""detail"": ""Activity Alias com.ss.android.ugc.aweme.splash.SplashActivity is exported but does not declare android:permission.""}",Restrict the component with signature-level permissions or mark it non-exported unless explicitly required.,BASE-IPC-COMP-NO-ACL,8.0,PLATFORM,ipc_components,,,704946167b5edab7a4a226befa5da4f1e6940fd675f8c949e5b50a6d6113e6c4,2026-07-04 02:15:51,PLATFORM,PLATFORM-IPC-1
204464,5838,ipc_activity_open_com.kakao.sdk.auth.AuthCodeHandlerActivity,WARN,Medium,P1,PLATFORM,Exported activity without permission,[],"{""detail"": ""Activity com.kakao.sdk.auth.AuthCodeHandlerActivity is exported but does not declare android:permission.""}",Restrict the component with signature-level permissions or mark it non-exported unless explicitly required.,BASE-IPC-COMP-NO-ACL,8.0,PLATFORM,ipc_components,,,bd08147bb443aab7a5a7bff8799962cb606082e3e5e29a537fe53652f70fd9b0,2026-07-04 02:15:51,PLATFORM,PLATFORM-IPC-1
204465,5838,ipc_receiver_open_com.ss.android.ugc.aweme.common.net.NetworkReceiver,WARN,Medium,P1,PLATFORM,Exported receiver without permission,[],"{""detail"": ""Receiver com.ss.android.ugc.aweme.common.net.NetworkReceiver is exported but does not declare android:permission.""}",Restrict the component with signature-level permissions or mark it non-exported unless explicitly required.,BASE-IPC-COMP-NO-ACL,8.0,PLATFORM,ipc_components,,,3bff5363285a651f5633ef6535186f1a7f743d04f73c64cac4ce90506a8ee715,2026-07-04 02:15:51,PLATFORM,PLATFORM-IPC-1
204466,5838,ipc_provider_permission_weak_com.ss.android.ugc.aweme.livewallpaper.WallPaperDataProvider,FAIL,High,P0,PLATFORM,Weak guard on exported provider — com.ss.android.ugc.aweme.livewallpaper.WallPaperDataProvider,[],"{""detail"": ""Provider com.ss.android.ugc.aweme.livewallpaper.WallPaperDataProvider is exported but guarded by com.zhiliaoapp.musically.permission.wallpaper with protectionLevel=0x00000002, allowing broad callers.""}",Switch the provider permission to signature or signatureOrSystem or make the component private.,,,PLATFORM,ipc_components,,,69f05db91ac349538f69fcc3f8da9b9ebc913e8835b28dee5b86e8779a8b0099,2026-07-04 02:15:51,PLATFORM,
204467,5838,ipc_provider_world_com.ss.android.ugc.aweme.account.provider.OneTapLoginTokenProvider,FAIL,High,P0,PLATFORM,Exported provider without permission — com.ss.android.ugc.aweme.account.provider.OneTapLoginTokenProvider,[],"{""detail"": ""Content provider is exported without read/write permissions, allowing external processes to query data.""}",Declare readPermission and writePermission or mark the provider as private (exported=false).,,,PLATFORM,ipc_components,,,9bb8ae3667321fbe39616893b95b97154d6d6f2cdd2b48d542d1149201abc5a7,2026-07-04 02:15:51,PLATFORM,
204468,5838,ipc_provider_world_com.ss.android.ugc.aweme.account.provider.AccountInfoProvider,FAIL,High,P0,PLATFORM,Exported provider without permission — com.ss.android.ugc.aweme.account.provider.AccountInfoProvider,[],"{""detail"": ""Content provider is exported without read/write permissions, allowing external processes to query data.""}",Declare readPermission and writePermission or mark the provider as private (exported=false).,,,PLATFORM,ipc_components,,,9bb8ae3667321fbe39616893b95b97154d6d6f2cdd2b48d542d1149201abc5a7,2026-07-04 02:15:51,PLATFORM,
204469,5838,ipc_provider_world_com.ss.android.ugc.aweme.lemon.TTReferrerForLemon8Provider,FAIL,High,P0,PLATFORM,Exported provider without permission — com.ss.android.ugc.aweme.lemon.TTReferrerForLemon8Provider,[],"{""detail"": ""Content provider is exported without read/write permissions, allowing external processes to query data.""}",Declare readPermission and writePermission or mark the provider as private (exported=false).,,,PLATFORM,ipc_components,,,9bb8ae3667321fbe39616893b95b97154d6d6f2cdd2b48d542d1149201abc5a7,2026-07-04 02:15:51,PLATFORM,
204470,5838,ipc_service_open_com.ss.android.ugc.trill.account.TiktokAuthService,WARN,Medium,P1,PLATFORM,Exported service without permission,[],"{""detail"": ""Service com.ss.android.ugc.trill.account.TiktokAuthService is exported but does not declare android:permission.""}",Restrict the component with signature-level permissions or mark it non-exported unless explicitly required.,BASE-IPC-COMP-NO-ACL,8.0,PLATFORM,ipc_components,,,0b8d19e110c19f488d819811494dcfc4f686aaaa7c16cbe22285af3bd2d71c40,2026-07-04 02:15:51,PLATFORM,PLATFORM-IPC-1
204471,5838,ipc_receiver_open_com.appsflyer.MultipleInstallBroadcastReceiver,WARN,Medium,P1,PLATFORM,Exported receiver without permission,[],"{""detail"": ""Receiver com.appsflyer.MultipleInstallBroadcastReceiver is exported but does not declare android:permission.""}",Restrict the component with signature-level permissions or mark it non-exported unless explicitly required.,BASE-IPC-COMP-NO-ACL,8.0,PLATFORM,ipc_components,,,011d820893e2636658fa01abe77756ad78cd58374d6ae0bbbe54e928392982a0,2026-07-04 02:15:51,PLATFORM,PLATFORM-IPC-1
204472,5838,ipc_receiver_open_com.appsflyer.SingleInstallBroadcastReceiver,WARN,Medium,P1,PLATFORM,Exported receiver without permission,[],"{""detail"": ""Receiver com.appsflyer.SingleInstallBroadcastReceiver is exported but does not declare android:permission.""}",Restrict the component with signature-level permissions or mark it non-exported unless explicitly required.,BASE-IPC-COMP-NO-ACL,8.0,PLATFORM,ipc_components,,,e0475641449ee88217b07c984c08a80e36a355514ba9c40eaa98460326568e79,2026-07-04 02:15:51,PLATFORM,PLATFORM-IPC-1
204473,5838,ipc_receiver_open_com.ss.android.ugc.trill.abtest.impl.NotificationBroadcastReceiver,WARN,Medium,P1,PLATFORM,Exported receiver without permission,[],"{""detail"": ""Receiver com.ss.android.ugc.trill.abtest.impl.NotificationBroadcastReceiver is exported but does not declare android:permission.""}",Restrict the component with signature-level permissions or mark it non-exported unless explicitly required.,BASE-IPC-COMP-NO-ACL,8.0,PLATFORM,ipc_components,,,0c65bd1b584ea2a1b8d78e4bb6d346c9bb316821e6f7156c32c198f880157cb3,2026-07-04 02:15:51,PLATFORM,PLATFORM-IPC-1
204474,5838,ipc_receiver_open_com.ss.android.ugc.aweme.common.net.NetWorkStateReceiver,WARN,Medium,P1,PLATFORM,Exported receiver without permission,[],"{""detail"": ""Receiver com.ss.android.ugc.aweme.common.net.NetWorkStateReceiver is exported but does not declare android:permission.""}",Restrict the component with signature-level permissions or mark it non-exported unless explicitly required.,BASE-IPC-COMP-NO-ACL,8.0,PLATFORM,ipc_components,,,8a61de746c6b95d4e9904ba4c083893aa2a8754dbd4bf498f58f4a55b1e62ba0,2026-07-04 02:15:51,PLATFORM,PLATFORM-IPC-1
204475,5838,ipc_service_weak_permission_com.ss.android.ugc.aweme.tile.PublishTileService,WARN,Medium,P1,PLATFORM,Weak permission guard on exported service,[],"{""detail"": ""Service com.ss.android.ugc.aweme.tile.PublishTileService uses android.permission.BIND_QUICK_SETTINGS_TILE (protectionLevel=unspecified), which is insufficient for exported components.""}",Protect the component with a signature-level permission or mark it non-exported.,,,PLATFORM,ipc_components,,,05e36b2b11365e42b22512e93aa914d7eae7b3dac8d417c25ee7c29c62a77983,2026-07-04 02:15:51,PLATFORM,
204476,5838,ipc_service_weak_permission_com.ss.android.ugc.aweme.tile.HotVideoTileService,WARN,Medium,P1,PLATFORM,Weak permission guard on exported service,[],"{""detail"": ""Service com.ss.android.ugc.aweme.tile.HotVideoTileService uses android.permission.BIND_QUICK_SETTINGS_TILE (protectionLevel=unspecified), which is insufficient for exported components.""}",Protect the component with a signature-level permission or mark it non-exported.,,,PLATFORM,ipc_components,,,795654497dac51a4e4d3224af3c2dcce95a8e6bb57ebc5f25c855f156246b87b,2026-07-04 02:15:51,PLATFORM,
204477,5838,ipc_activity_open_com.ss.android.sdk.activity.BootstrapActivity,WARN,Medium,P1,PLATFORM,Exported activity without permission,[],"{""detail"": ""Activity com.ss.android.sdk.activity.BootstrapActivity is exported but does not declare android:permission.""}",Restrict the component with signature-level permissions or mark it non-exported unless explicitly required.,BASE-IPC-COMP-NO-ACL,8.0,PLATFORM,ipc_components,,,97fb41b2790cc94ed795f12ff138e4d11c600fc576fec31cbef321cf635fd097,2026-07-04 02:15:51,PLATFORM,PLATFORM-IPC-1
204478,5838,ipc_service_open_com.ss.android.message.NotifyService,WARN,Medium,P1,PLATFORM,Exported service without permission,[],"{""detail"": ""Service com.ss.android.message.NotifyService is exported but does not declare android:permission.""}",Restrict the component with signature-level permissions or mark it non-exported unless explicitly required.,BASE-IPC-COMP-NO-ACL,8.0,PLATFORM,ipc_components,,,7cc97846b91d1e266bb06827200009dae3fbed4e0a0b5e4612afca864cdb000b,2026-07-04 02:15:51,PLATFORM,PLATFORM-IPC-1
204479,5838,ipc_activity_open_com.ss.android.ugc.aweme.share.SystemShareActivity,WARN,Medium,P1,PLATFORM,Exported activity without permission,[],"{""detail"": ""Activity com.ss.android.ugc.aweme.share.SystemShareActivity is exported but does not declare android:permission.""}",Restrict the component with signature-level permissions or mark it non-exported unless explicitly required.,BASE-IPC-COMP-NO-ACL,8.0,PLATFORM,ipc_components,,,6c6dfe7f4e6e12fb70f16158981fd6005c72cb4b846d28f4595acb632346f2da,2026-07-04 02:15:51,PLATFORM,PLATFORM-IPC-1
204480,5838,ipc_activity_open_com.ss.android.ugc.aweme.share.linkshare.OpenLinkShareActivity,WARN,Medium,P1,PLATFORM,Exported activity without permission,[],"{""detail"": ""Activity com.ss.android.ugc.aweme.share.linkshare.OpenLinkShareActivity is exported but does not declare android:permission.""}",Restrict the component with signature-level permissions or mark it non-exported unless explicitly required.,BASE-IPC-COMP-NO-ACL,8.0,PLATFORM,ipc_components,,,d8d1c28ede25f811f7a825aee2a57ab30add02e00d1463fbb7708d6f795fb241,2026-07-04 02:15:51,PLATFORM,PLATFORM-IPC-1
204481,5838,ipc_activity_open_com.ss.android.ugc.aweme.share.linkshare.OpenLinkShareMainActivity,WARN,Medium,P1,PLATFORM,Exported activity without permission,[],"{""detail"": ""Activity com.ss.android.ugc.aweme.share.linkshare.OpenLinkShareMainActivity is exported but does not declare android:permission.""}",Restrict the component with signature-level permissions or mark it non-exported unless explicitly required.,BASE-IPC-COMP-NO-ACL,8.0,PLATFORM,ipc_components,,,2fc6180984627417aea95805e0a4603acfedb1e03fdba67907b935453043f06e,2026-07-04 02:15:51,PLATFORM,PLATFORM-IPC-1
204482,5838,ipc_service_permission_com.ss.android.ugc.aweme.tools.policysecurity.OriginalSoundUploadService,INFO,Low,P2,PLATFORM,Exported service gated by android.permission.BIND_JOB_SERVICE,[],"{""detail"": ""Exported service relies on android.permission.BIND_JOB_SERVICE (protectionLevel=signature).""}",Document the permission contract and monitor for unexpected callers.,BASE-IPC-EXPORTED-WITH-PERM,2.5,PLATFORM,ipc_components,,,010feff1d370cdde2b30a44baa245760ecc86f7b41a538afeb48267dd5a387b4,2026-07-04 02:15:51,PLATFORM,PLATFORM-IPC-1
204483,5838,ipc_service_permission_com.ss.android.ugc.aweme.tools.extract.video.VideoFramesUploadService,INFO,Low,P2,PLATFORM,Exported service gated by android.permission.BIND_JOB_SERVICE,[],"{""detail"": ""Exported service relies on android.permission.BIND_JOB_SERVICE (protectionLevel=signature).""}",Document the permission contract and monitor for unexpected callers.,BASE-IPC-EXPORTED-WITH-PERM,2.5,PLATFORM,ipc_components,,,010feff1d370cdde2b30a44baa245760ecc86f7b41a538afeb48267dd5a387b4,2026-07-04 02:15:51,PLATFORM,PLATFORM-IPC-1
204484,5838,ipc_activity_open_com.ss.android.ugc.aweme.shortvideo.ui.VideoRecordPermissionActivity,WARN,Medium,P1,PLATFORM,Exported activity without permission,[],"{""detail"": ""Activity com.ss.android.ugc.aweme.shortvideo.ui.VideoRecordPermissionActivity is exported but does not declare android:permission.""}",Restrict the component with signature-level permissions or mark it non-exported unless explicitly required.,BASE-IPC-COMP-NO-ACL,8.0,PLATFORM,ipc_components,,,d00306109ed84dae1f0f9fc7728bf66b5992aef129aee6ec3467024b93b48c2c,2026-07-04 02:15:51,PLATFORM,PLATFORM-IPC-1
204485,5838,ipc_activity_open_com.ss.android.ugc.gamora.recorder.sticker.aigc.AIGCGenerationDraftCompatActivity,WARN,Medium,P1,PLATFORM,Exported activity without permission,[],"{""detail"": ""Activity com.ss.android.ugc.gamora.recorder.sticker.aigc.AIGCGenerationDraftCompatActivity is exported but does not declare android:permission.""}",Restrict the component with signature-level permissions or mark it non-exported unless explicitly required.,BASE-IPC-COMP-NO-ACL,8.0,PLATFORM,ipc_components,,,db3a7e71ca2010ca0f0e25b035b08250c0eff94cb7c12307a7cba6e7f48268ce,2026-07-04 02:15:51,PLATFORM,PLATFORM-IPC-1
204486,5838,ipc_service_open_com.ss.android.ugc.tiktok.samsungfinder.SamsungSearchTikTokBrowserService,WARN,Medium,P1,PLATFORM,Exported service without permission,[],"{""detail"": ""Service com.ss.android.ugc.tiktok.samsungfinder.SamsungSearchTikTokBrowserService is exported but does not declare android:permission.""}",Restrict the component with signature-level permissions or mark it non-exported unless explicitly required.,BASE-IPC-COMP-NO-ACL,8.0,PLATFORM,ipc_components,,,3104bea095cbe045b3ff4e4058b3f9eb684a6fa8b3e9f815408c9060e95efcf9,2026-07-04 02:15:51,PLATFORM,PLATFORM-IPC-1
204487,5838,ipc_receiver_open_com.ss.android.ugc.aweme.cubes.engage.EngageBroadcastReceiver,WARN,Medium,P1,PLATFORM,Exported receiver without permission,[],"{""detail"": ""Receiver com.ss.android.ugc.aweme.cubes.engage.EngageBroadcastReceiver is exported but does not declare android:permission.""}",Restrict the component with signature-level permissions or mark it non-exported unless explicitly required.,BASE-IPC-COMP-NO-ACL,8.0,PLATFORM,ipc_components,,,649d342a8d762e17f57fd57332f6f162d0e27ce84790c6b275395cf18cc87e4b,2026-07-04 02:15:51,PLATFORM,PLATFORM-IPC-1
204488,5838,ipc_provider_world_com.ss.android.ugc.aweme.drama.app.referrer.DramaTTReferrerProvider,FAIL,High,P0,PLATFORM,Exported provider without permission — com.ss.android.ugc.aweme.drama.app.referrer.DramaTTReferrerProvider,[],"{""detail"": ""Content provider is exported without read/write permissions, allowing external processes to query data.""}",Declare readPermission and writePermission or mark the provider as private (exported=false).,,,PLATFORM,ipc_components,,,9bb8ae3667321fbe39616893b95b97154d6d6f2cdd2b48d542d1149201abc5a7,2026-07-04 02:15:51,PLATFORM,
204489,5838,ipc_activity_open_com.bytedance.android.livesdk.game.broadcast.mirror.activity.UsbSourceProxyActivity,WARN,Medium,P1,PLATFORM,Exported activity without permission,[],"{""detail"": ""Activity com.bytedance.android.livesdk.game.broadcast.mirror.activity.UsbSourceProxyActivity is exported but does not declare android:permission.""}",Restrict the component with signature-level permissions or mark it non-exported unless explicitly required.,BASE-IPC-COMP-NO-ACL,8.0,PLATFORM,ipc_components,,,f2b8f6a7cf2e61a7aedbab66429af375c0adba9d11ec89cfc791640b21e3f5f3,2026-07-04 02:15:51,PLATFORM,PLATFORM-IPC-1
204490,5838,ipc_activity_open_com.byted.cast.usbsource.usbdisplaysource.UsbSourceActivity,WARN,Medium,P1,PLATFORM,Exported activity without permission,[],"{""detail"": ""Activity com.byted.cast.usbsource.usbdisplaysource.UsbSourceActivity is exported but does not declare android:permission.""}",Restrict the component with signature-level permissions or mark it non-exported unless explicitly required.,BASE-IPC-COMP-NO-ACL,8.0,PLATFORM,ipc_components,,,70bd00bd15431e0f937b211f771e870d9e819378c5bc8d8d2d9a8af6bb56cd90,2026-07-04 02:15:51,PLATFORM,PLATFORM-IPC-1
204491,5838,ipc_activity_open_com.ss.android.ugc.tiktok.pns.privacy.setting.paprompt.ui.PaPromptContainerActivity,WARN,Medium,P1,PLATFORM,Exported activity without permission,[],"{""detail"": ""Activity com.ss.android.ugc.tiktok.pns.privacy.setting.paprompt.ui.PaPromptContainerActivity is exported but does not declare android:permission.""}",Restrict the component with signature-level permissions or mark it non-exported unless explicitly required.,BASE-IPC-COMP-NO-ACL,8.0,PLATFORM,ipc_components,,,30be88e75dcbb3df8e785056b6c8c713ed2271c3a89dde466a0a421a399d1367,2026-07-04 02:15:51,PLATFORM,PLATFORM-IPC-1
204492,5838,ipc_activity_open_com.zhiliaoapp.musically.openauthorize.AwemeAuthorizedActivity,WARN,Medium,P1,PLATFORM,Exported activity without permission,[],"{""detail"": ""Activity com.zhiliaoapp.musically.openauthorize.AwemeAuthorizedActivity is exported but does not declare android:permission.""}",Restrict the component with signature-level permissions or mark it non-exported unless explicitly required.,BASE-IPC-COMP-NO-ACL,8.0,PLATFORM,ipc_components,,,46e69d36f07cf970e7a928fd91b1040cc1ae49389fab0ab16f6c64d8e14bd907,2026-07-04 02:15:51,PLATFORM,PLATFORM-IPC-1
204493,5838,ipc_activity_open_com.aweme.account.login.OTLIntentHandlerActivity,WARN,Medium,P1,PLATFORM,Exported activity without permission,[],"{""detail"": ""Activity com.aweme.account.login.OTLIntentHandlerActivity is exported but does not declare android:permission.""}",Restrict the component with signature-level permissions or mark it non-exported unless explicitly required.,BASE-IPC-COMP-NO-ACL,8.0,PLATFORM,ipc_components,,,4fdd9746a50301f4024ef3483accaf8b15a75abcbde049287dede87ebcd0c55b,2026-07-04 02:15:51,PLATFORM,PLATFORM-IPC-1
204494,5838,ipc_provider_world_com.facebook.FacebookContentProvider,FAIL,High,P0,PLATFORM,Exported provider without permission — com.facebook.FacebookContentProvider,[],"{""detail"": ""Content provider is exported without read/write permissions, allowing external processes to query data.""}",Declare readPermission and writePermission or mark the provider as private (exported=false).,,,PLATFORM,ipc_components,,,9bb8ae3667321fbe39616893b95b97154d6d6f2cdd2b48d542d1149201abc5a7,2026-07-04 02:15:51,PLATFORM,
204495,5838,ipc_activity_open_com.ss.android.ugc.aweme.deeplink.DeepLinkActivityV2,WARN,Medium,P1,PLATFORM,Exported activity without permission,[],"{""detail"": ""Activity com.ss.android.ugc.aweme.deeplink.DeepLinkActivityV2 is exported but does not declare android:permission.""}",Restrict the component with signature-level permissions or mark it non-exported unless explicitly required.,BASE-IPC-COMP-NO-ACL,8.0,PLATFORM,ipc_components,,,0ef658856ec75b025d59bd3c2c09ff18dacb8bee6ee47b013b9328d64dbc7f7f,2026-07-04 02:15:51,PLATFORM,PLATFORM-IPC-1
204496,5838,ipc_activity_open_com.ss.android.ugc.aweme.deeplink.AppLinkHandlerV2,WARN,Medium,P1,PLATFORM,Exported activity without permission,[],"{""detail"": ""Activity com.ss.android.ugc.aweme.deeplink.AppLinkHandlerV2 is exported but does not declare android:permission.""}",Restrict the component with signature-level permissions or mark it non-exported unless explicitly required.,BASE-IPC-COMP-NO-ACL,8.0,PLATFORM,ipc_components,,,0414fd6c65e514d7895896c78cc933adf4a9b226751fe64b45af275fcfdece58,2026-07-04 02:15:51,PLATFORM,PLATFORM-IPC-1
204497,5838,ipc_activity_open_com.ss.n_project.opensdk_tt.ui.Lemon8AuthActivity,WARN,Medium,P1,PLATFORM,Exported activity without permission,[],"{""detail"": ""Activity com.ss.n_project.opensdk_tt.ui.Lemon8AuthActivity is exported but does not declare android:permission.""}",Restrict the component with signature-level permissions or mark it non-exported unless explicitly required.,BASE-IPC-COMP-NO-ACL,8.0,PLATFORM,ipc_components,,,a0cb025b9b5aed9ba0d7c6275c903816ac16c7bdd3d7ff4c97c258b5a621a505,2026-07-04 02:15:51,PLATFORM,PLATFORM-IPC-1
204498,5838,ipc_activity_open_com.ss.n_project.opensdk_tt.ui.WebAuthActivity,WARN,Medium,P1,PLATFORM,Exported activity without permission,[],"{""detail"": ""Activity com.ss.n_project.opensdk_tt.ui.WebAuthActivity is exported but does not declare android:permission.""}",Restrict the component with signature-level permissions or mark it non-exported unless explicitly required.,BASE-IPC-COMP-NO-ACL,8.0,PLATFORM,ipc_components,,,c2a3afe8de8570f38293527fe0d543da1a47fffca74340df053018af31a540f8,2026-07-04 02:15:51,PLATFORM,PLATFORM-IPC-1
204499,5838,ipc_activity_open_com.tokopedia.loginkit.view.LoginLauncherActivity,WARN,Medium,P1,PLATFORM,Exported activity without permission,[],"{""detail"": ""Activity com.tokopedia.loginkit.view.LoginLauncherActivity is exported but does not declare android:permission.""}",Restrict the component with signature-level permissions or mark it non-exported unless explicitly required.,BASE-IPC-COMP-NO-ACL,8.0,PLATFORM,ipc_components,,,d3c607ccface40d3bdcc7f89e7af046734a1bacbe3837f83a99bb6c01682d7b0,2026-07-04 02:15:51,PLATFORM,PLATFORM-IPC-1
204500,5838,ipc_provider_permission_weak_com.bytedance.preinstall.attribution.provider.PreinstallAttributionProvider,FAIL,High,P0,PLATFORM,Weak guard on exported provider — com.bytedance.preinstall.attribution.provider.PreinstallAttributionProvider,[],"{""detail"": ""Provider com.bytedance.preinstall.attribution.provider.PreinstallAttributionProvider is exported but guarded by com.zhiliaoapp.musically.permission.ATTRIBUTION_INFO with protectionLevel=0x00000002, allowing broad callers.""}",Switch the provider permission to signature or signatureOrSystem or make the component private.,,,PLATFORM,ipc_components,,,15f3294ce788494ab911cb93ba3c06b97c1f97a5e45f51744c5b75584024612f,2026-07-04 02:15:51,PLATFORM,
204501,5838,ipc_activity_open_com.facebook.CustomTabActivity,WARN,Medium,P1,PLATFORM,Exported activity without permission,[],"{""detail"": ""Activity com.facebook.CustomTabActivity is exported but does not declare android:permission.""}",Restrict the component with signature-level permissions or mark it non-exported unless explicitly required.,BASE-IPC-COMP-NO-ACL,8.0,PLATFORM,ipc_components,,,f336aaec87d3972139271c9f7ef40e98388abc5a281b3ed123351887b46a2fd1,2026-07-04 02:15:51,PLATFORM,PLATFORM-IPC-1
204502,5838,ipc_activity_open_com.bytedance.globalpayment.googlepayapi.PIPOPayActivity,WARN,Medium,P1,PLATFORM,Exported activity without permission,[],"{""detail"": ""Activity com.bytedance.globalpayment.googlepayapi.PIPOPayActivity is exported but does not declare android:permission.""}",Restrict the component with signature-level permissions or mark it non-exported unless explicitly required.,BASE-IPC-COMP-NO-ACL,8.0,PLATFORM,ipc_components,,,844ce6ac5eb116eea25efcc84df3a8ef1027e79d29cbdd86887d6af93007b9de,2026-07-04 02:15:51,PLATFORM,PLATFORM-IPC-1
204503,5838,ipc_receiver_open_com.ss.android.push.window.oppo.ScreenReceiver,WARN,Medium,P1,PLATFORM,Exported receiver without permission,[],"{""detail"": ""Receiver com.ss.android.push.window.oppo.ScreenReceiver is exported but does not declare android:permission.""}",Restrict the component with signature-level permissions or mark it non-exported unless explicitly required.,BASE-IPC-COMP-NO-ACL,8.0,PLATFORM,ipc_components,,,b910af267f5a80e1763d2b10cb7f659de4b7371da22943147bcbdb23bd71138d,2026-07-04 02:15:51,PLATFORM,PLATFORM-IPC-1
204504,5838,ipc_receiver_weak_permission_com.google.firebase.iid.FirebaseInstanceIdReceiver,WARN,Medium,P1,PLATFORM,Weak permission guard on exported receiver,[],"{""detail"": ""Receiver com.google.firebase.iid.FirebaseInstanceIdReceiver uses com.google.android.c2dm.permission.SEND (protectionLevel=unspecified), which is insufficient for exported components.""}",Protect the component with a signature-level permission or mark it non-exported.,,,PLATFORM,ipc_components,,,801a80d1d4bf8adabab2d6125f2ede620061207fdfa45b7458a8fc4129d8acec,2026-07-04 02:15:51,PLATFORM,
204505,5838,ipc_service_weak_permission_com.google.android.gms.auth.api.signin.RevocationBoundService,WARN,Medium,P1,PLATFORM,Weak permission guard on exported service,[],"{""detail"": ""Service com.google.android.gms.auth.api.signin.RevocationBoundService uses com.google.android.gms.auth.api.signin.permission.REVOCATION_NOTIFICATION (protectionLevel=unspecified), which is insufficient for exported components.""}",Protect the component with a signature-level permission or mark it non-exported.,,,PLATFORM,ipc_components,,,333620b6726a9959216b7d765dc48d0cdfd4b817f914fe21914e4a734b970792,2026-07-04 02:15:51,PLATFORM,
204506,5838,ipc_service_permission_androidx.work.impl.background.systemjob.SystemJobService,INFO,Low,P2,PLATFORM,Exported service gated by android.permission.BIND_JOB_SERVICE,[],"{""detail"": ""Exported service relies on android.permission.BIND_JOB_SERVICE (protectionLevel=signature).""}",Document the permission contract and monitor for unexpected callers.,BASE-IPC-EXPORTED-WITH-PERM,2.5,PLATFORM,ipc_components,,,010feff1d370cdde2b30a44baa245760ecc86f7b41a538afeb48267dd5a387b4,2026-07-04 02:15:51,PLATFORM,PLATFORM-IPC-1
204507,5838,ipc_receiver_weak_permission_androidx.work.impl.diagnostics.DiagnosticsReceiver,WARN,Medium,P1,PLATFORM,Weak permission guard on exported receiver,[],"{""detail"": ""Receiver androidx.work.impl.diagnostics.DiagnosticsReceiver uses android.permission.DUMP (protectionLevel=unspecified), which is insufficient for exported components.""}",Protect the component with a signature-level permission or mark it non-exported.,,,PLATFORM,ipc_components,,,9941e0eccdf7d3b4774f715de75a66f6bc0c3a6738cde28ebf468fc203a6652b,2026-07-04 02:15:51,PLATFORM,
204508,5838,ipc_receiver_open_androidx.core.telecom.internal.MuteStateReceiver,WARN,Medium,P1,PLATFORM,Exported receiver without permission,[],"{""detail"": ""Receiver androidx.core.telecom.internal.MuteStateReceiver is exported but does not declare android:permission.""}",Restrict the component with signature-level permissions or mark it non-exported unless explicitly required.,BASE-IPC-COMP-NO-ACL,8.0,PLATFORM,ipc_components,,,594a5224ef269bbcf4a3a213b8590b5894b586e28a3696e2ea749dc1c691c473,2026-07-04 02:15:51,PLATFORM,PLATFORM-IPC-1
204509,5838,ipc_service_permission_androidx.core.telecom.internal.JetpackConnectionService,INFO,Low,P2,PLATFORM,Exported service gated by android.permission.BIND_TELECOM_CONNECTION_SERVICE,[],"{""detail"": ""Exported service relies on android.permission.BIND_TELECOM_CONNECTION_SERVICE (protectionLevel=signature/privileged).""}",Document the permission contract and monitor for unexpected callers.,BASE-IPC-EXPORTED-WITH-PERM,2.5,PLATFORM,ipc_components,,,7a45fc21bd8fdd8b769d284d30bf894cd5d50227f985ba708b632b5de11cbe43,2026-07-04 02:15:51,PLATFORM,PLATFORM-IPC-1
204510,5838,ipc_service_weak_permission_com.coloros.service.OppoMessageHandleService,WARN,Medium,P1,PLATFORM,Weak permission guard on exported service,[],"{""detail"": ""Service com.coloros.service.OppoMessageHandleService uses com.heytap.mcs.permission.SEND_PUSH_MESSAGE (protectionLevel=unspecified), which is insufficient for exported components.""}",Protect the component with a signature-level permission or mark it non-exported.,,,PLATFORM,ipc_components,,,cc1a3082157e5c54f340ca97f136421cad062b416fcbc055d24c91b12ae7efa3,2026-07-04 02:15:51,PLATFORM,
204511,5838,ipc_service_weak_permission_com.coloros.service.CompatibleOppoMessageHandleService,WARN,Medium,P1,PLATFORM,Weak permission guard on exported service,[],"{""detail"": ""Service com.coloros.service.CompatibleOppoMessageHandleService uses com.coloros.mcs.permission.SEND_MCS_MESSAGE (protectionLevel=unspecified), which is insufficient for exported components.""}",Protect the component with a signature-level permission or mark it non-exported.,,,PLATFORM,ipc_components,,,7c07afca91b99b4e17f04b8dbbe714da5b6f0da81b28f70222990e3282a8b990,2026-07-04 02:15:51,PLATFORM,
204512,5838,ipc_activity_open_com.ss.android.account.share.data.write.activity.ShareDataActivity,WARN,Medium,P1,PLATFORM,Exported activity without permission,[],"{""detail"": ""Activity com.ss.android.account.share.data.write.activity.ShareDataActivity is exported but does not declare android:permission.""}",Restrict the component with signature-level permissions or mark it non-exported unless explicitly required.,BASE-IPC-COMP-NO-ACL,8.0,PLATFORM,ipc_components,,,5b4a329212485fa6f1684d134f1454790a7974503630ef4cc0450d7490e70acb,2026-07-04 02:15:51,PLATFORM,PLATFORM-IPC-1
204513,5838,ipc_provider_world_com.ss.android.account.share.data.write.provider.SecShareDataProvider,FAIL,High,P0,PLATFORM,Exported provider without permission — com.ss.android.account.share.data.write.provider.SecShareDataProvider,[],"{""detail"": ""Content provider is exported without read/write permissions, allowing external processes to query data.""}",Declare readPermission and writePermission or mark the provider as private (exported=false).,,,PLATFORM,ipc_components,,,9bb8ae3667321fbe39616893b95b97154d6d6f2cdd2b48d542d1149201abc5a7,2026-07-04 02:15:51,PLATFORM,
204514,5838,ipc_receiver_weak_permission_com.adm.push.ADMMessageHandler$Receiver,WARN,Medium,P1,PLATFORM,Weak permission guard on exported receiver,[],"{""detail"": ""Receiver com.adm.push.ADMMessageHandler$Receiver uses com.amazon.device.messaging.permission.SEND (protectionLevel=unspecified), which is insufficient for exported components.""}",Protect the component with a signature-level permission or mark it non-exported.,,,PLATFORM,ipc_components,,,56c1ff0c51d3e138f550a69c6bc5d921ae131f8d1ef8e97957df6e84450156ac,2026-07-04 02:15:51,PLATFORM,
204515,5838,ipc_service_open_com.heytap.msp.push.service.DataMessageReceivingService,WARN,Medium,P1,PLATFORM,Exported service without permission,[],"{""detail"": ""Service com.heytap.msp.push.service.DataMessageReceivingService is exported but does not declare android:permission.""}",Restrict the component with signature-level permissions or mark it non-exported unless explicitly required.,BASE-IPC-COMP-NO-ACL,8.0,PLATFORM,ipc_components,,,b54c3f157bb46c6c02b4702a0b934236e2d256c38b07dad1165b12d1808313e1,2026-07-04 02:15:51,PLATFORM,PLATFORM-IPC-1
204516,5838,ipc_activity_open_com.ss.android.ugc.aweme.pipo.payments.braintree.PayPalTransitionActivity,WARN,Medium,P1,PLATFORM,Exported activity without permission,[],"{""detail"": ""Activity com.ss.android.ugc.aweme.pipo.payments.braintree.PayPalTransitionActivity is exported but does not declare android:permission.""}",Restrict the component with signature-level permissions or mark it non-exported unless explicitly required.,BASE-IPC-COMP-NO-ACL,8.0,PLATFORM,ipc_components,,,5b328926fbc8cdb5f121cead7784a9c74df33ada278af3ee7f81257365c12f10,2026-07-04 02:15:51,PLATFORM,PLATFORM-IPC-1
204517,5838,ipc_activity_open_com.ss.android.ugc.aweme.pipo.payments.braintree.VenmoTransitionActivity,WARN,Medium,P1,PLATFORM,Exported activity without permission,[],"{""detail"": ""Activity com.ss.android.ugc.aweme.pipo.payments.braintree.VenmoTransitionActivity is exported but does not declare android:permission.""}",Restrict the component with signature-level permissions or mark it non-exported unless explicitly required.,BASE-IPC-COMP-NO-ACL,8.0,PLATFORM,ipc_components,,,3856ecd9f2433f2eac4d3b15b5cbd4bc8812cdbd96dc3ee3aa83908a42b62e33,2026-07-04 02:15:51,PLATFORM,PLATFORM-IPC-1
204518,5838,ipc_activity_open_com.braintreepayments.api.BraintreeDeepLinkActivity,WARN,Medium,P1,PLATFORM,Exported activity without permission,[],"{""detail"": ""Activity com.braintreepayments.api.BraintreeDeepLinkActivity is exported but does not declare android:permission.""}",Restrict the component with signature-level permissions or mark it non-exported unless explicitly required.,BASE-IPC-COMP-NO-ACL,8.0,PLATFORM,ipc_components,,,765d4c77ccc474e457de26bba88b4d8f3c27c7b467f9cfdf9e0e338b05c5998c,2026-07-04 02:15:51,PLATFORM,PLATFORM-IPC-1
204519,5838,ipc_service_permission_com.ss.android.ugc.aweme.livewallpaper.AmeLiveWallpaper,INFO,Low,P2,PLATFORM,Exported service gated by android.permission.BIND_WALLPAPER,[],"{""detail"": ""Exported service relies on android.permission.BIND_WALLPAPER (protectionLevel=signature/privileged).""}",Document the permission contract and monitor for unexpected callers.,BASE-IPC-EXPORTED-WITH-PERM,2.5,PLATFORM,ipc_components,,,1bbc5a3f510e54efa6c62ac8af72f3a6bc33951855e8d86ad04598e5f26ac95a,2026-07-04 02:15:51,PLATFORM,PLATFORM-IPC-1
204520,5838,ipc_activity_open_com.bytedance.effectcreatormobile.creatortiktok.preview.CKENewEffectEditorActivity,WARN,Medium,P1,PLATFORM,Exported activity without permission,[],"{""detail"": ""Activity com.bytedance.effectcreatormobile.creatortiktok.preview.CKENewEffectEditorActivity is exported but does not declare android:permission.""}",Restrict the component with signature-level permissions or mark it non-exported unless explicitly required.,BASE-IPC-COMP-NO-ACL,8.0,PLATFORM,ipc_components,,,b33fe5dc50c3dd643dde523e9686adb1d7798cc89cf5eb98b0ef8ee3b0a92cbe,2026-07-04 02:15:51,PLATFORM,PLATFORM-IPC-1
204521,5838,ipc_activity_open_com.bytedance.effectcreatormobile.effectimgcreator.EffectImgCreatorActivity,WARN,Medium,P1,PLATFORM,Exported activity without permission,[],"{""detail"": ""Activity com.bytedance.effectcreatormobile.effectimgcreator.EffectImgCreatorActivity is exported but does not declare android:permission.""}",Restrict the component with signature-level permissions or mark it non-exported unless explicitly required.,BASE-IPC-COMP-NO-ACL,8.0,PLATFORM,ipc_components,,,8edf341e0d908c9b54678c66474e989d409424d1ec0c659713527d6ed4047781,2026-07-04 02:15:51,PLATFORM,PLATFORM-IPC-1
204522,5838,ipc_activity_open_com.bytedance.pipo.checkout.sdk.internal.CheckoutActivity,WARN,Medium,P1,PLATFORM,Exported activity without permission,[],"{""detail"": ""Activity com.bytedance.pipo.checkout.sdk.internal.CheckoutActivity is exported but does not declare android:permission.""}",Restrict the component with signature-level permissions or mark it non-exported unless explicitly required.,BASE-IPC-COMP-NO-ACL,8.0,PLATFORM,ipc_components,,,0d8a0f8608696d2321892b9b96925f86a80c15be0dfa41fc79f2d70abfdeb44f,2026-07-04 02:15:51,PLATFORM,PLATFORM-IPC-1
204523,5838,ipc_activity_open_com.bytedance.pipo.checkout.sdk.internal.PIManagementActivity,WARN,Medium,P1,PLATFORM,Exported activity without permission,[],"{""detail"": ""Activity com.bytedance.pipo.checkout.sdk.internal.PIManagementActivity is exported but does not declare android:permission.""}",Restrict the component with signature-level permissions or mark it non-exported unless explicitly required.,BASE-IPC-COMP-NO-ACL,8.0,PLATFORM,ipc_components,,,aa069dc6e1efb378d46e473ab9f9f5f7566f1c375b2601740f4c0c4c60aa26e8,2026-07-04 02:15:51,PLATFORM,PLATFORM-IPC-1
204524,5838,provider_world_com.ss.android.ugc.aweme.tools.draft.DraftFileProvider,FAIL,High,P0,PLATFORM,Exported provider without ACL — com.ss.android.ugc.aweme.tools.draft.DraftFileProvider,[],"{""detail"": ""Exported provider lacks read/write permissions; content is globally accessible to other apps.""}",Set readPermission/writePermission or mark the provider private.,,,PLATFORM,provider_acl,,,008494c2f7638393221f57d8441724a50de6390c1b5d5895af71896bd2330764,2026-07-04 02:15:51,PLATFORM,
204525,5838,provider_world_com.ss.android.ugc.aweme.lemon.TTReferrerForLemon8Provider,FAIL,High,P0,PLATFORM,Exported provider without ACL — com.ss.android.ugc.aweme.lemon.TTReferrerForLemon8Provider,[],"{""detail"": ""Exported provider lacks read/write permissions; content is globally accessible to other apps.""}",Set readPermission/writePermission or mark the provider private.,,,PLATFORM,provider_acl,,,008494c2f7638393221f57d8441724a50de6390c1b5d5895af71896bd2330764,2026-07-04 02:15:51,PLATFORM,
204526,5838,provider_world_com.ss.android.ugc.aweme.drama.app.referrer.DramaTTReferrerProvider,FAIL,High,P0,PLATFORM,Exported provider without ACL — com.ss.android.ugc.aweme.drama.app.referrer.DramaTTReferrerProvider,[],"{""detail"": ""Exported provider lacks read/write permissions; content is globally accessible to other apps.""}",Set readPermission/writePermission or mark the provider private.,,,PLATFORM,provider_acl,,,008494c2f7638393221f57d8441724a50de6390c1b5d5895af71896bd2330764,2026-07-04 02:15:51,PLATFORM,
204527,5838,provider_world_com.facebook.FacebookContentProvider,FAIL,High,P0,PLATFORM,Exported provider without ACL — com.facebook.FacebookContentProvider,[],"{""detail"": ""Exported provider lacks read/write permissions; content is globally accessible to other apps.""}",Set readPermission/writePermission or mark the provider private.,,,PLATFORM,provider_acl,,,008494c2f7638393221f57d8441724a50de6390c1b5d5895af71896bd2330764,2026-07-04 02:15:51,PLATFORM,
204528,5838,provider_world_com.ss.android.account.share.data.write.provider.SecShareDataProvider,FAIL,High,P0,PLATFORM,Exported provider without ACL — com.ss.android.account.share.data.write.provider.SecShareDataProvider,[],"{""detail"": ""Exported provider lacks read/write permissions; content is globally accessible to other apps.""}",Set readPermission/writePermission or mark the provider private.,,,PLATFORM,provider_acl,,,008494c2f7638393221f57d8441724a50de6390c1b5d5895af71896bd2330764,2026-07-04 02:15:51,PLATFORM,
204529,5838,storage_allow_backup,WARN,Medium,P1,STORAGE,Application allows Android backup,[],"{""detail"": ""android:allowBackup is true; user data may leak via adb backup.""}",Disable backups or provide custom BackupAgent filtering secrets.,,,STORAGE,storage_backup,,,b9cd119277283edf2e7f596f5768300bcfef5ff9148da23ee73f1590fd01c6ce,2026-07-04 02:15:51,STORAGE,
204530,5838,storage_legacy_external,WARN,Medium,P1,STORAGE,Legacy external storage requested,[],"{""detail"": ""requestLegacyExternalStorage=true keeps scoped storage disabled.""}",Adopt scoped storage or justify legacy flag for backwards compatibility.,BASE-STO-LEGACY,3.9,STORAGE,storage_backup,,,cec868bb8d34b55d4d2efee6ea48714483e7f1ede6c5bd058d5a325bbf6b7f80,2026-07-04 02:15:51,STORAGE,STORAGE-2
204531,5838,storage_sensitive_keys,INFO,Low,P2,STORAGE,Potential sensitive preference keys,[],"{""path"": ""/home/secadmin/Laughlin/GitHub/ScytaleDroid/data/store/apk/sha256/60/60c7b19cf0dfd1b6254d59b425e8417039c2151f55a4b9fe5c22b5972840eb5f.apk!string[classes31.dex]"", ""detail"": ""Keys referencing tokens/secrets detected in resources or code."", ""entries"": [{""description"": ""Potential sensitive key '! MessageQueue::mNextBarrierToken:'"", ""hash_short"": ""#h:7bcdd3ac"", ""location"": ""/home/secadmin/Laughlin/GitHub/ScytaleDroid/data/store/apk/sha256/60/60c7b19cf0dfd1b6254d59b425e8417039c2151f55a4b9fe5c22b5972840eb5f.apk!string[classes31.dex]""}, {""description"": ""Potential sensitive key 'accessToken:'"", ""hash_short"": ""#h:bdfab3ff"", ""location"": ""/home/secadmin/Laughlin/GitHub/ScytaleDroid/data/store/apk/sha256/60/60c7b19cf0dfd1b6254d59b425e8417039c2151f55a4b9fe5c22b5972840eb5f.apk!string[classes31.dex]""}, {""description"": ""Potential sensitive key 'dTokenSign ='"", ""hash_short"": ""#h:595d309f"", ""location"": ""/home/secadmin/Laughlin/GitHub/ScytaleDroid/data/store/apk/sha256/60/60c7b19cf0dfd1b6254d59b425e8417039c2151f55a4b9fe5c22b5972840eb5f.apk!string[classes31.dex]""}, {""description"": ""Potential sensitive key 'deviceToken ='"", ""hash_short"": ""#h:3137ac48"", ""location"": ""/home/secadmin/Laughlin/GitHub/ScytaleDroid/data/store/apk/sha256/60/60c7b19cf0dfd1b6254d59b425e8417039c2151f55a4b9fe5c22b5972840eb5f.apk!string[classes31.dex]""}, {""description"": ""Potential sensitive key 'tokenCreationEpochInSecs'"", ""hash_short"": ""#h:f98c600e"", ""location"": ""/home/secadmin/Laughlin/GitHub/ScytaleDroid/data/store/apk/sha256/60/60c7b19cf0dfd1b6254d59b425e8417039c2151f55a4b9fe5c22b5972840eb5f.apk!string[classes31.dex]""}]}",Ensure sensitive tokens are encrypted or stored within Android Keystore-backed preferences.,,,STORAGE,storage_backup,,,1f7ad67ab6b6e432a4afbeb1cf03fc2510f3c7dc7ebe2664935d9318a451af12,2026-07-04 02:15:51,STORAGE,
204532,5838,dfir_permission_hypothesis,INFO,Info,NOTE,PRIVACY,Permissions imply sensitive runtime stores,[],"{""detail"": ""Dangerous permissions map to likely on-device data locations.""}",Plan minimal adb pulls to validate the presence of these artefacts after dynamic testing.,,,PRIVACY,dfir_hints,,,636d01ce20e111541057203bd363f5e2cdb7bd0ab2b7842a4e8d2a47d12c2fbd,2026-07-04 02:15:51,PRIVACY,
204533,5838,webview_add_javascript_interface,WARN,Medium,P1,NETWORK,JavaScript interface exposed,"[""webview"", ""add_javascript_interface""]","{""path"": ""/home/secadmin/Laughlin/GitHub/ScytaleDroid/data/store/apk/sha256/60/60c7b19cf0dfd1b6254d59b425e8417039c2151f55a4b9fe5c22b5972840eb5f.apk!string[classes31.dex]"", ""detail"": ""addJavascriptInterface allows Java objects to be callable from JS."", ""entries"": [{""description"": ""add_javascript_interface in classes31.dex"", ""hash_short"": ""#h:300e4fc4"", ""location"": ""/home/secadmin/Laughlin/GitHub/ScytaleDroid/data/store/apk/sha256/60/60c7b19cf0dfd1b6254d59b425e8417039c2151f55a4b9fe5c22b5972840eb5f.apk!string[classes31.dex]""}]}",Annotate interfaces with @JavascriptInterface and restrict to trusted content.,,,NETWORK,webview_hygiene,,,d4b80aaa36b06a49af3c6a4c0b4eade9f73bff55bbcc91786dd99e17875fdac4,2026-07-04 02:15:51,NETWORK,
204534,5838,webview_javascript_enabled,INFO,Low,P2,NETWORK,JavaScript explicitly enabled,"[""webview"", ""javascript_enabled""]","{""path"": ""/home/secadmin/Laughlin/GitHub/ScytaleDroid/data/store/apk/sha256/60/60c7b19cf0dfd1b6254d59b425e8417039c2151f55a4b9fe5c22b5972840eb5f.apk!string[classes31.dex]"", ""detail"": ""WebView JavaScript execution increases XSS risk; review content sources."", ""entries"": [{""description"": ""javascript_enabled in classes31.dex"", ""hash_short"": ""#h:3038483d"", ""location"": ""/home/secadmin/Laughlin/GitHub/ScytaleDroid/data/store/apk/sha256/60/60c7b19cf0dfd1b6254d59b425e8417039c2151f55a4b9fe5c22b5972840eb5f.apk!string[classes31.dex]""}]}",Only enable JavaScript for trusted content and disable for other views.,,,NETWORK,webview_hygiene,,,94eeb88ef41412c7a63d8a7f2caa55e1231f523b8453b568f2c3b0580c2f6f43,2026-07-04 02:15:51,NETWORK,
204535,5838,webview_mixed_content,WARN,Medium,P1,NETWORK,Mixed content mode modified,"[""webview"", ""mixed_content""]","{""path"": ""/home/secadmin/Laughlin/GitHub/ScytaleDroid/data/store/apk/sha256/60/60c7b19cf0dfd1b6254d59b425e8417039c2151f55a4b9fe5c22b5972840eb5f.apk!string[classes31.dex]"", ""detail"": ""setMixedContentMode may allow HTTP content inside HTTPS WebView."", ""entries"": [{""description"": ""mixed_content in classes31.dex"", ""hash_short"": ""#h:5d927cb8"", ""location"": ""/home/secadmin/Laughlin/GitHub/ScytaleDroid/data/store/apk/sha256/60/60c7b19cf0dfd1b6254d59b425e8417039c2151f55a4b9fe5c22b5972840eb5f.apk!string[classes31.dex]""}]}",Keep mixed content mode to NEVER_ALLOW for production builds.,,,NETWORK,webview_hygiene,,,ce65893f7c9d429499909ab7e550863b6910359e27c837fe9f0e327bb05ecd56,2026-07-04 02:15:51,NETWORK,
204536,5838,crypto_aes_ecb,FAIL,High,P0,CRYPTO,AES in ECB mode,"[""crypto"", ""aes_ecb""]","{""path"": ""/home/secadmin/Laughlin/GitHub/ScytaleDroid/data/store/apk/sha256/60/60c7b19cf0dfd1b6254d59b425e8417039c2151f55a4b9fe5c22b5972840eb5f.apk!string[classes31.dex]"", ""detail"": ""AES/ECB leaks structure of plaintext blocks."", ""entries"": [{""description"": ""aes_ecb → classes31.dex"", ""hash_short"": ""#h:c9c3c906"", ""location"": ""/home/secadmin/Laughlin/GitHub/ScytaleDroid/data/store/apk/sha256/60/60c7b19cf0dfd1b6254d59b425e8417039c2151f55a4b9fe5c22b5972840eb5f.apk!string[classes31.dex]""}]}",Use AES-GCM or AES-CBC with random IVs instead of ECB.,,,CRYPTO,crypto_hygiene,,,dced095a0c65ba84c0e7c82bcdf264c81b43488a11de6ba221b821b7b59add13,2026-07-04 02:15:51,CRYPTO,
204537,5838,crypto_des_usage,FAIL,High,P0,CRYPTO,DES cipher usage,"[""crypto"", ""des_usage""]","{""path"": ""/home/secadmin/Laughlin/GitHub/ScytaleDroid/data/store/apk/sha256/60/60c7b19cf0dfd1b6254d59b425e8417039c2151f55a4b9fe5c22b5972840eb5f.apk!string[classes31.dex]"", ""detail"": ""DES is cryptographically broken and should not protect secrets."", ""entries"": [{""description"": ""des_usage → classes31.dex"", ""hash_short"": ""#h:d61414e6"", ""location"": ""/home/secadmin/Laughlin/GitHub/ScytaleDroid/data/store/apk/sha256/60/60c7b19cf0dfd1b6254d59b425e8417039c2151f55a4b9fe5c22b5972840eb5f.apk!string[classes31.dex]""}, {""description"": ""des_usage → classes31.dex"", ""hash_short"": ""#h:781f0a5c"", ""location"": ""/home/secadmin/Laughlin/GitHub/ScytaleDroid/data/store/apk/sha256/60/60c7b19cf0dfd1b6254d59b425e8417039c2151f55a4b9fe5c22b5972840eb5f.apk!string[classes31.dex]""}]}",Replace DES with AES-256 or modern primitives.,,,CRYPTO,crypto_hygiene,,,e60878f2f594cf12d2711be6da4178726f6c62d1ae9d1406678728c4622746f5,2026-07-04 02:15:51,CRYPTO,
204538,5838,crypto_md5_digest,WARN,Medium,P1,CRYPTO,MD5 message digest,"[""crypto"", ""md5_digest""]","{""path"": ""/home/secadmin/Laughlin/GitHub/ScytaleDroid/data/store/apk/sha256/60/60c7b19cf0dfd1b6254d59b425e8417039c2151f55a4b9fe5c22b5972840eb5f.apk!string[classes31.dex]"", ""detail"": ""MD5 is collision-prone and unsuitable for integrity. (29 occurrences)"", ""entries"": [{""description"": ""md5_digest → classes31.dex"", ""hash_short"": ""#h:74bcb85e"", ""location"": ""/home/secadmin/Laughlin/GitHub/ScytaleDroid/data/store/apk/sha256/60/60c7b19cf0dfd1b6254d59b425e8417039c2151f55a4b9fe5c22b5972840eb5f.apk!string[classes31.dex]""}, {""description"": ""md5_digest → classes31.dex"", ""hash_short"": ""#h:d139bcb8"", ""location"": ""/home/secadmin/Laughlin/GitHub/ScytaleDroid/data/store/apk/sha256/60/60c7b19cf0dfd1b6254d59b425e8417039c2151f55a4b9fe5c22b5972840eb5f.apk!string[classes31.dex]""}]}",Use SHA-256 or better message digests.,,,CRYPTO,crypto_hygiene,,,1d1d2b17edc00947d9dbbaeaeac89b33b4c110cfd6b58dcb7250bb7329d29192,2026-07-04 02:15:51,CRYPTO,
204539,5838,sdk_inventory_tracker_namespace_overlap,INFO,Info,NOTE,PRIVACY,Static namespace overlap with tracker/SDK reference intel,"[""sdk_inventory"", ""tracker_intel"", ""namespace_overlap""]","{""path"": ""classes31.dex@1842576"", ""detail"": ""4 tracker reference entries overlapped namespace-like strings inside the APK. This is contextual evidence only and should be verified against code paths."", ""entries"": [{""description"": ""Endpoint root-domain overlapping tracker network signature"", ""hash_short"": ""b8bb3c98"", ""location"": ""classes31.dex@1842576""}, {""description"": ""Namespace-like string overlapping tracker code signature"", ""hash_short"": ""b8bb3c98"", ""location"": ""classes31.dex@2789952""}]}",,,,PRIVACY,sdk_inventory,,,773b9f3fa09e2cb14f5b03cfa11f8aa6eef7a1d792c144e3ad21d0551180dbf4,2026-07-04 02:15:51,PRIVACY,
204540,5838,sdk_inventory_tracker_network_overlap,INFO,Info,NOTE,NETWORK,Endpoint overlap with tracker network reference intel,"[""sdk_inventory"", ""tracker_intel"", ""network_overlap""]","{""path"": ""classes31.dex@2789983"", ""detail"": ""12 tracker reference entries overlapped root domains from extracted HTTP(S) strings. This indicates contextual network similarity, not confirmed tracking behavior."", ""entries"": [{""description"": ""Namespace-like string overlapping tracker code signature"", ""hash_short"": ""b8bb3c98"", ""location"": ""classes31.dex@2789983""}, {""description"": ""Namespace-like string overlapping tracker code signature"", ""hash_short"": ""b8bb3c98"", ""location"": ""classes31.dex@2790020""}]}",,,,NETWORK,sdk_inventory,,,c4c30fb1c92d3c0f7a0d4453158aff368f1f33c79196cfeafa404aa95c9e53aa,2026-07-04 02:15:51,NETWORK,
204541,5838,diff_exported_activities,WARN,Medium,P1,PLATFORM,New exported activities,[],"{""path"": ""report://f89066d4c72e976822ca1fe27b9bfcdb23f7c70a6640eb691455a66830c44079.json"", ""detail"": ""New exported components were introduced compared to last scan."", ""entries"": [{""description"": ""Previous export set (activities)"", ""location"": ""report://f89066d4c72e976822ca1fe27b9bfcdb23f7c70a6640eb691455a66830c44079.json""}]}",Review why additional components are exposed and gate them with signature permissions.,,,PLATFORM,correlation_engine,,,143caa13a2582d9d4fb62788f33f33f5142c34d7a6c6fc7ea9c7b3cdb2dd898b,2026-07-04 02:15:51,PLATFORM,
204542,5838,diff_exported_services,WARN,Medium,P1,PLATFORM,New exported services,[],"{""path"": ""report://f89066d4c72e976822ca1fe27b9bfcdb23f7c70a6640eb691455a66830c44079.json"", ""detail"": ""New exported components were introduced compared to last scan."", ""entries"": [{""description"": ""Previous export set (services)"", ""location"": ""report://f89066d4c72e976822ca1fe27b9bfcdb23f7c70a6640eb691455a66830c44079.json""}]}",Review why additional components are exposed and gate them with signature permissions.,,,PLATFORM,correlation_engine,,,f92b342560eb9a28914fcfd38ae61b4d66aa060cf53ae8ce86759346bd283023,2026-07-04 02:15:51,PLATFORM,
204543,5838,diff_exported_receivers,WARN,Medium,P1,PLATFORM,New exported receivers,[],"{""path"": ""report://f89066d4c72e976822ca1fe27b9bfcdb23f7c70a6640eb691455a66830c44079.json"", ""detail"": ""New exported components were introduced compared to last scan."", ""entries"": [{""description"": ""Previous export set (receivers)"", ""location"": ""report://f89066d4c72e976822ca1fe27b9bfcdb23f7c70a6640eb691455a66830c44079.json""}]}",Review why additional components are exposed and gate them with signature permissions.,,,PLATFORM,correlation_engine,,,af526b8e0e3856920d6d3f2b8550203a2b471f1c048a6e92df16992df802a4fc,2026-07-04 02:15:51,PLATFORM,
204544,5838,diff_exported_providers,WARN,Medium,P1,PLATFORM,New exported providers,[],"{""path"": ""report://f89066d4c72e976822ca1fe27b9bfcdb23f7c70a6640eb691455a66830c44079.json"", ""detail"": ""New exported components were introduced compared to last scan."", ""entries"": [{""description"": ""Previous export set (providers)"", ""location"": ""report://f89066d4c72e976822ca1fe27b9bfcdb23f7c70a6640eb691455a66830c44079.json""}]}",Review why additional components are exposed and gate them with signature permissions.,,,PLATFORM,correlation_engine,,,f93408e51a9cd72baf7a8c65a52d0ed817a4f04aa1923a422aebbd3dba81245d,2026-07-04 02:15:51,PLATFORM,
204545,5838,diff_new_permissions,WARN,Medium,P1,PRIVACY,Dangerous permissions added,[],"{""path"": ""report://f89066d4c72e976822ca1fe27b9bfcdb23f7c70a6640eb691455a66830c44079.json"", ""detail"": ""New dangerous permissions detected compared to baseline."", ""entries"": [{""description"": ""Previous permission set"", ""location"": ""report://f89066d4c72e976822ca1fe27b9bfcdb23f7c70a6640eb691455a66830c44079.json""}]}",Validate the new dangerous permissions and ensure user justification.,,,PRIVACY,correlation_engine,,,752c4c38adf6f8a47b6673b557ba0bea9a104028901dd1c90bda5e724d1ebbc5,2026-07-04 02:15:51,PRIVACY,
204546,5838,diff_flag_uses_cleartext_traffic,INFO,Low,P2,PLATFORM,Manifest flag changed — uses_cleartext_traffic,[],"{""path"": ""report://f89066d4c72e976822ca1fe27b9bfcdb23f7c70a6640eb691455a66830c44079.json"", ""detail"": ""Manifest flag uses_cleartext_traffic changed from None to True."", ""entries"": [{""description"": ""Previous manifest flags"", ""location"": ""report://f89066d4c72e976822ca1fe27b9bfcdb23f7c70a6640eb691455a66830c44079.json""}]}",Confirm the flag change was intentional.,,,PLATFORM,correlation_engine,,,888a9ea7e76ebc66a68a485af6056495b82fe3da9d1280d8e196db19c5ccf5d7,2026-07-04 02:15:51,PLATFORM,
204547,5838,diff_flag_allow_backup,INFO,Low,P2,PLATFORM,Manifest flag changed — allow_backup,[],"{""path"": ""report://f89066d4c72e976822ca1fe27b9bfcdb23f7c70a6640eb691455a66830c44079.json"", ""detail"": ""Manifest flag allow_backup changed from None to True."", ""entries"": [{""description"": ""Previous manifest flags"", ""location"": ""report://f89066d4c72e976822ca1fe27b9bfcdb23f7c70a6640eb691455a66830c44079.json""}]}",Confirm the flag change was intentional.,,,PLATFORM,correlation_engine,,,e8f92ad21f050b23164822f866c502e19229dae673fbf64428648a572969add0,2026-07-04 02:15:51,PLATFORM,
204548,5838,diff_flag_request_legacy_external_storage,INFO,Low,P2,PLATFORM,Manifest flag changed — request_legacy_external_storage,[],"{""path"": ""report://f89066d4c72e976822ca1fe27b9bfcdb23f7c70a6640eb691455a66830c44079.json"", ""detail"": ""Manifest flag request_legacy_external_storage changed from None to True."", ""entries"": [{""description"": ""Previous manifest flags"", ""location"": ""report://f89066d4c72e976822ca1fe27b9bfcdb23f7c70a6640eb691455a66830c44079.json""}]}",Confirm the flag change was intentional.,,,PLATFORM,correlation_engine,,,f606d89476114e20fce16dc3f6d73f9f583ac77f70987b821b985e0577eb8215,2026-07-04 02:15:51,PLATFORM,
204549,5838,diff_flag_full_backup_content,INFO,Low,P2,PLATFORM,Manifest flag changed — full_backup_content,[],"{""path"": ""report://f89066d4c72e976822ca1fe27b9bfcdb23f7c70a6640eb691455a66830c44079.json"", ""detail"": ""Manifest flag full_backup_content changed from None to @7F150009."", ""entries"": [{""description"": ""Previous manifest flags"", ""location"": ""report://f89066d4c72e976822ca1fe27b9bfcdb23f7c70a6640eb691455a66830c44079.json""}]}",Confirm the flag change was intentional.,,,PLATFORM,correlation_engine,,,52576c3c7231cf1be0935dc51f9a4077a48aa20ed229cdd7d4181c03c8a53b3f,2026-07-04 02:15:51,PLATFORM,
204550,5838,diff_flag_network_security_config,INFO,Low,P2,PLATFORM,Manifest flag changed — network_security_config,[],"{""path"": ""report://f89066d4c72e976822ca1fe27b9bfcdb23f7c70a6640eb691455a66830c44079.json"", ""detail"": ""Manifest flag network_security_config changed from None to @7F150015."", ""entries"": [{""description"": ""Previous manifest flags"", ""location"": ""report://f89066d4c72e976822ca1fe27b9bfcdb23f7c70a6640eb691455a66830c44079.json""}]}",Confirm the flag change was intentional.,,,PLATFORM,correlation_engine,,,7f29169c9b901379c601a7ce9d4a9ad90bcb2032d2d6219cb3132ffe9c9bee6f,2026-07-04 02:15:51,PLATFORM,
204551,5838,diff_http_endpoints,WARN,Medium,P1,NETWORK,New HTTP endpoints discovered,[],"{""path"": ""report://f89066d4c72e976822ca1fe27b9bfcdb23f7c70a6640eb691455a66830c44079.json"", ""detail"": ""Cleartext HTTP endpoints were added compared to the previous analysis."", ""entries"": [{""description"": ""Baseline network surface"", ""location"": ""report://f89066d4c72e976822ca1fe27b9bfcdb23f7c70a6640eb691455a66830c44079.json""}]}",Ensure these endpoints are protected by TLS or remove them from release builds.,BASE-CLR-001,4.5,NETWORK,correlation_engine,,,c76527bc6a03a2a85423b661b221c8766513db0eb4c04c1afc144abb20abb3bf,2026-07-04 02:15:51,NETWORK,NETWORK-1
204552,5838,risk_profile,WARN,High,P0,OTHER,Correlation priority — Critical,"[""risk_profile_downgraded""]","{""detail"": ""Correlation priority score 10590 (Critical); synthetic prioritization signal.""}",Prioritise remediation of the contributing findings that raised this synthetic priority score.,,,OTHER,correlation_engine,,,12c1fe34462fffa46b8c98015fa47f566f8747e653cc71a6008c48aa4a1c21e7,2026-07-04 02:15:51,OTHER,
213060,6023,manifest_exported_weak_guards,WARN,Medium,P1,PLATFORM,Exported components use weak guards,[],"{""path"": ""/home/secadmin/Laughlin/GitHub/ScytaleDroid/data/store/apk/sha256/ed/ed5ba95c8b7eb724b9a3d87137961507e6693269c38adf6f9915b8c84ace3aba.apk!AndroidManifest.xml"", ""detail"": ""Exported components rely on normal/dangerous permissions or no guard at all: androidx.compose.ui.tooling.PreviewActivity, androidx.profileinstaller.ProfileInstallReceiver, androidx.work.impl.diagnostics.DiagnosticsReceiver, com.adobe.adobepass.accessena..."", ""entries"": [{""description"": ""component@permission"", ""location"": ""/home/secadmin/Laughlin/GitHub/ScytaleDroid/data/store/apk/sha256/ed/ed5ba95c8b7eb724b9a3d87137961507e6693269c38adf6f9915b8c84ace3aba.apk!AndroidManifest.xml""}]}",Protect exported components with signature-level permissions or mark them non-exported.,,,PLATFORM,manifest_baseline,,,cabad62304225bfc75ebd35e0f0545bb147cf3a8f4ba43ccb8a8c46e49b6bac0,2026-07-08 17:57:15,PLATFORM,
213061,6023,manifest_custom_permissions_review,INFO,Low,P2,PLATFORM,Review custom permission protection levels,[],"{""path"": ""/home/secadmin/Laughlin/GitHub/ScytaleDroid/data/store/apk/sha256/ed/ed5ba95c8b7eb724b9a3d87137961507e6693269c38adf6f9915b8c84ace3aba.apk!AndroidManifest.xml"", ""detail"": ""Custom permissions use uncommon protection levels: com.cnn.mobile.android.phone.DYNAMIC_RECEIVER_NOT_EXPORTED_PERMISSION"", ""entries"": [{""description"": ""permission@protectionLevel"", ""location"": ""/home/secadmin/Laughlin/GitHub/ScytaleDroid/data/store/apk/sha256/ed/ed5ba95c8b7eb724b9a3d87137961507e6693269c38adf6f9915b8c84ace3aba.apk!AndroidManifest.xml""}]}",Verify the custom protection levels only grant access to trusted callers.,,,PLATFORM,manifest_baseline,,,32d0e4a6c37394e50421bd1b0e908f56cde28828e762bf8b0fd9bf7a341a726e,2026-07-08 17:57:15,PLATFORM,
213062,6023,manifest_task_affinity_custom,INFO,Low,P2,PLATFORM,Custom task affinities present,[],"{""path"": ""/home/secadmin/Laughlin/GitHub/ScytaleDroid/data/store/apk/sha256/ed/ed5ba95c8b7eb724b9a3d87137961507e6693269c38adf6f9915b8c84ace3aba.apk!AndroidManifest.xml"", ""detail"": ""Components override the default task affinity: com.cnn.mobile.android.phone.ui.ShareSheetHelperActivity→<empty>, com.urbanairship.push.NotificationProxyActivity→com.cnn.mobile.android.phone.NotificationProxyActivity, com.google.android.gms.ads.Notificat..."", ""entries"": [{""description"": ""component@taskAffinity"", ""location"": ""/home/secadmin/Laughlin/GitHub/ScytaleDroid/data/store/apk/sha256/ed/ed5ba95c8b7eb724b9a3d87137961507e6693269c38adf6f9915b8c84ace3aba.apk!AndroidManifest.xml""}]}",Ensure custom task affinities are required and do not leak activities into other apps.,,,PLATFORM,manifest_baseline,,,308efe0430bf71afe41c37d0d5421559d52acfc56a80193a25022c7c1b5dcd88,2026-07-08 17:57:15,PLATFORM,
213063,6023,ipc_activity_open_com.cnn.mobile.android.phone.features.splash.SplashActivity,WARN,Medium,P1,PLATFORM,Exported activity without permission,[],"{""detail"": ""Activity com.cnn.mobile.android.phone.features.splash.SplashActivity is exported but does not declare android:permission.""}",Restrict the component with signature-level permissions or mark it non-exported unless explicitly required.,BASE-IPC-COMP-NO-ACL,8.0,PLATFORM,ipc_components,,,8f7e4480f2e933ed13ba9e25f16cb0fa94f46bdf0cd6002480cbcc51ff8979b8,2026-07-08 17:57:15,PLATFORM,PLATFORM-IPC-1
213064,6023,ipc_activity_open_com.cnn.mobile.android.phone.eight.core.components.utils.fullscreenimage.FullscreenImageActivity,WARN,Medium,P1,PLATFORM,Exported activity without permission,[],"{""detail"": ""Activity com.cnn.mobile.android.phone.eight.core.components.utils.fullscreenimage.FullscreenImageActivity is exported but does not declare android:permission.""}",Restrict the component with signature-level permissions or mark it non-exported unless explicitly required.,BASE-IPC-COMP-NO-ACL,8.0,PLATFORM,ipc_components,,,1c1fa0e8e44a4a3cc084c8df74813322ff31cca772b69cd008f31e767f9fc73a,2026-07-08 17:57:15,PLATFORM,PLATFORM-IPC-1
213065,6023,ipc_activity_open_com.cnn.mobile.android.phone.ui.ParseDeepLinkActivity,WARN,Medium,P1,PLATFORM,Exported activity without permission,[],"{""detail"": ""Activity com.cnn.mobile.android.phone.ui.ParseDeepLinkActivity is exported but does not declare android:permission.""}",Restrict the component with signature-level permissions or mark it non-exported unless explicitly required.,BASE-IPC-COMP-NO-ACL,8.0,PLATFORM,ipc_components,,,30a784749d71605731c0e08657d2ae0bf56a2bdd10ba16a6764582243548134e,2026-07-08 17:57:15,PLATFORM,PLATFORM-IPC-1
213066,6023,ipc_activity_open_com.cnn.mobile.android.phone.features.deeplink.DeepLinkEntryActivity,WARN,Medium,P1,PLATFORM,Exported activity without permission,[],"{""detail"": ""Activity com.cnn.mobile.android.phone.features.deeplink.DeepLinkEntryActivity is exported but does not declare android:permission.""}",Restrict the component with signature-level permissions or mark it non-exported unless explicitly required.,BASE-IPC-COMP-NO-ACL,8.0,PLATFORM,ipc_components,,,a1a43e501a3595e115442b7c417667cd2d4ead2542dc080f3f9a0da6522a27a9,2026-07-08 17:57:15,PLATFORM,PLATFORM-IPC-1
213067,6023,ipc_activity_open_com.amazon.device.ads.DTBActivity,WARN,Medium,P1,PLATFORM,Exported activity without permission,[],"{""detail"": ""Activity com.amazon.device.ads.DTBActivity is exported but does not declare android:permission.""}",Restrict the component with signature-level permissions or mark it non-exported unless explicitly required.,BASE-IPC-COMP-NO-ACL,8.0,PLATFORM,ipc_components,,,fad72fa14b6440f43860b65ffcb076bcec941af7490d89b71b8fb149c5f0645c,2026-07-08 17:57:15,PLATFORM,PLATFORM-IPC-1
213068,6023,ipc_receiver_weak_permission_com.google.android.gms.gcm.GcmReceiver,WARN,Medium,P1,PLATFORM,Weak permission guard on exported receiver,[],"{""detail"": ""Receiver com.google.android.gms.gcm.GcmReceiver uses com.google.android.c2dm.permission.SEND (protectionLevel=unspecified), which is insufficient for exported components.""}",Protect the component with a signature-level permission or mark it non-exported.,,,PLATFORM,ipc_components,,,6461c789f1d632ba77a5a58faeabd9b3443946aca3451bd3afdafed3528fc5c4,2026-07-08 17:57:15,PLATFORM,
213069,6023,ipc_receiver_open_com.cnn.mobile.android.phone.features.widget.WidgetProviderMedium,WARN,Medium,P1,PLATFORM,Exported receiver without permission,[],"{""detail"": ""Receiver com.cnn.mobile.android.phone.features.widget.WidgetProviderMedium is exported but does not declare android:permission.""}",Restrict the component with signature-level permissions or mark it non-exported unless explicitly required.,BASE-IPC-COMP-NO-ACL,8.0,PLATFORM,ipc_components,,,ef1e6dd09388a5375a4b4a2f0c9b3ba4d976ebf35f0dc699a6e5b8be2690f4d8,2026-07-08 17:57:15,PLATFORM,PLATFORM-IPC-1
213070,6023,ipc_receiver_open_com.cnn.mobile.android.phone.features.widget.WidgetProviderLarge,WARN,Medium,P1,PLATFORM,Exported receiver without permission,[],"{""detail"": ""Receiver com.cnn.mobile.android.phone.features.widget.WidgetProviderLarge is exported but does not declare android:permission.""}",Restrict the component with signature-level permissions or mark it non-exported unless explicitly required.,BASE-IPC-COMP-NO-ACL,8.0,PLATFORM,ipc_components,,,0e4332c199eb7d9842a5c641506c42bf04e6de110e923695def5840fac5ff249,2026-07-08 17:57:15,PLATFORM,PLATFORM-IPC-1
213071,6023,ipc_receiver_open_com.cnn.mobile.android.phone.features.notify.NotificationActionReceiver,WARN,Medium,P1,PLATFORM,Exported receiver without permission,[],"{""detail"": ""Receiver com.cnn.mobile.android.phone.features.notify.NotificationActionReceiver is exported but does not declare android:permission.""}",Restrict the component with signature-level permissions or mark it non-exported unless explicitly required.,BASE-IPC-COMP-NO-ACL,8.0,PLATFORM,ipc_components,,,e7e61e0aa593a48260624beeef8cdbae55d11dcc1e4b09951a72294245c383e0,2026-07-08 17:57:15,PLATFORM,PLATFORM-IPC-1
213072,6023,ipc_service_permission_com.cnn.mobile.android.phone.features.widget.WidgetService,INFO,Low,P2,PLATFORM,Exported service gated by android.permission.BIND_REMOTEVIEWS,[],"{""detail"": ""Exported service relies on android.permission.BIND_REMOTEVIEWS (protectionLevel=signature/privileged).""}",Document the permission contract and monitor for unexpected callers.,BASE-IPC-EXPORTED-WITH-PERM,2.5,PLATFORM,ipc_components,,,2b132e5f4b4e3802c1d100ffab90e34732b6dbb866f382d223cfa9ab2d2fc086,2026-07-08 17:57:15,PLATFORM,PLATFORM-IPC-1
213073,6023,ipc_service_open_com.cnn.mobile.android.phone.features.notify.TokenRefreshListener,WARN,Medium,P1,PLATFORM,Exported service without permission,[],"{""detail"": ""Service com.cnn.mobile.android.phone.features.notify.TokenRefreshListener is exported but does not declare android:permission.""}",Restrict the component with signature-level permissions or mark it non-exported unless explicitly required.,BASE-IPC-COMP-NO-ACL,8.0,PLATFORM,ipc_components,,,4788402b6161553340913027bd4a730ff43d1024b45f0d5471bd64e03ddfc868,2026-07-08 17:57:15,PLATFORM,PLATFORM-IPC-1
213074,6023,ipc_service_open_com.cnn.mobile.android.phone.features.deeplink.DeepLinkService,WARN,Medium,P1,PLATFORM,Exported service without permission,[],"{""detail"": ""Service com.cnn.mobile.android.phone.features.deeplink.DeepLinkService is exported but does not declare android:permission.""}",Restrict the component with signature-level permissions or mark it non-exported unless explicitly required.,BASE-IPC-COMP-NO-ACL,8.0,PLATFORM,ipc_components,,,32a749f1bc95593f89c66b30da3674c7952a06ea67b1d556732a9d64ddb98c00,2026-07-08 17:57:15,PLATFORM,PLATFORM-IPC-1
213075,6023,ipc_service_open_com.cnn.mobile.android.phone.features.audio.session.AudioPlaybackService,WARN,Medium,P1,PLATFORM,Exported service without permission,[],"{""detail"": ""Service com.cnn.mobile.android.phone.features.audio.session.AudioPlaybackService is exported but does not declare android:permission.""}",Restrict the component with signature-level permissions or mark it non-exported unless explicitly required.,BASE-IPC-COMP-NO-ACL,8.0,PLATFORM,ipc_components,,,79f781ba7505cd58062b61e55eade316c811c30829d643f6eb8b443fc351383b,2026-07-08 17:57:15,PLATFORM,PLATFORM-IPC-1
213076,6023,ipc_activity_open_com.adobe.adobepass.accessenabler.customtab.CustomTabManager,WARN,Medium,P1,PLATFORM,Exported activity without permission,[],"{""detail"": ""Activity com.adobe.adobepass.accessenabler.customtab.CustomTabManager is exported but does not declare android:permission.""}",Restrict the component with signature-level permissions or mark it non-exported unless explicitly required.,BASE-IPC-COMP-NO-ACL,8.0,PLATFORM,ipc_components,,,b021c5a3760c7697dc4e400b7b5159a7513d4e4158770195b421c0629b02dda6,2026-07-08 17:57:15,PLATFORM,PLATFORM-IPC-1
213077,6023,ipc_activity_open_com.adobe.adobepass.accessenabler.customtab.CustomTabGetAuthN,WARN,Medium,P1,PLATFORM,Exported activity without permission,[],"{""detail"": ""Activity com.adobe.adobepass.accessenabler.customtab.CustomTabGetAuthN is exported but does not declare android:permission.""}",Restrict the component with signature-level permissions or mark it non-exported unless explicitly required.,BASE-IPC-COMP-NO-ACL,8.0,PLATFORM,ipc_components,,,8da92e6efa6fe197238d2af671f488e484a4a413c44b38ac610656bd9a211e36,2026-07-08 17:57:15,PLATFORM,PLATFORM-IPC-1
213078,6023,ipc_activity_open_com.cnn.mobile.android.phone.ui.ShareSheetHelperActivity,WARN,Medium,P1,PLATFORM,Exported activity without permission,[],"{""detail"": ""Activity com.cnn.mobile.android.phone.ui.ShareSheetHelperActivity is exported but does not declare android:permission.""}",Restrict the component with signature-level permissions or mark it non-exported unless explicitly required.,BASE-IPC-COMP-NO-ACL,8.0,PLATFORM,ipc_components,,,5d601db46c76f0448800c291d89067fea5d62e711819022916cfb13f665172d8,2026-07-08 17:57:15,PLATFORM,PLATFORM-IPC-1
213079,6023,ipc_activity_open_androidx.compose.ui.tooling.PreviewActivity,WARN,Medium,P1,PLATFORM,Exported activity without permission,[],"{""detail"": ""Activity androidx.compose.ui.tooling.PreviewActivity is exported but does not declare android:permission.""}",Restrict the component with signature-level permissions or mark it non-exported unless explicitly required.,BASE-IPC-COMP-NO-ACL,8.0,PLATFORM,ipc_components,,,d7d34743756117e156d4e3558495b41f2d5a16fdeafd9b6b9f43c60d701c3a71,2026-07-08 17:57:15,PLATFORM,PLATFORM-IPC-1
213080,6023,ipc_service_weak_permission_com.google.android.gms.auth.api.signin.RevocationBoundService,WARN,Medium,P1,PLATFORM,Weak permission guard on exported service,[],"{""detail"": ""Service com.google.android.gms.auth.api.signin.RevocationBoundService uses com.google.android.gms.auth.api.signin.permission.REVOCATION_NOTIFICATION (protectionLevel=unspecified), which is insufficient for exported components.""}",Protect the component with a signature-level permission or mark it non-exported.,,,PLATFORM,ipc_components,,,333620b6726a9959216b7d765dc48d0cdfd4b817f914fe21914e4a734b970792,2026-07-08 17:57:15,PLATFORM,
213081,6023,ipc_receiver_weak_permission_com.google.firebase.iid.FirebaseInstanceIdReceiver,WARN,Medium,P1,PLATFORM,Weak permission guard on exported receiver,[],"{""detail"": ""Receiver com.google.firebase.iid.FirebaseInstanceIdReceiver uses com.google.android.c2dm.permission.SEND (protectionLevel=unspecified), which is insufficient for exported components.""}",Protect the component with a signature-level permission or mark it non-exported.,,,PLATFORM,ipc_components,,,801a80d1d4bf8adabab2d6125f2ede620061207fdfa45b7458a8fc4129d8acec,2026-07-08 17:57:15,PLATFORM,
213082,6023,ipc_service_permission_androidx.work.impl.background.systemjob.SystemJobService,INFO,Low,P2,PLATFORM,Exported service gated by android.permission.BIND_JOB_SERVICE,[],"{""detail"": ""Exported service relies on android.permission.BIND_JOB_SERVICE (protectionLevel=signature).""}",Document the permission contract and monitor for unexpected callers.,BASE-IPC-EXPORTED-WITH-PERM,2.5,PLATFORM,ipc_components,,,010feff1d370cdde2b30a44baa245760ecc86f7b41a538afeb48267dd5a387b4,2026-07-08 17:57:15,PLATFORM,PLATFORM-IPC-1
213083,6023,ipc_receiver_weak_permission_androidx.work.impl.diagnostics.DiagnosticsReceiver,WARN,Medium,P1,PLATFORM,Weak permission guard on exported receiver,[],"{""detail"": ""Receiver androidx.work.impl.diagnostics.DiagnosticsReceiver uses android.permission.DUMP (protectionLevel=unspecified), which is insufficient for exported components.""}",Protect the component with a signature-level permission or mark it non-exported.,,,PLATFORM,ipc_components,,,9941e0eccdf7d3b4774f715de75a66f6bc0c3a6738cde28ebf468fc203a6652b,2026-07-08 17:57:15,PLATFORM,
213084,6023,ipc_service_permission_com.bitmovin.media3.exoplayer.scheduler.PlatformScheduler$PlatformSchedulerService,INFO,Low,P2,PLATFORM,Exported service gated by android.permission.BIND_JOB_SERVICE,[],"{""detail"": ""Exported service relies on android.permission.BIND_JOB_SERVICE (protectionLevel=signature).""}",Document the permission contract and monitor for unexpected callers.,BASE-IPC-EXPORTED-WITH-PERM,2.5,PLATFORM,ipc_components,,,010feff1d370cdde2b30a44baa245760ecc86f7b41a538afeb48267dd5a387b4,2026-07-08 17:57:15,PLATFORM,PLATFORM-IPC-1
213085,6023,ipc_receiver_weak_permission_androidx.profileinstaller.ProfileInstallReceiver,WARN,Medium,P1,PLATFORM,Weak permission guard on exported receiver,[],"{""detail"": ""Receiver androidx.profileinstaller.ProfileInstallReceiver uses android.permission.DUMP (protectionLevel=unspecified), which is insufficient for exported components.""}",Protect the component with a signature-level permission or mark it non-exported.,,,PLATFORM,ipc_components,,,a1011e55cd81e1a5efa21cd3531f8f576789e1e4757a87011b59740f80197b8d,2026-07-08 17:57:15,PLATFORM,
213086,6023,ipc_activity_open_com.adobe.adobepass.accessenabler.api.utils.android.CustomTabGetAuthN,WARN,Medium,P1,PLATFORM,Exported activity without permission,[],"{""detail"": ""Activity com.adobe.adobepass.accessenabler.api.utils.android.CustomTabGetAuthN is exported but does not declare android:permission.""}",Restrict the component with signature-level permissions or mark it non-exported unless explicitly required.,BASE-IPC-COMP-NO-ACL,8.0,PLATFORM,ipc_components,,,6a75da03cdafe3902bdbaf2dbd831c25360045634da260b694f782820e15b9bd,2026-07-08 17:57:15,PLATFORM,PLATFORM-IPC-1
213087,6023,domain_verification_missing_autoverify,WARN,Low,P2,PLATFORM,Browsable web link filters omit android:autoVerify,"[""app_links"", ""auto_verify"", ""deep_links""]","{""path"": ""/home/secadmin/Laughlin/GitHub/ScytaleDroid/data/store/apk/sha256/ed/ed5ba95c8b7eb724b9a3d87137961507e6693269c38adf6f9915b8c84ace3aba.apk!AndroidManifest.xml::activity:com.cnn.mobile.android.phone.features.deeplink.DeepLinkEntryActivity#intent-filter[5]"", ""detail"": ""1 web link filter(s) handle http/https hosts without android:autoVerify, so Android cannot verify domain ownership and may fall back to chooser-based routing."", ""entries"": [{""description"": ""activity com.cnn.mobile.android.phone.features.deeplink.DeepLinkEntryActivity"", ""location"": ""/home/secadmin/Laughlin/GitHub/ScytaleDroid/data/store/apk/sha256/ed/ed5ba95c8b7eb724b9a3d87137961507e6693269c38adf6f9915b8c84ace3aba.apk!AndroidManifest.xml::activity:com.cnn.mobile.android.phone.features.deeplink.DeepLinkEntryActivity#intent-filter[5]""}]}","Add android:autoVerify=""true"" to supported HTTPS host filters and publish matching Digital Asset Links statements at https://<host>/.well-known/assetlinks.json.",,,PLATFORM,domain_verification,,,6e76333b82d123ddb01dbbbb668447dfd11f1a9e007e8929e0298f33e08d0882,2026-07-08 17:57:15,PLATFORM,
213088,6023,domain_verification_case_sensitive_manifest_values,INFO,Low,P2,PLATFORM,App link scheme or host uses uppercase characters,"[""app_links"", ""case_sensitive"", ""manifest""]","{""path"": ""/home/secadmin/Laughlin/GitHub/ScytaleDroid/data/store/apk/sha256/ed/ed5ba95c8b7eb724b9a3d87137961507e6693269c38adf6f9915b8c84ace3aba.apk!AndroidManifest.xml::activity:com.adobe.adobepass.accessenabler.api.utils.android.CustomTabGetAuthN#intent-filter[1]"", ""detail"": ""Android scheme and host matching is case-sensitive. Uppercase manifest values can break deep-link matching and verification unexpectedly."", ""entries"": [{""description"": ""activity com.adobe.adobepass.accessenabler.api.utils.android.CustomTabGetAuthN"", ""location"": ""/home/secadmin/Laughlin/GitHub/ScytaleDroid/data/store/apk/sha256/ed/ed5ba95c8b7eb724b9a3d87137961507e6693269c38adf6f9915b8c84ace3aba.apk!AndroidManifest.xml::activity:com.adobe.adobepass.accessenabler.api.utils.android.CustomTabGetAuthN#intent-filter[1]""}]}",Normalize app-link schemes and hosts to lowercase in AndroidManifest.xml.,,,PLATFORM,domain_verification,,,fe9d3ff987e755885a8a5fa6e89669ea869cd05934bad3e6006db11169aa9b6b,2026-07-08 17:57:15,PLATFORM,
213089,6023,secret_jwt_token,INFO,Medium,P1,PRIVACY,Potential JSON Web Token,"[""secret"", ""jwt_token""]","{""path"": ""/home/secadmin/Laughlin/GitHub/ScytaleDroid/data/store/apk/sha256/ed/ed5ba95c8b7eb724b9a3d87137961507e6693269c38adf6f9915b8c84ace3aba.apk!string[resources.arsc]"", ""detail"": ""Detected 2 potential secrets matching potential json web token."", ""entries"": [{""description"": ""resources.arsc #h:3abe524feee6"", ""hash_short"": ""#h:3abe524f"", ""location"": ""/home/secadmin/Laughlin/GitHub/ScytaleDroid/data/store/apk/sha256/ed/ed5ba95c8b7eb724b9a3d87137961507e6693269c38adf6f9915b8c84ace3aba.apk!string[resources.arsc]""}]}",Rotate the credential and remove hardcoded secrets from the artifact.,,,PRIVACY,secrets_credentials,,"[""3abe524feee6134aa4bed98fc33c5281243ffd453e68a782595247de994d2450"", ""633c5aefac214bf898ff40eb422c69a7cfd715f997040d93785a51f240de65a0""]",00dfe74c08c7b4d6000b650e5a6497958ae409ff42d52b49030c806b62c27f3d,2026-07-08 17:57:15,PRIVACY,
213090,6023,storage_sensitive_keys,INFO,Low,P2,STORAGE,Potential sensitive preference keys,[],"{""path"": ""/home/secadmin/Laughlin/GitHub/ScytaleDroid/data/store/apk/sha256/ed/ed5ba95c8b7eb724b9a3d87137961507e6693269c38adf6f9915b8c84ace3aba.apk!string[classes2.dex]"", ""detail"": ""Keys referencing tokens/secrets detected in resources or code."", ""entries"": [{""description"": ""Potential sensitive key ', currentToken='"", ""hash_short"": ""#h:5f4f8de4"", ""location"": ""/home/secadmin/Laughlin/GitHub/ScytaleDroid/data/store/apk/sha256/ed/ed5ba95c8b7eb724b9a3d87137961507e6693269c38adf6f9915b8c84ace3aba.apk!string[classes2.dex]""}, {""description"": ""Potential sensitive key ', ts.tokenBeg='"", ""hash_short"": ""#h:56b03b8b"", ""location"": ""/home/secadmin/Laughlin/GitHub/ScytaleDroid/data/store/apk/sha256/ed/ed5ba95c8b7eb724b9a3d87137961507e6693269c38adf6f9915b8c84ace3aba.apk!string[classes2.dex]""}, {""description"": ""Potential sensitive key 'EMPTY_TOKEN'"", ""hash_short"": ""#h:80967c50"", ""location"": ""/home/secadmin/Laughlin/GitHub/ScytaleDroid/data/store/apk/sha256/ed/ed5ba95c8b7eb724b9a3d87137961507e6693269c38adf6f9915b8c84ace3aba.apk!string[classes2.dex]""}, {""description"": ""Potential sensitive key 'FIRST_BYTECODE_TOKEN'"", ""hash_short"": ""#h:33baf038"", ""location"": ""/home/secadmin/Laughlin/GitHub/ScytaleDroid/data/store/apk/sha256/ed/ed5ba95c8b7eb724b9a3d87137961507e6693269c38adf6f9915b8c84ace3aba.apk!string[classes2.dex]""}, {""description"": ""Potential sensitive key 'Invalid token:'"", ""hash_short"": ""#h:7c016460"", ""location"": ""/home/secadmin/Laughlin/GitHub/ScytaleDroid/data/store/apk/sha256/ed/ed5ba95c8b7eb724b9a3d87137961507e6693269c38adf6f9915b8c84ace3aba.apk!string[classes2.dex]""}]}",Ensure sensitive tokens are encrypted or stored within Android Keystore-backed preferences.,,,STORAGE,storage_backup,,,7e749a3475f3231758abb74b9285996555ddf291215f3febd348a8e785cca443,2026-07-08 17:57:15,STORAGE,
213091,6023,sdk_inventory_tracker_network_overlap,INFO,Info,NOTE,NETWORK,Endpoint overlap with tracker network reference intel,"[""sdk_inventory"", ""tracker_intel"", ""network_overlap""]","{""path"": ""resources.arsc@na"", ""detail"": ""1 tracker reference entries overlapped root domains from extracted HTTP(S) strings. This indicates contextual network similarity, not confirmed tracking behavior."", ""entries"": [{""description"": ""Endpoint root-domain overlapping tracker network signature"", ""hash_short"": ""b65102ee"", ""location"": ""resources.arsc@na""}]}",,,,NETWORK,sdk_inventory,,,9254ee50bdb5a90ba7e6665af06e3379a9173c7477d082d090fe61ccd6f4d6e1,2026-07-08 17:57:15,NETWORK,
213092,6023,diff_http_endpoints,WARN,Medium,P1,NETWORK,New HTTP endpoints discovered,[],"{""path"": ""report://fcf9b955f0984f81012492243568ecfe9ee5997f584dc7349f3e16dcb892962c.json"", ""detail"": ""Cleartext HTTP endpoints were added compared to the previous analysis."", ""entries"": [{""description"": ""Baseline network surface"", ""location"": ""report://fcf9b955f0984f81012492243568ecfe9ee5997f584dc7349f3e16dcb892962c.json""}]}",Ensure these endpoints are protected by TLS or remove them from release builds.,BASE-CLR-001,4.5,NETWORK,correlation_engine,,,86de338833c74c81a6ae8897322ae3bcc68462643a3908c760b2c659e1eaa589,2026-07-08 17:57:15,NETWORK,NETWORK-1
213093,6023,risk_profile,WARN,High,P0,OTHER,Correlation priority — Critical,"[""risk_profile_downgraded""]","{""detail"": ""Correlation priority score 3106 (Critical); synthetic prioritization signal.""}",Prioritise remediation of the contributing findings that raised this synthetic priority score.,,,OTHER,correlation_engine,,,b0bea168383051359b79c54967e6fff401a48cc120491b27af46dfa5006bbcc5,2026-07-08 17:57:15,OTHER,
217950,6122,manifest_exported_weak_guards,WARN,Medium,P1,PLATFORM,Exported components use weak guards,[],"{""path"": ""/home/secadmin/Laughlin/GitHub/ScytaleDroid/data/store/apk/sha256/c0/c02382f2079eefa2038b52d1d43af6e6c35c8c67234d98350246389fbfb62b41.apk!AndroidManifest.xml"", ""detail"": ""Exported components rely on normal/dangerous permissions or no guard at all: androidx.profileinstaller.ProfileInstallReceiver, androidx.work.impl.diagnostics.DiagnosticsReceiver, com.google.android.gms.auth.api.signin.RevocationBoundService, com.google...."", ""entries"": [{""description"": ""component@permission"", ""location"": ""/home/secadmin/Laughlin/GitHub/ScytaleDroid/data/store/apk/sha256/c0/c02382f2079eefa2038b52d1d43af6e6c35c8c67234d98350246389fbfb62b41.apk!AndroidManifest.xml""}]}",Protect exported components with signature-level permissions or mark them non-exported.,,,PLATFORM,manifest_baseline,,,b31b8c68c4f9c36ac6672102ce759c76c799d52e72bde2e39739f73aa6c55f38,2026-07-08 18:01:59,PLATFORM,
217951,6122,manifest_backup_and_exports,WARN,Medium,P1,STORAGE,Backup plus exported weak components,[],"{""path"": ""/home/secadmin/Laughlin/GitHub/ScytaleDroid/data/store/apk/sha256/c0/c02382f2079eefa2038b52d1d43af6e6c35c8c67234d98350246389fbfb62b41.apk!AndroidManifest.xml"", ""detail"": ""android:allowBackup is enabled while exported components lack strong permission guards (androidx.profileinstaller.ProfileInstallReceiver, androidx.work.impl.diagnostics.DiagnosticsReceiver, com.google.android.gms.auth.api.signin.RevocationBoundService, ..."", ""entries"": [{""description"": ""application@allowBackup"", ""location"": ""/home/secadmin/Laughlin/GitHub/ScytaleDroid/data/store/apk/sha256/c0/c02382f2079eefa2038b52d1d43af6e6c35c8c67234d98350246389fbfb62b41.apk!AndroidManifest.xml""}]}",Disable auto-backup or harden exported components with signature-level permissions.,,,STORAGE,manifest_baseline,,,b3834c3baa9607bb5fca1c822784c7b2d95e093b4eeb0db3e8107b16ea309106,2026-07-08 18:01:59,STORAGE,
217952,6122,manifest_backup_enabled,WARN,Medium,P1,STORAGE,Auto-backup enabled,[],"{""path"": ""/home/secadmin/Laughlin/GitHub/ScytaleDroid/data/store/apk/sha256/c0/c02382f2079eefa2038b52d1d43af6e6c35c8c67234d98350246389fbfb62b41.apk!AndroidManifest.xml"", ""detail"": ""Application data can be exported via Android's backup channel (android:allowBackup not set to false)."", ""entries"": [{""description"": ""application@allowBackup"", ""location"": ""/home/secadmin/Laughlin/GitHub/ScytaleDroid/data/store/apk/sha256/c0/c02382f2079eefa2038b52d1d43af6e6c35c8c67234d98350246389fbfb62b41.apk!AndroidManifest.xml""}]}",Set android:allowBackup=false or provide an explicit backup configuration that excludes sensitive data.,,,STORAGE,manifest_baseline,,,a017923b41ffc8ec6eea4ea2c3b9c972dd279d045c78b015a6c40f8541e8972d,2026-07-08 18:01:59,STORAGE,
217953,6122,manifest_custom_permissions_review,INFO,Low,P2,PLATFORM,Review custom permission protection levels,[],"{""path"": ""/home/secadmin/Laughlin/GitHub/ScytaleDroid/data/store/apk/sha256/c0/c02382f2079eefa2038b52d1d43af6e6c35c8c67234d98350246389fbfb62b41.apk!AndroidManifest.xml"", ""detail"": ""Custom permissions use uncommon protection levels: com.reddit.frontpage.DYNAMIC_RECEIVER_NOT_EXPORTED_PERMISSION"", ""entries"": [{""description"": ""permission@protectionLevel"", ""location"": ""/home/secadmin/Laughlin/GitHub/ScytaleDroid/data/store/apk/sha256/c0/c02382f2079eefa2038b52d1d43af6e6c35c8c67234d98350246389fbfb62b41.apk!AndroidManifest.xml""}]}",Verify the custom protection levels only grant access to trusted callers.,,,PLATFORM,manifest_baseline,,,d59c9846e609d83bb13afd34b54957d1b53984d13efb209cd950e4b6b212ea04,2026-07-08 18:01:59,PLATFORM,
217954,6122,manifest_task_affinity_custom,INFO,Low,P2,PLATFORM,Custom task affinities present,[],"{""path"": ""/home/secadmin/Laughlin/GitHub/ScytaleDroid/data/store/apk/sha256/c0/c02382f2079eefa2038b52d1d43af6e6c35c8c67234d98350246389fbfb62b41.apk!AndroidManifest.xml"", ""detail"": ""Components override the default task affinity: com.reddit.matrix.feature.chats.sheets.mute.ChatMuteOptionsActivity→<empty>"", ""entries"": [{""description"": ""component@taskAffinity"", ""location"": ""/home/secadmin/Laughlin/GitHub/ScytaleDroid/data/store/apk/sha256/c0/c02382f2079eefa2038b52d1d43af6e6c35c8c67234d98350246389fbfb62b41.apk!AndroidManifest.xml""}]}",Ensure custom task affinities are required and do not leak activities into other apps.,,,PLATFORM,manifest_baseline,,,679bd001b7e0d213ea2a997778ba6e6bed8919babbd2d1dc73bc2db521354135,2026-07-08 18:01:59,PLATFORM,
217955,6122,manifest_custom_process,INFO,Low,P2,PLATFORM,Components run in custom processes,[],"{""path"": ""/home/secadmin/Laughlin/GitHub/ScytaleDroid/data/store/apk/sha256/c0/c02382f2079eefa2038b52d1d43af6e6c35c8c67234d98350246389fbfb62b41.apk!AndroidManifest.xml"", ""detail"": ""Manifest assigns custom android:process values. Review isolation expectations for: com.jakewharton.processphoenix.PhoenixActivity→:phoenix, com.jakewharton.processphoenix.PhoenixService→:phoenix"", ""entries"": [{""description"": ""component@process"", ""location"": ""/home/secadmin/Laughlin/GitHub/ScytaleDroid/data/store/apk/sha256/c0/c02382f2079eefa2038b52d1d43af6e6c35c8c67234d98350246389fbfb62b41.apk!AndroidManifest.xml""}]}",Document why components require custom processes and ensure permissions isolate IPC boundaries.,,,PLATFORM,manifest_baseline,,,379ede5ba7be7e9772c44c2d79d78ee8819f490a1ade2f034c3b3d20d6d6e96d,2026-07-08 18:01:59,PLATFORM,
217956,6122,ipc_activity_open_com.reddit.session.ui.external.ExternalAuthActivity,WARN,Medium,P1,PLATFORM,Exported activity without permission,[],"{""detail"": ""Activity com.reddit.session.ui.external.ExternalAuthActivity is exported but does not declare android:permission.""}",Restrict the component with signature-level permissions or mark it non-exported unless explicitly required.,BASE-IPC-COMP-NO-ACL,8.0,PLATFORM,ipc_components,,,087b12f78f26d8f1543d7200637ba974eec0e4de26a2aefc28f2f788ed97c3b8,2026-07-08 18:01:59,PLATFORM,PLATFORM-IPC-1
217957,6122,ipc_activity_open_com.reddit.launch.main.MainActivity,WARN,Medium,P1,PLATFORM,Exported activity without permission,[],"{""detail"": ""Activity com.reddit.launch.main.MainActivity is exported but does not declare android:permission.""}",Restrict the component with signature-level permissions or mark it non-exported unless explicitly required.,BASE-IPC-COMP-NO-ACL,8.0,PLATFORM,ipc_components,,,97db3da121193674edf74323f7666b88a9f05aa119751950b2a682701a27b4a3,2026-07-08 18:01:59,PLATFORM,PLATFORM-IPC-1
217958,6122,ipc_activity-alias_open_launcher.worldcup2026,WARN,Medium,P1,PLATFORM,Exported activity alias without permission,[],"{""detail"": ""Activity Alias launcher.worldcup2026 is exported but does not declare android:permission.""}",Restrict the component with signature-level permissions or mark it non-exported unless explicitly required.,BASE-IPC-COMP-NO-ACL,8.0,PLATFORM,ipc_components,,,a6a9a0eced1d504b9fe1c9abda87514cf227df3ea70432b23486bcd4ea485fd6,2026-07-08 18:01:59,PLATFORM,PLATFORM-IPC-1
217959,6122,ipc_activity-alias_open_launcher.planet,WARN,Medium,P1,PLATFORM,Exported activity alias without permission,[],"{""detail"": ""Activity Alias launcher.planet is exported but does not declare android:permission.""}",Restrict the component with signature-level permissions or mark it non-exported unless explicitly required.,BASE-IPC-COMP-NO-ACL,8.0,PLATFORM,ipc_components,,,672d3b446d7d2eda9f136a8106c28c5bac3b69dcd0212de3075f31a6b3444c23,2026-07-08 18:01:59,PLATFORM,PLATFORM-IPC-1
217960,6122,ipc_activity-alias_open_launcher.astronaut,WARN,Medium,P1,PLATFORM,Exported activity alias without permission,[],"{""detail"": ""Activity Alias launcher.astronaut is exported but does not declare android:permission.""}",Restrict the component with signature-level permissions or mark it non-exported unless explicitly required.,BASE-IPC-COMP-NO-ACL,8.0,PLATFORM,ipc_components,,,6dda67857a54afc3b69b0744d6e3d381338504f9b26cc41f1d9ce24adcfb84bd,2026-07-08 18:01:59,PLATFORM,PLATFORM-IPC-1
217961,6122,ipc_activity-alias_open_launcher.amazedoge,WARN,Medium,P1,PLATFORM,Exported activity alias without permission,[],"{""detail"": ""Activity Alias launcher.amazedoge is exported but does not declare android:permission.""}",Restrict the component with signature-level permissions or mark it non-exported unless explicitly required.,BASE-IPC-COMP-NO-ACL,8.0,PLATFORM,ipc_components,,,f56519c21a7ffab1aab795ff7d5c61af21a78cf5ff8dad48125309d52dc4d265,2026-07-08 18:01:59,PLATFORM,PLATFORM-IPC-1
217962,6122,ipc_activity-alias_open_launcher.doge,WARN,Medium,P1,PLATFORM,Exported activity alias without permission,[],"{""detail"": ""Activity Alias launcher.doge is exported but does not declare android:permission.""}",Restrict the component with signature-level permissions or mark it non-exported unless explicitly required.,BASE-IPC-COMP-NO-ACL,8.0,PLATFORM,ipc_components,,,7c3e34a56a473930ffe5e7ff8ffc4e383080e103eb4d705312a2bbc160aad139,2026-07-08 18:01:59,PLATFORM,PLATFORM-IPC-1
217963,6122,ipc_activity-alias_open_launcher.stocks,WARN,Medium,P1,PLATFORM,Exported activity alias without permission,[],"{""detail"": ""Activity Alias launcher.stocks is exported but does not declare android:permission.""}",Restrict the component with signature-level permissions or mark it non-exported unless explicitly required.,BASE-IPC-COMP-NO-ACL,8.0,PLATFORM,ipc_components,,,745d1a13bde6e96d8f9cdd91c4c33de950fdaee45a15172b110de1400b967ac5,2026-07-08 18:01:59,PLATFORM,PLATFORM-IPC-1
217964,6122,ipc_activity-alias_open_launcher.rocket,WARN,Medium,P1,PLATFORM,Exported activity alias without permission,[],"{""detail"": ""Activity Alias launcher.rocket is exported but does not declare android:permission.""}",Restrict the component with signature-level permissions or mark it non-exported unless explicitly required.,BASE-IPC-COMP-NO-ACL,8.0,PLATFORM,ipc_components,,,e37f67cfa569080591297a06c178f9596e08904cdecfc80ae3dbd6af69af950e,2026-07-08 18:01:59,PLATFORM,PLATFORM-IPC-1
217965,6122,ipc_activity-alias_open_launcher.tothemoon,WARN,Medium,P1,PLATFORM,Exported activity alias without permission,[],"{""detail"": ""Activity Alias launcher.tothemoon is exported but does not declare android:permission.""}",Restrict the component with signature-level permissions or mark it non-exported unless explicitly required.,BASE-IPC-COMP-NO-ACL,8.0,PLATFORM,ipc_components,,,a094a1a0f2b4fa610cd3d4c4264bdcca376e032962db183aa6d73b976f7fc562,2026-07-08 18:01:59,PLATFORM,PLATFORM-IPC-1
217966,6122,ipc_activity-alias_open_launcher.wallstreet,WARN,Medium,P1,PLATFORM,Exported activity alias without permission,[],"{""detail"": ""Activity Alias launcher.wallstreet is exported but does not declare android:permission.""}",Restrict the component with signature-level permissions or mark it non-exported unless explicitly required.,BASE-IPC-COMP-NO-ACL,8.0,PLATFORM,ipc_components,,,3e73e4a3d10e2ab4601e6afc5f70ae28f50676c158fefb7974e015c53ab946e9,2026-07-08 18:01:59,PLATFORM,PLATFORM-IPC-1
217967,6122,ipc_activity-alias_open_launcher.classic,WARN,Medium,P1,PLATFORM,Exported activity alias without permission,[],"{""detail"": ""Activity Alias launcher.classic is exported but does not declare android:permission.""}",Restrict the component with signature-level permissions or mark it non-exported unless explicitly required.,BASE-IPC-COMP-NO-ACL,8.0,PLATFORM,ipc_components,,,d1c6fdd9f281949a3a97e319e4e42145663310c91b2ebd5c0906a752e57971c8,2026-07-08 18:01:59,PLATFORM,PLATFORM-IPC-1
217968,6122,ipc_activity-alias_open_launcher.alien_blue,WARN,Medium,P1,PLATFORM,Exported activity alias without permission,[],"{""detail"": ""Activity Alias launcher.alien_blue is exported but does not declare android:permission.""}",Restrict the component with signature-level permissions or mark it non-exported unless explicitly required.,BASE-IPC-COMP-NO-ACL,8.0,PLATFORM,ipc_components,,,51d9611b52d7df6700d257267497936363100f6dfb829abdcd11db3216517a1d,2026-07-08 18:01:59,PLATFORM,PLATFORM-IPC-1
217969,6122,ipc_activity-alias_open_launcher.vitruvian,WARN,Medium,P1,PLATFORM,Exported activity alias without permission,[],"{""detail"": ""Activity Alias launcher.vitruvian is exported but does not declare android:permission.""}",Restrict the component with signature-level permissions or mark it non-exported unless explicitly required.,BASE-IPC-COMP-NO-ACL,8.0,PLATFORM,ipc_components,,,05bb398345d633c009decb0b873a8999f23875f275b89a0b002a5aa0ed4f7908,2026-07-08 18:01:59,PLATFORM,PLATFORM-IPC-1
217970,6122,ipc_activity-alias_open_launcher.vaporwave,WARN,Medium,P1,PLATFORM,Exported activity alias without permission,[],"{""detail"": ""Activity Alias launcher.vaporwave is exported but does not declare android:permission.""}",Restrict the component with signature-level permissions or mark it non-exported unless explicitly required.,BASE-IPC-COMP-NO-ACL,8.0,PLATFORM,ipc_components,,,066f1cc33cadc1cb30a0b306a50da2c289d4896ba98ce4fa828d9ea7bdfbf360,2026-07-08 18:01:59,PLATFORM,PLATFORM-IPC-1
217971,6122,ipc_activity-alias_open_launcher.retro,WARN,Medium,P1,PLATFORM,Exported activity alias without permission,[],"{""detail"": ""Activity Alias launcher.retro is exported but does not declare android:permission.""}",Restrict the component with signature-level permissions or mark it non-exported unless explicitly required.,BASE-IPC-COMP-NO-ACL,8.0,PLATFORM,ipc_components,,,6674824e7a87f0b3f65ba03f090f2997ed3c4c4af9a480b480bdd098eadf1c13,2026-07-08 18:01:59,PLATFORM,PLATFORM-IPC-1
217972,6122,ipc_activity-alias_open_launcher.chibi,WARN,Medium,P1,PLATFORM,Exported activity alias without permission,[],"{""detail"": ""Activity Alias launcher.chibi is exported but does not declare android:permission.""}",Restrict the component with signature-level permissions or mark it non-exported unless explicitly required.,BASE-IPC-COMP-NO-ACL,8.0,PLATFORM,ipc_components,,,8c173dace5cd00029967a8e586b78909e3104983b2529602e191cb4d6bb6852c,2026-07-08 18:01:59,PLATFORM,PLATFORM-IPC-1
217973,6122,ipc_activity-alias_open_launcher.mechasnoo,WARN,Medium,P1,PLATFORM,Exported activity alias without permission,[],"{""detail"": ""Activity Alias launcher.mechasnoo is exported but does not declare android:permission.""}",Restrict the component with signature-level permissions or mark it non-exported unless explicitly required.,BASE-IPC-COMP-NO-ACL,8.0,PLATFORM,ipc_components,,,94ec7fbdb7f4de754656302a53b08e307a9d2a305f54062dcbbb1a4db60022e5,2026-07-08 18:01:59,PLATFORM,PLATFORM-IPC-1
217974,6122,ipc_activity-alias_open_launcher.pixels,WARN,Medium,P1,PLATFORM,Exported activity alias without permission,[],"{""detail"": ""Activity Alias launcher.pixels is exported but does not declare android:permission.""}",Restrict the component with signature-level permissions or mark it non-exported unless explicitly required.,BASE-IPC-COMP-NO-ACL,8.0,PLATFORM,ipc_components,,,9f9a5ef3154a77b1ae92b7bdc6d9c374ac5e1ee74454797686204a83e07fb9c8,2026-07-08 18:01:59,PLATFORM,PLATFORM-IPC-1
217975,6122,ipc_activity-alias_open_launcher.neon,WARN,Medium,P1,PLATFORM,Exported activity alias without permission,[],"{""detail"": ""Activity Alias launcher.neon is exported but does not declare android:permission.""}",Restrict the component with signature-level permissions or mark it non-exported unless explicitly required.,BASE-IPC-COMP-NO-ACL,8.0,PLATFORM,ipc_components,,,600c88587120d1d4f4252b20118efbb4a5ca5ac04faf38e2253aa05f8b91406f,2026-07-08 18:01:59,PLATFORM,PLATFORM-IPC-1
217976,6122,ipc_activity-alias_open_launcher.pullover,WARN,Medium,P1,PLATFORM,Exported activity alias without permission,[],"{""detail"": ""Activity Alias launcher.pullover is exported but does not declare android:permission.""}",Restrict the component with signature-level permissions or mark it non-exported unless explicitly required.,BASE-IPC-COMP-NO-ACL,8.0,PLATFORM,ipc_components,,,eb54d3aae413596d452ca3a2dc897933981aa57f0dc8680cee4dd4648651f52a,2026-07-08 18:01:59,PLATFORM,PLATFORM-IPC-1
217977,6122,ipc_activity-alias_open_launcher.brrr,WARN,Medium,P1,PLATFORM,Exported activity alias without permission,[],"{""detail"": ""Activity Alias launcher.brrr is exported but does not declare android:permission.""}",Restrict the component with signature-level permissions or mark it non-exported unless explicitly required.,BASE-IPC-COMP-NO-ACL,8.0,PLATFORM,ipc_components,,,b0ff1eafcf711f6713c032933ce8fab3815163282a2722d51dbd2459f504712c,2026-07-08 18:01:59,PLATFORM,PLATFORM-IPC-1
217978,6122,ipc_activity-alias_open_launcher.redditgifts,WARN,Medium,P1,PLATFORM,Exported activity alias without permission,[],"{""detail"": ""Activity Alias launcher.redditgifts is exported but does not declare android:permission.""}",Restrict the component with signature-level permissions or mark it non-exported unless explicitly required.,BASE-IPC-COMP-NO-ACL,8.0,PLATFORM,ipc_components,,,9d18f6eaa4ed08bc0fb376b574fc146874f19492d6fbf01896b4cfb365bc69f4,2026-07-08 18:01:59,PLATFORM,PLATFORM-IPC-1
217979,6122,ipc_activity-alias_open_launcher.default,WARN,Medium,P1,PLATFORM,Exported activity alias without permission,[],"{""detail"": ""Activity Alias launcher.default is exported but does not declare android:permission.""}",Restrict the component with signature-level permissions or mark it non-exported unless explicitly required.,BASE-IPC-COMP-NO-ACL,8.0,PLATFORM,ipc_components,,,08f9016e0822d1831834e1fd05c9ff3823a9aee66fbc39807d47b750ef10658f,2026-07-08 18:01:59,PLATFORM,PLATFORM-IPC-1
217980,6122,ipc_activity-alias_open_com.reddit.frontpage.StartActivity,WARN,Medium,P1,PLATFORM,Exported activity alias without permission,[],"{""detail"": ""Activity Alias com.reddit.frontpage.StartActivity is exported but does not declare android:permission.""}",Restrict the component with signature-level permissions or mark it non-exported unless explicitly required.,BASE-IPC-COMP-NO-ACL,8.0,PLATFORM,ipc_components,,,6bbf1b6d670192ddab5607f626686efabb22504fdda0de4585f0b2a719acb3b6,2026-07-08 18:01:59,PLATFORM,PLATFORM-IPC-1
217981,6122,ipc_activity_open_com.reddit.frontpage.RedditDeepLinkActivity,WARN,Medium,P1,PLATFORM,Exported activity without permission,[],"{""detail"": ""Activity com.reddit.frontpage.RedditDeepLinkActivity is exported but does not declare android:permission.""}",Restrict the component with signature-level permissions or mark it non-exported unless explicitly required.,BASE-IPC-COMP-NO-ACL,8.0,PLATFORM,ipc_components,,,4d3d006508ad750cde5d0f3d8f6a8d1f9148c28c62e8e5dc63c36aefbed4b388,2026-07-08 18:01:59,PLATFORM,PLATFORM-IPC-1
217982,6122,ipc_activity_open_com.reddit.mmp.ui.RedditMailLinkActivity,WARN,Medium,P1,PLATFORM,Exported activity without permission,[],"{""detail"": ""Activity com.reddit.mmp.ui.RedditMailLinkActivity is exported but does not declare android:permission.""}",Restrict the component with signature-level permissions or mark it non-exported unless explicitly required.,BASE-IPC-COMP-NO-ACL,8.0,PLATFORM,ipc_components,,,095511917cbe9e87e2a374fa05f6ad7d167acf0c5c4e255209c3bb1e9d392dfc,2026-07-08 18:01:59,PLATFORM,PLATFORM-IPC-1
217983,6122,ipc_activity_open_com.reddit.mmp.appsflyer.ui.AppsFlyerLinkActivity,WARN,Medium,P1,PLATFORM,Exported activity without permission,[],"{""detail"": ""Activity com.reddit.mmp.appsflyer.ui.AppsFlyerLinkActivity is exported but does not declare android:permission.""}",Restrict the component with signature-level permissions or mark it non-exported unless explicitly required.,BASE-IPC-COMP-NO-ACL,8.0,PLATFORM,ipc_components,,,a9293b476b0cf05bd5aa8b029023a35272f8165f5293245528be07a48d3a90e6,2026-07-08 18:01:59,PLATFORM,PLATFORM-IPC-1
217984,6122,ipc_activity_open_com.reddit.sharing.ShareActivity,WARN,Medium,P1,PLATFORM,Exported activity without permission,[],"{""detail"": ""Activity com.reddit.sharing.ShareActivity is exported but does not declare android:permission.""}",Restrict the component with signature-level permissions or mark it non-exported unless explicitly required.,BASE-IPC-COMP-NO-ACL,8.0,PLATFORM,ipc_components,,,fde18a335a164cf2f276eea4827ca584baf1ce80a59c3c8a01f3543c9c381715,2026-07-08 18:01:59,PLATFORM,PLATFORM-IPC-1
217985,6122,ipc_activity_open_com.reddit.notification.impl.ui.push.PushNotificationSettingsLauncherActivity,WARN,Medium,P1,PLATFORM,Exported activity without permission,[],"{""detail"": ""Activity com.reddit.notification.impl.ui.push.PushNotificationSettingsLauncherActivity is exported but does not declare android:permission.""}",Restrict the component with signature-level permissions or mark it non-exported unless explicitly required.,BASE-IPC-COMP-NO-ACL,8.0,PLATFORM,ipc_components,,,045b98ac254359982e801cde96f1d43eb99244a02c7b5762a8edaf452c81bc8f,2026-07-08 18:01:59,PLATFORM,PLATFORM-IPC-1
217986,6122,ipc_service_open_com.reddit.auth.login.impl.AuthService,WARN,Medium,P1,PLATFORM,Exported service without permission,[],"{""detail"": ""Service com.reddit.auth.login.impl.AuthService is exported but does not declare android:permission.""}",Restrict the component with signature-level permissions or mark it non-exported unless explicitly required.,BASE-IPC-COMP-NO-ACL,8.0,PLATFORM,ipc_components,,,4997b37bbad629ea4a840b57ee537f84784d2f7d4a59b85fd8b356563a843c28,2026-07-08 18:01:59,PLATFORM,PLATFORM-IPC-1
217987,6122,ipc_receiver_open_com.reddit.cubes.AppEngageBroadcastReceiver,WARN,Medium,P1,PLATFORM,Exported receiver without permission,[],"{""detail"": ""Receiver com.reddit.cubes.AppEngageBroadcastReceiver is exported but does not declare android:permission.""}",Restrict the component with signature-level permissions or mark it non-exported unless explicitly required.,BASE-IPC-COMP-NO-ACL,8.0,PLATFORM,ipc_components,,,081f141e4c37eb95f91841aeef2dd80e826209886964e18be851f04966e8ad2a,2026-07-08 18:01:59,PLATFORM,PLATFORM-IPC-1
217988,6122,ipc_activity_open_com.reddit.auth.login.screen.AuthActivityKt,WARN,Medium,P1,PLATFORM,Exported activity without permission,[],"{""detail"": ""Activity com.reddit.auth.login.screen.AuthActivityKt is exported but does not declare android:permission.""}",Restrict the component with signature-level permissions or mark it non-exported unless explicitly required.,BASE-IPC-COMP-NO-ACL,8.0,PLATFORM,ipc_components,,,dc8a1b401e84bc0699c1e86e6c95c67e0eb3464fb20542d1e84a51e0f9fe8cb1,2026-07-08 18:01:59,PLATFORM,PLATFORM-IPC-1
217989,6122,ipc_activity_open_com.reddit.answers.sharing.AnswersTextSelectionActivity,WARN,Medium,P1,PLATFORM,Exported activity without permission,[],"{""detail"": ""Activity com.reddit.answers.sharing.AnswersTextSelectionActivity is exported but does not declare android:permission.""}",Restrict the component with signature-level permissions or mark it non-exported unless explicitly required.,BASE-IPC-COMP-NO-ACL,8.0,PLATFORM,ipc_components,,,93c5ecf37cea0ad9cb9a8b877690a7c533a7f955916ef5ccdeafdbfe3aae1083,2026-07-08 18:01:59,PLATFORM,PLATFORM-IPC-1
217990,6122,ipc_activity_open_com.google.firebase.auth.internal.GenericIdpActivity,WARN,Medium,P1,PLATFORM,Exported activity without permission,[],"{""detail"": ""Activity com.google.firebase.auth.internal.GenericIdpActivity is exported but does not declare android:permission.""}",Restrict the component with signature-level permissions or mark it non-exported unless explicitly required.,BASE-IPC-COMP-NO-ACL,8.0,PLATFORM,ipc_components,,,8fe8337ef95f9ec1b042b14d39d66ad278307bee864571456c5f553a3727676e,2026-07-08 18:01:59,PLATFORM,PLATFORM-IPC-1
217991,6122,ipc_activity_open_com.google.firebase.auth.internal.RecaptchaActivity,WARN,Medium,P1,PLATFORM,Exported activity without permission,[],"{""detail"": ""Activity com.google.firebase.auth.internal.RecaptchaActivity is exported but does not declare android:permission.""}",Restrict the component with signature-level permissions or mark it non-exported unless explicitly required.,BASE-IPC-COMP-NO-ACL,8.0,PLATFORM,ipc_components,,,8988b5c02b3b39875386d493b0b335d02974ec28c42f4ac53cdb43bdb7744ebc,2026-07-08 18:01:59,PLATFORM,PLATFORM-IPC-1
217992,6122,ipc_service_weak_permission_com.google.android.gms.auth.api.signin.RevocationBoundService,WARN,Medium,P1,PLATFORM,Weak permission guard on exported service,[],"{""detail"": ""Service com.google.android.gms.auth.api.signin.RevocationBoundService uses com.google.android.gms.auth.api.signin.permission.REVOCATION_NOTIFICATION (protectionLevel=unspecified), which is insufficient for exported components.""}",Protect the component with a signature-level permission or mark it non-exported.,,,PLATFORM,ipc_components,,,333620b6726a9959216b7d765dc48d0cdfd4b817f914fe21914e4a734b970792,2026-07-08 18:01:59,PLATFORM,
217993,6122,ipc_receiver_weak_permission_com.google.firebase.iid.FirebaseInstanceIdReceiver,WARN,Medium,P1,PLATFORM,Weak permission guard on exported receiver,[],"{""detail"": ""Receiver com.google.firebase.iid.FirebaseInstanceIdReceiver uses com.google.android.c2dm.permission.SEND (protectionLevel=unspecified), which is insufficient for exported components.""}",Protect the component with a signature-level permission or mark it non-exported.,,,PLATFORM,ipc_components,,,801a80d1d4bf8adabab2d6125f2ede620061207fdfa45b7458a8fc4129d8acec,2026-07-08 18:01:59,PLATFORM,
217994,6122,ipc_service_permission_androidx.work.impl.background.systemjob.SystemJobService,INFO,Low,P2,PLATFORM,Exported service gated by android.permission.BIND_JOB_SERVICE,[],"{""detail"": ""Exported service relies on android.permission.BIND_JOB_SERVICE (protectionLevel=signature).""}",Document the permission contract and monitor for unexpected callers.,BASE-IPC-EXPORTED-WITH-PERM,2.5,PLATFORM,ipc_components,,,010feff1d370cdde2b30a44baa245760ecc86f7b41a538afeb48267dd5a387b4,2026-07-08 18:01:59,PLATFORM,PLATFORM-IPC-1
217995,6122,ipc_receiver_weak_permission_androidx.work.impl.diagnostics.DiagnosticsReceiver,WARN,Medium,P1,PLATFORM,Weak permission guard on exported receiver,[],"{""detail"": ""Receiver androidx.work.impl.diagnostics.DiagnosticsReceiver uses android.permission.DUMP (protectionLevel=unspecified), which is insufficient for exported components.""}",Protect the component with a signature-level permission or mark it non-exported.,,,PLATFORM,ipc_components,,,9941e0eccdf7d3b4774f715de75a66f6bc0c3a6738cde28ebf468fc203a6652b,2026-07-08 18:01:59,PLATFORM,
217996,6122,ipc_receiver_weak_permission_androidx.profileinstaller.ProfileInstallReceiver,WARN,Medium,P1,PLATFORM,Weak permission guard on exported receiver,[],"{""detail"": ""Receiver androidx.profileinstaller.ProfileInstallReceiver uses android.permission.DUMP (protectionLevel=unspecified), which is insufficient for exported components.""}",Protect the component with a signature-level permission or mark it non-exported.,,,PLATFORM,ipc_components,,,a1011e55cd81e1a5efa21cd3531f8f576789e1e4757a87011b59740f80197b8d,2026-07-08 18:01:59,PLATFORM,
217997,6122,ipc_shared_user_id,WARN,Medium,P1,PLATFORM,sharedUserId in use (com.reddit.reddit),[],"{""detail"": ""Application declares android:sharedUserId, allowing other packages signed with the same cert to share UID and permissions. Combined permission surface: android.permission.ACCESS_ADSERVICES_AD_ID, android.permission.ACCESS_COARSE_LOCATION, android.permis...""}",Avoid sharedUserId unless absolutely necessary. Prefer explicit IPC contracts and signature permissions.,,,PLATFORM,ipc_components,,,2a9b1110a9725bdcfa30f8e0714c01ce9a9e6bc56498de12a3e08368e13352a6,2026-07-08 18:01:59,PLATFORM,
217998,6122,domain_verification_misconfigured_autoverify,WARN,Medium,P1,PLATFORM,android:autoVerify is declared on filters that are unlikely to verify,"[""app_links"", ""auto_verify"", ""misconfiguration""]","{""path"": ""/home/secadmin/Laughlin/GitHub/ScytaleDroid/data/store/apk/sha256/c0/c02382f2079eefa2038b52d1d43af6e6c35c8c67234d98350246389fbfb62b41.apk!AndroidManifest.xml::activity:com.reddit.frontpage.RedditDeepLinkActivity#intent-filter[2]"", ""detail"": ""11 autoVerify filter(s) do not match the expected App Links shape (VIEW + BROWSABLE + DEFAULT + HTTPS host), so verification may never succeed."", ""entries"": [{""description"": ""activity com.reddit.frontpage.RedditDeepLinkActivity"", ""location"": ""/home/secadmin/Laughlin/GitHub/ScytaleDroid/data/store/apk/sha256/c0/c02382f2079eefa2038b52d1d43af6e6c35c8c67234d98350246389fbfb62b41.apk!AndroidManifest.xml::activity:com.reddit.frontpage.RedditDeepLinkActivity#intent-filter[2]""}, {""description"": ""activity com.reddit.frontpage.RedditDeepLinkActivity"", ""location"": ""/home/secadmin/Laughlin/GitHub/ScytaleDroid/data/store/apk/sha256/c0/c02382f2079eefa2038b52d1d43af6e6c35c8c67234d98350246389fbfb62b41.apk!AndroidManifest.xml::activity:com.reddit.frontpage.RedditDeepLinkActivity#intent-filter[4]""}]}","Restrict android:autoVerify to real web-link handlers with VIEW, BROWSABLE, DEFAULT, and lowercase HTTPS host declarations.",,,PLATFORM,domain_verification,,,6c2dfe327864f152945f92015679d407a8b79cdcd7e994bf180d936fe8c6fd13,2026-07-08 18:01:59,PLATFORM,
217999,6122,storage_allow_backup,WARN,Medium,P1,STORAGE,Application allows Android backup,[],"{""detail"": ""android:allowBackup is true; user data may leak via adb backup.""}",Disable backups or provide custom BackupAgent filtering secrets.,,,STORAGE,storage_backup,,,b9cd119277283edf2e7f596f5768300bcfef5ff9148da23ee73f1590fd01c6ce,2026-07-08 18:01:59,STORAGE,
218000,6122,storage_sensitive_keys,INFO,Low,P2,STORAGE,Potential sensitive preference keys,[],"{""path"": ""/home/secadmin/Laughlin/GitHub/ScytaleDroid/data/store/apk/sha256/c0/c02382f2079eefa2038b52d1d43af6e6c35c8c67234d98350246389fbfb62b41.apk!string[resources.arsc]"", ""detail"": ""Keys referencing tokens/secrets detected in resources or code."", ""entries"": [{""description"": ""Potential sensitive key 'Let us know your cookie preferences'"", ""hash_short"": ""#h:d5fd8d12"", ""location"": ""/home/secadmin/Laughlin/GitHub/ScytaleDroid/data/store/apk/sha256/c0/c02382f2079eefa2038b52d1d43af6e6c35c8c67234d98350246389fbfb62b41.apk!string[resources.arsc]""}, {""description"": ""Potential sensitive key 'Review your cookie preferences'"", ""hash_short"": ""#h:19ac9795"", ""location"": ""/home/secadmin/Laughlin/GitHub/ScytaleDroid/data/store/apk/sha256/c0/c02382f2079eefa2038b52d1d43af6e6c35c8c67234d98350246389fbfb62b41.apk!string[resources.arsc]""}, {""description"": ""Potential sensitive key 'Invalid token'"", ""hash_short"": ""#h:086efea7"", ""location"": ""/home/secadmin/Laughlin/GitHub/ScytaleDroid/data/store/apk/sha256/c0/c02382f2079eefa2038b52d1d43af6e6c35c8c67234d98350246389fbfb62b41.apk!string[resources.arsc]""}, {""description"": ""Potential sensitive key 'Error. No current push token available.'"", ""hash_short"": ""#h:92fe0214"", ""location"": ""/home/secadmin/Laughlin/GitHub/ScytaleDroid/data/store/apk/sha256/c0/c02382f2079eefa2038b52d1d43af6e6c35c8c67234d98350246389fbfb62b41.apk!string[resources.arsc]""}, {""description"": ""Potential sensitive key 'The secretive members-only subreddit'"", ""hash_short"": ""#h:db21455b"", ""location"": ""/home/secadmin/Laughlin/GitHub/ScytaleDroid/data/store/apk/sha256/c0/c02382f2079eefa2038b52d1d43af6e6c35c8c67234d98350246389fbfb62b41.apk!string[resources.arsc]""}]}",Ensure sensitive tokens are encrypted or stored within Android Keystore-backed preferences.,,,STORAGE,storage_backup,,,31c489d38ebb39c0598259fff12c8dc19a34c295bcc53aa8511acda6bebcb9be,2026-07-08 18:01:59,STORAGE,
218001,6122,dfir_permission_hypothesis,INFO,Info,NOTE,PRIVACY,Permissions imply sensitive runtime stores,[],"{""detail"": ""Dangerous permissions map to likely on-device data locations.""}",Plan minimal adb pulls to validate the presence of these artefacts after dynamic testing.,,,PRIVACY,dfir_hints,,,636d01ce20e111541057203bd363f5e2cdb7bd0ab2b7842a4e8d2a47d12c2fbd,2026-07-08 18:01:59,PRIVACY,
218002,6122,risk_profile,WARN,High,P0,OTHER,Correlation priority — Critical,"[""risk_profile_downgraded""]","{""detail"": ""Correlation priority score 5144 (Critical); synthetic prioritization signal.""}",Prioritise remediation of the contributing findings that raised this synthetic priority score.,,,OTHER,correlation_engine,,,f3d0504a11e16371a7aaa70907ffedf192a71ebb21a2243ba163558bb8860408,2026-07-08 18:01:59,OTHER,
224653,6255,manifest_exported_weak_guards,WARN,Medium,P1,PLATFORM,Exported components use weak guards,[],"{""path"": ""/home/secadmin/Laughlin/GitHub/ScytaleDroid/data/store/apk/sha256/8d/8d659351afba5371fa4b57ce55c412a7e6224f4833989e2c47b941908ce52688.apk!AndroidManifest.xml"", ""detail"": ""Exported components rely on normal/dangerous permissions or no guard at all: androidx.compose.ui.tooling.PreviewActivity, androidx.profileinstaller.ProfileInstallReceiver, androidx.tracing.perfetto.TracingReceiver, androidx.work.impl.diagnostics.Diagnos..."", ""entries"": [{""description"": ""component@permission"", ""location"": ""/home/secadmin/Laughlin/GitHub/ScytaleDroid/data/store/apk/sha256/8d/8d659351afba5371fa4b57ce55c412a7e6224f4833989e2c47b941908ce52688.apk!AndroidManifest.xml""}]}",Protect exported components with signature-level permissions or mark them non-exported.,,,PLATFORM,manifest_baseline,,,59d667beb752de862150ec99427e4f7cc3396ed067f06fc00f18ed1a31ad6ad4,2026-07-09 11:18:49,PLATFORM,
224654,6255,manifest_custom_permissions_review,INFO,Low,P2,PLATFORM,Review custom permission protection levels,[],"{""path"": ""/home/secadmin/Laughlin/GitHub/ScytaleDroid/data/store/apk/sha256/8d/8d659351afba5371fa4b57ce55c412a7e6224f4833989e2c47b941908ce52688.apk!AndroidManifest.xml"", ""detail"": ""Custom permissions use uncommon protection levels: com.linkedin.android.DYNAMIC_RECEIVER_NOT_EXPORTED_PERMISSION"", ""entries"": [{""description"": ""permission@protectionLevel"", ""location"": ""/home/secadmin/Laughlin/GitHub/ScytaleDroid/data/store/apk/sha256/8d/8d659351afba5371fa4b57ce55c412a7e6224f4833989e2c47b941908ce52688.apk!AndroidManifest.xml""}]}",Verify the custom protection levels only grant access to trusted callers.,,,PLATFORM,manifest_baseline,,,e5e962b514ed3583c61a3c4115936d6dfc2e267b1a3593ae498ad74c6099893b,2026-07-09 11:18:49,PLATFORM,
224655,6255,ipc_activity_open_com.linkedin.android.infra.navigation.MainActivity,WARN,Medium,P1,PLATFORM,Exported activity without permission,[],"{""detail"": ""Activity com.linkedin.android.infra.navigation.MainActivity is exported but does not declare android:permission.""}",Restrict the component with signature-level permissions or mark it non-exported unless explicitly required.,BASE-IPC-COMP-NO-ACL,8.0,PLATFORM,ipc_components,,,913dad4bac19f18ce2a1eaa4a6d5f690f358f0c4e98d839feea03fc56a36575e,2026-07-09 11:18:49,PLATFORM,PLATFORM-IPC-1
224656,6255,ipc_activity-alias_open_com.linkedin.android.authenticator.SpringActivityAlias,WARN,Medium,P1,PLATFORM,Exported activity alias without permission,[],"{""detail"": ""Activity Alias com.linkedin.android.authenticator.SpringActivityAlias is exported but does not declare android:permission.""}",Restrict the component with signature-level permissions or mark it non-exported unless explicitly required.,BASE-IPC-COMP-NO-ACL,8.0,PLATFORM,ipc_components,,,6eb3fe8b95695d1c97321f6e4c1edcf33a3df3bc5f927680fa723976fe342a4f,2026-07-09 11:18:49,PLATFORM,PLATFORM-IPC-1
224657,6255,ipc_activity-alias_open_com.linkedin.android.authenticator.IntlWomensDayActivityAlias,WARN,Medium,P1,PLATFORM,Exported activity alias without permission,[],"{""detail"": ""Activity Alias com.linkedin.android.authenticator.IntlWomensDayActivityAlias is exported but does not declare android:permission.""}",Restrict the component with signature-level permissions or mark it non-exported unless explicitly required.,BASE-IPC-COMP-NO-ACL,8.0,PLATFORM,ipc_components,,,f744741e2de5c4dbdc5718dec90bed6781a9dc34824121742ee3de23ec9ff846,2026-07-09 11:18:49,PLATFORM,PLATFORM-IPC-1
224658,6255,ipc_activity-alias_open_com.linkedin.android.authenticator.LunarNewYearActivityAlias,WARN,Medium,P1,PLATFORM,Exported activity alias without permission,[],"{""detail"": ""Activity Alias com.linkedin.android.authenticator.LunarNewYearActivityAlias is exported but does not declare android:permission.""}",Restrict the component with signature-level permissions or mark it non-exported unless explicitly required.,BASE-IPC-COMP-NO-ACL,8.0,PLATFORM,ipc_components,,,37cd4d9cb36bf1143a9bde0a65b23f65f124dece059ebf17494f847ddd897897,2026-07-09 11:18:49,PLATFORM,PLATFORM-IPC-1
224659,6255,ipc_activity-alias_open_com.linkedin.android.authenticator.YIRActivityAlias,WARN,Medium,P1,PLATFORM,Exported activity alias without permission,[],"{""detail"": ""Activity Alias com.linkedin.android.authenticator.YIRActivityAlias is exported but does not declare android:permission.""}",Restrict the component with signature-level permissions or mark it non-exported unless explicitly required.,BASE-IPC-COMP-NO-ACL,8.0,PLATFORM,ipc_components,,,78cdf44ba0423d708874ede6cb3e9b0897ba3080773adb2745bacd3b17868599,2026-07-09 11:18:49,PLATFORM,PLATFORM-IPC-1
224660,6255,ipc_activity-alias_open_com.linkedin.android.authenticator.DiwaliActivityAlias,WARN,Medium,P1,PLATFORM,Exported activity alias without permission,[],"{""detail"": ""Activity Alias com.linkedin.android.authenticator.DiwaliActivityAlias is exported but does not declare android:permission.""}",Restrict the component with signature-level permissions or mark it non-exported unless explicitly required.,BASE-IPC-COMP-NO-ACL,8.0,PLATFORM,ipc_components,,,bb614951f594336b750d51b8d0f12c4f9000604d41f4ee1409217941f4c350a4,2026-07-09 11:18:49,PLATFORM,PLATFORM-IPC-1
224661,6255,ipc_activity-alias_open_com.linkedin.android.authenticator.LaborDayActivityAlias,WARN,Medium,P1,PLATFORM,Exported activity alias without permission,[],"{""detail"": ""Activity Alias com.linkedin.android.authenticator.LaborDayActivityAlias is exported but does not declare android:permission.""}",Restrict the component with signature-level permissions or mark it non-exported unless explicitly required.,BASE-IPC-COMP-NO-ACL,8.0,PLATFORM,ipc_components,,,fdc3a0fe4c5d636b261b59684d340151e18b4ab15a26999fbbcb5a5dafde3eff,2026-07-09 11:18:49,PLATFORM,PLATFORM-IPC-1
224662,6255,ipc_activity-alias_open_com.linkedin.android.authenticator.BirthdayActivityAlias,WARN,Medium,P1,PLATFORM,Exported activity alias without permission,[],"{""detail"": ""Activity Alias com.linkedin.android.authenticator.BirthdayActivityAlias is exported but does not declare android:permission.""}",Restrict the component with signature-level permissions or mark it non-exported unless explicitly required.,BASE-IPC-COMP-NO-ACL,8.0,PLATFORM,ipc_components,,,a6386abedd842b700b9ff799c9d839ac35c671b999292bbb8e50a4d15dffa003,2026-07-09 11:18:49,PLATFORM,PLATFORM-IPC-1
224663,6255,ipc_activity-alias_open_com.linkedin.android.authenticator.IndianIndependenceActivityAlias,WARN,Medium,P1,PLATFORM,Exported activity alias without permission,[],"{""detail"": ""Activity Alias com.linkedin.android.authenticator.IndianIndependenceActivityAlias is exported but does not declare android:permission.""}",Restrict the component with signature-level permissions or mark it non-exported unless explicitly required.,BASE-IPC-COMP-NO-ACL,8.0,PLATFORM,ipc_components,,,19da32c273aa913721619fe0784a2a3eec4e002fb5d29207b92135eb8a691190,2026-07-09 11:18:49,PLATFORM,PLATFORM-IPC-1
224664,6255,ipc_activity-alias_open_com.linkedin.android.authenticator.SummerSolsticeFestivalActivityAlias,WARN,Medium,P1,PLATFORM,Exported activity alias without permission,[],"{""detail"": ""Activity Alias com.linkedin.android.authenticator.SummerSolsticeFestivalActivityAlias is exported but does not declare android:permission.""}",Restrict the component with signature-level permissions or mark it non-exported unless explicitly required.,BASE-IPC-COMP-NO-ACL,8.0,PLATFORM,ipc_components,,,d44e49f12e4fef72ed345872aa4d9eaccfd9549e87abb0099065f1b330d9ebc8,2026-07-09 11:18:49,PLATFORM,PLATFORM-IPC-1
224665,6255,ipc_activity-alias_open_com.linkedin.android.authenticator.EarthFestivalActivityAlias,WARN,Medium,P1,PLATFORM,Exported activity alias without permission,[],"{""detail"": ""Activity Alias com.linkedin.android.authenticator.EarthFestivalActivityAlias is exported but does not declare android:permission.""}",Restrict the component with signature-level permissions or mark it non-exported unless explicitly required.,BASE-IPC-COMP-NO-ACL,8.0,PLATFORM,ipc_components,,,8f80a7e545d6035da75646f0d8f4bf7e264d5bbeb32c7b7af270f68ddbb46bc0,2026-07-09 11:18:49,PLATFORM,PLATFORM-IPC-1
224666,6255,ipc_activity-alias_open_com.linkedin.android.authenticator.CarnivalFestivalActivityAlias,WARN,Medium,P1,PLATFORM,Exported activity alias without permission,[],"{""detail"": ""Activity Alias com.linkedin.android.authenticator.CarnivalFestivalActivityAlias is exported but does not declare android:permission.""}",Restrict the component with signature-level permissions or mark it non-exported unless explicitly required.,BASE-IPC-COMP-NO-ACL,8.0,PLATFORM,ipc_components,,,1f20f3c5ed682c77f80b4e644e9787cbb3d58500a9668abc6e14f6fe7691e7fe,2026-07-09 11:18:49,PLATFORM,PLATFORM-IPC-1
224667,6255,ipc_activity-alias_open_com.linkedin.android.authenticator.NYEFestivalActivityAlias,WARN,Medium,P1,PLATFORM,Exported activity alias without permission,[],"{""detail"": ""Activity Alias com.linkedin.android.authenticator.NYEFestivalActivityAlias is exported but does not declare android:permission.""}",Restrict the component with signature-level permissions or mark it non-exported unless explicitly required.,BASE-IPC-COMP-NO-ACL,8.0,PLATFORM,ipc_components,,,92bbd33824c4a7306b36cecfc9bb589a7b55cdb52528f36b401d9fff8c2a6e63,2026-07-09 11:18:49,PLATFORM,PLATFORM-IPC-1
224668,6255,ipc_activity-alias_open_com.linkedin.android.authenticator.WinterFestivalActivityAlias,WARN,Medium,P1,PLATFORM,Exported activity alias without permission,[],"{""detail"": ""Activity Alias com.linkedin.android.authenticator.WinterFestivalActivityAlias is exported but does not declare android:permission.""}",Restrict the component with signature-level permissions or mark it non-exported unless explicitly required.,BASE-IPC-COMP-NO-ACL,8.0,PLATFORM,ipc_components,,,db9f16dac75f252370253126272e7d2c018c4b2f6ce74a1bb18feca1f5690398,2026-07-09 11:18:49,PLATFORM,PLATFORM-IPC-1
224669,6255,ipc_activity-alias_open_com.linkedin.android.authenticator.FallFestivalActivityAlias,WARN,Medium,P1,PLATFORM,Exported activity alias without permission,[],"{""detail"": ""Activity Alias com.linkedin.android.authenticator.FallFestivalActivityAlias is exported but does not declare android:permission.""}",Restrict the component with signature-level permissions or mark it non-exported unless explicitly required.,BASE-IPC-COMP-NO-ACL,8.0,PLATFORM,ipc_components,,,186a2ba5f1ed1ba3bd2780afc75f6c7efba8bed557dbb2d41f8d82121363c3c6,2026-07-09 11:18:49,PLATFORM,PLATFORM-IPC-1
224670,6255,ipc_activity-alias_open_com.linkedin.android.authenticator.AATestDefaultActivityAlias,WARN,Medium,P1,PLATFORM,Exported activity alias without permission,[],"{""detail"": ""Activity Alias com.linkedin.android.authenticator.AATestDefaultActivityAlias is exported but does not declare android:permission.""}",Restrict the component with signature-level permissions or mark it non-exported unless explicitly required.,BASE-IPC-COMP-NO-ACL,8.0,PLATFORM,ipc_components,,,a7aa836413423e3f4715f0ae81bfa8aaad13c07d21b17d055c4eed4b250046bb,2026-07-09 11:18:49,PLATFORM,PLATFORM-IPC-1
224671,6255,ipc_activity-alias_open_com.linkedin.android.authenticator.PremiumV3ActivityAlias,WARN,Medium,P1,PLATFORM,Exported activity alias without permission,[],"{""detail"": ""Activity Alias com.linkedin.android.authenticator.PremiumV3ActivityAlias is exported but does not declare android:permission.""}",Restrict the component with signature-level permissions or mark it non-exported unless explicitly required.,BASE-IPC-COMP-NO-ACL,8.0,PLATFORM,ipc_components,,,f521cbee807027ac5ef3d717bc5c639c60ca687a456e51c935c6ab8d19bc963a,2026-07-09 11:18:49,PLATFORM,PLATFORM-IPC-1
224672,6255,ipc_activity-alias_open_com.linkedin.android.authenticator.PremiumV2ActivityAlias,WARN,Medium,P1,PLATFORM,Exported activity alias without permission,[],"{""detail"": ""Activity Alias com.linkedin.android.authenticator.PremiumV2ActivityAlias is exported but does not declare android:permission.""}",Restrict the component with signature-level permissions or mark it non-exported unless explicitly required.,BASE-IPC-COMP-NO-ACL,8.0,PLATFORM,ipc_components,,,cff4c424bfce8aadf32b1e025f67c07bf9b958438a4f8ca2f26814f0b59456c5,2026-07-09 11:18:49,PLATFORM,PLATFORM-IPC-1
224673,6255,ipc_activity-alias_open_com.linkedin.android.authenticator.PremiumV1ActivityAlias,WARN,Medium,P1,PLATFORM,Exported activity alias without permission,[],"{""detail"": ""Activity Alias com.linkedin.android.authenticator.PremiumV1ActivityAlias is exported but does not declare android:permission.""}",Restrict the component with signature-level permissions or mark it non-exported unless explicitly required.,BASE-IPC-COMP-NO-ACL,8.0,PLATFORM,ipc_components,,,ff41a61c0489bff8cb3dc6fdd5c72d65951600b0238f7027299ab7a651a55cf3,2026-07-09 11:18:49,PLATFORM,PLATFORM-IPC-1
224674,6255,ipc_activity-alias_open_com.linkedin.android.authenticator.PremiumActivityDefault,WARN,Medium,P1,PLATFORM,Exported activity alias without permission,[],"{""detail"": ""Activity Alias com.linkedin.android.authenticator.PremiumActivityDefault is exported but does not declare android:permission.""}",Restrict the component with signature-level permissions or mark it non-exported unless explicitly required.,BASE-IPC-COMP-NO-ACL,8.0,PLATFORM,ipc_components,,,6064eb254b944144a794eb4582980838e167120bd1ebf13ee1da5076e49436c9,2026-07-09 11:18:49,PLATFORM,PLATFORM-IPC-1
224675,6255,ipc_activity-alias_open_com.linkedin.android.authenticator.LaunchActivityDefault,WARN,Medium,P1,PLATFORM,Exported activity alias without permission,[],"{""detail"": ""Activity Alias com.linkedin.android.authenticator.LaunchActivityDefault is exported but does not declare android:permission.""}",Restrict the component with signature-level permissions or mark it non-exported unless explicitly required.,BASE-IPC-COMP-NO-ACL,8.0,PLATFORM,ipc_components,,,cd31d77785dd8c8858beca83e33a05811b4e7b18baba33ae7b2cc178cdb575a2,2026-07-09 11:18:49,PLATFORM,PLATFORM-IPC-1
224676,6255,ipc_activity_open_com.linkedin.android.l2m.deeplink.CustomDeepLinkHelperActivity,WARN,Medium,P1,PLATFORM,Exported activity without permission,[],"{""detail"": ""Activity com.linkedin.android.l2m.deeplink.CustomDeepLinkHelperActivity is exported but does not declare android:permission.""}",Restrict the component with signature-level permissions or mark it non-exported unless explicitly required.,BASE-IPC-COMP-NO-ACL,8.0,PLATFORM,ipc_components,,,7dfb9da96efa47e9ff08a0d3e6bb32b36ece4a396ed9325e75e352e0bccba185,2026-07-09 11:18:49,PLATFORM,PLATFORM-IPC-1
224677,6255,ipc_activity_open_com.linkedin.android.l2m.deeplink.DeepLinkHelperActivity,WARN,Medium,P1,PLATFORM,Exported activity without permission,[],"{""detail"": ""Activity com.linkedin.android.l2m.deeplink.DeepLinkHelperActivity is exported but does not declare android:permission.""}",Restrict the component with signature-level permissions or mark it non-exported unless explicitly required.,BASE-IPC-COMP-NO-ACL,8.0,PLATFORM,ipc_components,,,1d6d8e77c71f500b3c50dc6df1bd74ae2d9d0a8da8d190108791191fc00eca08,2026-07-09 11:18:49,PLATFORM,PLATFORM-IPC-1
224678,6255,ipc_activity-alias_open_com.linkedin.android.publishing.sharing.MessagingDeepLinkActivity,WARN,Medium,P1,PLATFORM,Exported activity alias without permission,[],"{""detail"": ""Activity Alias com.linkedin.android.publishing.sharing.MessagingDeepLinkActivity is exported but does not declare android:permission.""}",Restrict the component with signature-level permissions or mark it non-exported unless explicitly required.,BASE-IPC-COMP-NO-ACL,8.0,PLATFORM,ipc_components,,,ce1389bdda3812e400acbbd9a2c9d1a86f0154ea9bbb7dd8c032928c352981e5,2026-07-09 11:18:49,PLATFORM,PLATFORM-IPC-1
224679,6255,ipc_activity-alias_open_com.linkedin.android.publishing.sharing.SharingDeepLinkActivity,WARN,Medium,P1,PLATFORM,Exported activity alias without permission,[],"{""detail"": ""Activity Alias com.linkedin.android.publishing.sharing.SharingDeepLinkActivity is exported but does not declare android:permission.""}",Restrict the component with signature-level permissions or mark it non-exported unless explicitly required.,BASE-IPC-COMP-NO-ACL,8.0,PLATFORM,ipc_components,,,047679c1362d70a4392443ea2ce6df385a7ba95af1bdb29db0c1a1db1147d586,2026-07-09 11:18:49,PLATFORM,PLATFORM-IPC-1
224680,6255,ipc_provider_world_com.linkedin.android.growth.appactivation.MeridianUpsellProvider,FAIL,High,P0,PLATFORM,Exported provider without permission — com.linkedin.android.growth.appactivation.MeridianUpsellProvider,[],"{""detail"": ""Content provider is exported without read/write permissions, allowing external processes to query data.""}",Declare readPermission and writePermission or mark the provider as private (exported=false).,,,PLATFORM,ipc_components,,,9bb8ae3667321fbe39616893b95b97154d6d6f2cdd2b48d542d1149201abc5a7,2026-07-09 11:18:49,PLATFORM,
224681,6255,ipc_provider_world_com.linkedin.android.growth.appactivation.appfinder.AppFinderSuggestionsContentProvider,FAIL,High,P0,PLATFORM,Exported provider without permission — com.linkedin.android.growth.appactivation.appfinder.AppFinderSuggestionsContentProvider,[],"{""detail"": ""Content provider is exported without read/write permissions, allowing external processes to query data.""}",Declare readPermission and writePermission or mark the provider as private (exported=false).,,,PLATFORM,ipc_components,,,9bb8ae3667321fbe39616893b95b97154d6d6f2cdd2b48d542d1149201abc5a7,2026-07-09 11:18:49,PLATFORM,
224682,6255,ipc_receiver_open_com.linkedin.android.infra.LocaleChangeReceiver,WARN,Medium,P1,PLATFORM,Exported receiver without permission,[],"{""detail"": ""Receiver com.linkedin.android.infra.LocaleChangeReceiver is exported but does not declare android:permission.""}",Restrict the component with signature-level permissions or mark it non-exported unless explicitly required.,BASE-IPC-COMP-NO-ACL,8.0,PLATFORM,ipc_components,,,79904b1f4a9121dcac4ec6276cf2ce4ffd349036239c5b33d68bdec93c79a8a4,2026-07-09 11:18:49,PLATFORM,PLATFORM-IPC-1
224683,6255,ipc_receiver_open_com.linkedin.android.l2m.seed.PackageReplacedReceiver,WARN,Medium,P1,PLATFORM,Exported receiver without permission,[],"{""detail"": ""Receiver com.linkedin.android.l2m.seed.PackageReplacedReceiver is exported but does not declare android:permission.""}",Restrict the component with signature-level permissions or mark it non-exported unless explicitly required.,BASE-IPC-COMP-NO-ACL,8.0,PLATFORM,ipc_components,,,07a4c03026134739fa2808ccc264dd49e18c17cc2cf550dd6ed36c50479c45bf,2026-07-09 11:18:49,PLATFORM,PLATFORM-IPC-1
224684,6255,ipc_receiver_open_com.linkedin.android.l2m.seed.PreInstallReceiver,WARN,Medium,P1,PLATFORM,Exported receiver without permission,[],"{""detail"": ""Receiver com.linkedin.android.l2m.seed.PreInstallReceiver is exported but does not declare android:permission.""}",Restrict the component with signature-level permissions or mark it non-exported unless explicitly required.,BASE-IPC-COMP-NO-ACL,8.0,PLATFORM,ipc_components,,,6ee97546da2ed5ae80274fd40596a8ba5f18b7a49042fdcec7a51e9dc14def99,2026-07-09 11:18:49,PLATFORM,PLATFORM-IPC-1
224685,6255,ipc_service_permission_com.linkedin.android.infra.prefetch.PrefetchSchedulerService,INFO,Low,P2,PLATFORM,Exported service gated by android.permission.BIND_JOB_SERVICE,[],"{""detail"": ""Exported service relies on android.permission.BIND_JOB_SERVICE (protectionLevel=signature).""}",Document the permission contract and monitor for unexpected callers.,BASE-IPC-EXPORTED-WITH-PERM,2.5,PLATFORM,ipc_components,,,010feff1d370cdde2b30a44baa245760ecc86f7b41a538afeb48267dd5a387b4,2026-07-09 11:18:49,PLATFORM,PLATFORM-IPC-1
224686,6255,ipc_receiver_open_com.linkedin.android.appwidget.ResponsiveWidget,WARN,Medium,P1,PLATFORM,Exported receiver without permission,[],"{""detail"": ""Receiver com.linkedin.android.appwidget.ResponsiveWidget is exported but does not declare android:permission.""}",Restrict the component with signature-level permissions or mark it non-exported unless explicitly required.,BASE-IPC-COMP-NO-ACL,8.0,PLATFORM,ipc_components,,,f21f0a1265dc7f411b363779c4c345c5b41b77d424a8c57f745d18c516b8e533,2026-07-09 11:18:49,PLATFORM,PLATFORM-IPC-1
224687,6255,ipc_service_open_com.linkedin.android.developer.OAuthService,WARN,Medium,P1,PLATFORM,Exported service without permission,[],"{""detail"": ""Service com.linkedin.android.developer.OAuthService is exported but does not declare android:permission.""}",Restrict the component with signature-level permissions or mark it non-exported unless explicitly required.,BASE-IPC-COMP-NO-ACL,8.0,PLATFORM,ipc_components,,,1e8414b6afe8aba717d51ab27acfe19d26d13ef11a01436ac419628b581050e8,2026-07-09 11:18:49,PLATFORM,PLATFORM-IPC-1
224688,6255,ipc_activity_open_com.linkedin.android.growth.samsung.SamsungSyncConsentActivity,WARN,Medium,P1,PLATFORM,Exported activity without permission,[],"{""detail"": ""Activity com.linkedin.android.growth.samsung.SamsungSyncConsentActivity is exported but does not declare android:permission.""}",Restrict the component with signature-level permissions or mark it non-exported unless explicitly required.,BASE-IPC-COMP-NO-ACL,8.0,PLATFORM,ipc_components,,,76800653c71124584d67b8d7860f3de8d76351455abfd24e48dd44faafbfb4ab,2026-07-09 11:18:49,PLATFORM,PLATFORM-IPC-1
224689,6255,ipc_receiver_open_com.linkedin.android.growth.appactivation.appwidgets.highlights.MediumHighlightsWidget,WARN,Medium,P1,PLATFORM,Exported receiver without permission,[],"{""detail"": ""Receiver com.linkedin.android.growth.appactivation.appwidgets.highlights.MediumHighlightsWidget is exported but does not declare android:permission.""}",Restrict the component with signature-level permissions or mark it non-exported unless explicitly required.,BASE-IPC-COMP-NO-ACL,8.0,PLATFORM,ipc_components,,,6c5075754ab9967510b5041dbd2e0b078149477ae7fe5639b19c44621aa88815,2026-07-09 11:18:49,PLATFORM,PLATFORM-IPC-1
224690,6255,ipc_receiver_open_com.linkedin.android.growth.appactivation.appwidgets.highlights.SmallHighlightsWidget,WARN,Medium,P1,PLATFORM,Exported receiver without permission,[],"{""detail"": ""Receiver com.linkedin.android.growth.appactivation.appwidgets.highlights.SmallHighlightsWidget is exported but does not declare android:permission.""}",Restrict the component with signature-level permissions or mark it non-exported unless explicitly required.,BASE-IPC-COMP-NO-ACL,8.0,PLATFORM,ipc_components,,,03cbba851f85274b5b39c2e8e1bea997b28d0efb8464a639edf8dec96ad78212,2026-07-09 11:18:49,PLATFORM,PLATFORM-IPC-1
224691,6255,ipc_receiver_open_com.linkedin.android.profile.components.games.widget.GamesWidget,WARN,Medium,P1,PLATFORM,Exported receiver without permission,[],"{""detail"": ""Receiver com.linkedin.android.profile.components.games.widget.GamesWidget is exported but does not declare android:permission.""}",Restrict the component with signature-level permissions or mark it non-exported unless explicitly required.,BASE-IPC-COMP-NO-ACL,8.0,PLATFORM,ipc_components,,,170c40c7b84f70dde9a9722158faf80a44928b8f5f3d2d767d52afb7419c9d99,2026-07-09 11:18:49,PLATFORM,PLATFORM-IPC-1
224692,6255,ipc_activity_permission_com.linkedin.android.infra.privacy.PermissionRationaleActivity,INFO,Low,P2,PLATFORM,Exported activity gated by android.permission.START_VIEW_PERMISSION_USAGE,[],"{""detail"": ""Exported activity relies on android.permission.START_VIEW_PERMISSION_USAGE (protectionLevel=signature/installer).""}",Document the permission contract and monitor for unexpected callers.,BASE-IPC-EXPORTED-WITH-PERM,2.5,PLATFORM,ipc_components,,,4891bf9ac4dee1a37e73e9c87a7442e7398e8ad91e2af3d7979150c6d854e5ff,2026-07-09 11:18:49,PLATFORM,PLATFORM-IPC-1
224693,6255,ipc_activity_open_com.facebook.CustomTabActivity,WARN,Medium,P1,PLATFORM,Exported activity without permission,[],"{""detail"": ""Activity com.facebook.CustomTabActivity is exported but does not declare android:permission.""}",Restrict the component with signature-level permissions or mark it non-exported unless explicitly required.,BASE-IPC-COMP-NO-ACL,8.0,PLATFORM,ipc_components,,,f336aaec87d3972139271c9f7ef40e98388abc5a281b3ed123351887b46a2fd1,2026-07-09 11:18:49,PLATFORM,PLATFORM-IPC-1
224694,6255,ipc_service_open_com.linkedin.android.webrouter.customtabs.impl.KeepAliveService,WARN,Medium,P1,PLATFORM,Exported service without permission,[],"{""detail"": ""Service com.linkedin.android.webrouter.customtabs.impl.KeepAliveService is exported but does not declare android:permission.""}",Restrict the component with signature-level permissions or mark it non-exported unless explicitly required.,BASE-IPC-COMP-NO-ACL,8.0,PLATFORM,ipc_components,,,40e372c21ecff1cc0a195fb4bf98bc786892301ee9062b2a828dc37487f10df7,2026-07-09 11:18:49,PLATFORM,PLATFORM-IPC-1
224695,6255,ipc_activity_open_com.linkedin.android.liauthlib.thirdparty.LiThirdPartyAuthorizeActivity,WARN,Medium,P1,PLATFORM,Exported activity without permission,[],"{""detail"": ""Activity com.linkedin.android.liauthlib.thirdparty.LiThirdPartyAuthorizeActivity is exported but does not declare android:permission.""}",Restrict the component with signature-level permissions or mark it non-exported unless explicitly required.,BASE-IPC-COMP-NO-ACL,8.0,PLATFORM,ipc_components,,,8a7c36a06f81aafdd0f3b89219ea1e1628bcb25725016d313484f6c7b9e5c6e4,2026-07-09 11:18:49,PLATFORM,PLATFORM-IPC-1
224696,6255,ipc_service_open_com.linkedin.android.liauthlib.sso.LiSSOService,WARN,Medium,P1,PLATFORM,Exported service without permission,[],"{""detail"": ""Service com.linkedin.android.liauthlib.sso.LiSSOService is exported but does not declare android:permission.""}",Restrict the component with signature-level permissions or mark it non-exported unless explicitly required.,BASE-IPC-COMP-NO-ACL,8.0,PLATFORM,ipc_components,,,3dfdd9596724279dbbe8eb8a04ff3a31e931fe9faf8ae00ca4fb674141987b9c,2026-07-09 11:18:49,PLATFORM,PLATFORM-IPC-1
224697,6255,ipc_service_open_com.linkedin.android.deeplink.services.DeferredDeeplinkingService,WARN,Medium,P1,PLATFORM,Exported service without permission,[],"{""detail"": ""Service com.linkedin.android.deeplink.services.DeferredDeeplinkingService is exported but does not declare android:permission.""}",Restrict the component with signature-level permissions or mark it non-exported unless explicitly required.,BASE-IPC-COMP-NO-ACL,8.0,PLATFORM,ipc_components,,,6ce37748643f47af7dfafaee5ff3698ac5d36bb02551e8681f346431af2bfb19,2026-07-09 11:18:49,PLATFORM,PLATFORM-IPC-1
224698,6255,ipc_service_permission_androidx.work.impl.background.systemjob.SystemJobService,INFO,Low,P2,PLATFORM,Exported service gated by android.permission.BIND_JOB_SERVICE,[],"{""detail"": ""Exported service relies on android.permission.BIND_JOB_SERVICE (protectionLevel=signature).""}",Document the permission contract and monitor for unexpected callers.,BASE-IPC-EXPORTED-WITH-PERM,2.5,PLATFORM,ipc_components,,,010feff1d370cdde2b30a44baa245760ecc86f7b41a538afeb48267dd5a387b4,2026-07-09 11:18:49,PLATFORM,PLATFORM-IPC-1
224699,6255,ipc_receiver_weak_permission_androidx.work.impl.diagnostics.DiagnosticsReceiver,WARN,Medium,P1,PLATFORM,Weak permission guard on exported receiver,[],"{""detail"": ""Receiver androidx.work.impl.diagnostics.DiagnosticsReceiver uses android.permission.DUMP (protectionLevel=unspecified), which is insufficient for exported components.""}",Protect the component with a signature-level permission or mark it non-exported.,,,PLATFORM,ipc_components,,,9941e0eccdf7d3b4774f715de75a66f6bc0c3a6738cde28ebf468fc203a6652b,2026-07-09 11:18:49,PLATFORM,
224700,6255,ipc_service_weak_permission_com.google.android.gms.auth.api.signin.RevocationBoundService,WARN,Medium,P1,PLATFORM,Weak permission guard on exported service,[],"{""detail"": ""Service com.google.android.gms.auth.api.signin.RevocationBoundService uses com.google.android.gms.auth.api.signin.permission.REVOCATION_NOTIFICATION (protectionLevel=unspecified), which is insufficient for exported components.""}",Protect the component with a signature-level permission or mark it non-exported.,,,PLATFORM,ipc_components,,,333620b6726a9959216b7d765dc48d0cdfd4b817f914fe21914e4a734b970792,2026-07-09 11:18:49,PLATFORM,
224701,6255,ipc_receiver_weak_permission_com.google.firebase.iid.FirebaseInstanceIdReceiver,WARN,Medium,P1,PLATFORM,Weak permission guard on exported receiver,[],"{""detail"": ""Receiver com.google.firebase.iid.FirebaseInstanceIdReceiver uses com.google.android.c2dm.permission.SEND (protectionLevel=unspecified), which is insufficient for exported components.""}",Protect the component with a signature-level permission or mark it non-exported.,,,PLATFORM,ipc_components,,,801a80d1d4bf8adabab2d6125f2ede620061207fdfa45b7458a8fc4129d8acec,2026-07-09 11:18:49,PLATFORM,
224702,6255,ipc_activity_open_androidx.compose.ui.tooling.PreviewActivity,WARN,Medium,P1,PLATFORM,Exported activity without permission,[],"{""detail"": ""Activity androidx.compose.ui.tooling.PreviewActivity is exported but does not declare android:permission.""}",Restrict the component with signature-level permissions or mark it non-exported unless explicitly required.,BASE-IPC-COMP-NO-ACL,8.0,PLATFORM,ipc_components,,,d7d34743756117e156d4e3558495b41f2d5a16fdeafd9b6b9f43c60d701c3a71,2026-07-09 11:18:49,PLATFORM,PLATFORM-IPC-1
224703,6255,ipc_activity_open_com.linkedin.android.urls.DeeplinkActivity,WARN,Medium,P1,PLATFORM,Exported activity without permission,[],"{""detail"": ""Activity com.linkedin.android.urls.DeeplinkActivity is exported but does not declare android:permission.""}",Restrict the component with signature-level permissions or mark it non-exported unless explicitly required.,BASE-IPC-COMP-NO-ACL,8.0,PLATFORM,ipc_components,,,30edfda347c512b4921e836b766935c55b4402664326e77ab0e7d3b08b9ef53d,2026-07-09 11:18:49,PLATFORM,PLATFORM-IPC-1
224704,6255,ipc_activity-alias_open_com.linkedin.android.AppFinderSearchableAlias,WARN,Medium,P1,PLATFORM,Exported activity alias without permission,[],"{""detail"": ""Activity Alias com.linkedin.android.AppFinderSearchableAlias is exported but does not declare android:permission.""}",Restrict the component with signature-level permissions or mark it non-exported unless explicitly required.,BASE-IPC-COMP-NO-ACL,8.0,PLATFORM,ipc_components,,,61bfabb9e1ec9c3160ae6626156b8da8005ef0900aa5c4340337a500f6e25689,2026-07-09 11:18:49,PLATFORM,PLATFORM-IPC-1
224705,6255,ipc_receiver_weak_permission_androidx.profileinstaller.ProfileInstallReceiver,WARN,Medium,P1,PLATFORM,Weak permission guard on exported receiver,[],"{""detail"": ""Receiver androidx.profileinstaller.ProfileInstallReceiver uses android.permission.DUMP (protectionLevel=unspecified), which is insufficient for exported components.""}",Protect the component with a signature-level permission or mark it non-exported.,,,PLATFORM,ipc_components,,,a1011e55cd81e1a5efa21cd3531f8f576789e1e4757a87011b59740f80197b8d,2026-07-09 11:18:49,PLATFORM,
224706,6255,ipc_receiver_weak_permission_androidx.tracing.perfetto.TracingReceiver,WARN,Medium,P1,PLATFORM,Weak permission guard on exported receiver,[],"{""detail"": ""Receiver androidx.tracing.perfetto.TracingReceiver uses android.permission.DUMP (protectionLevel=unspecified), which is insufficient for exported components.""}",Protect the component with a signature-level permission or mark it non-exported.,,,PLATFORM,ipc_components,,,b431d0b7724c0718ebb90e6b3a062c34a408c17a573a1ed3f48c67b752099c51,2026-07-09 11:18:49,PLATFORM,
224707,6255,provider_world_com.linkedin.android.growth.appactivation.MeridianUpsellProvider,FAIL,High,P0,PLATFORM,Exported provider without ACL — com.linkedin.android.growth.appactivation.MeridianUpsellProvider,[],"{""detail"": ""Exported provider lacks read/write permissions; content is globally accessible to other apps.""}",Set readPermission/writePermission or mark the provider private.,,,PLATFORM,provider_acl,,,008494c2f7638393221f57d8441724a50de6390c1b5d5895af71896bd2330764,2026-07-09 11:18:49,PLATFORM,
224708,6255,dfir_permission_hypothesis,INFO,Info,NOTE,PRIVACY,Permissions imply sensitive runtime stores,[],"{""detail"": ""Dangerous permissions map to likely on-device data locations.""}",Plan minimal adb pulls to validate the presence of these artefacts after dynamic testing.,,,PRIVACY,dfir_hints,,,636d01ce20e111541057203bd363f5e2cdb7bd0ab2b7842a4e8d2a47d12c2fbd,2026-07-09 11:18:49,PRIVACY,
224709,6255,sdk_inventory_tracker_network_overlap,INFO,Info,NOTE,NETWORK,Endpoint overlap with tracker network reference intel,"[""sdk_inventory"", ""tracker_intel"", ""network_overlap""]","{""path"": ""resources.arsc@na"", ""detail"": ""3 tracker reference entries overlapped root domains from extracted HTTP(S) strings. This indicates contextual network similarity, not confirmed tracking behavior."", ""entries"": [{""description"": ""Endpoint root-domain overlapping tracker network signature"", ""hash_short"": ""f7f6b3e3"", ""location"": ""resources.arsc@na""}, {""description"": ""Endpoint root-domain overlapping tracker network signature"", ""hash_short"": ""f7f6b3e3"", ""location"": ""resources.arsc@na""}]}",,,,NETWORK,sdk_inventory,,,0336c7855c10422b6ffcc63ca950d781872bd936e12c4a878ceb7c21a9fe6500,2026-07-09 11:18:49,NETWORK,
224710,6255,risk_profile,WARN,High,P0,OTHER,Correlation priority — Critical,"[""risk_profile_downgraded""]","{""detail"": ""Correlation priority score 5709 (Critical); synthetic prioritization signal.""}",Prioritise remediation of the contributing findings that raised this synthetic priority score.,,,OTHER,correlation_engine,,,7014f1915b2eb5bc535c8fe53ae833faaca01d7771a541ecf07f98ed6ecfe601,2026-07-09 11:18:49,OTHER,
225235,6272,manifest_exported_weak_guards,WARN,Medium,P1,PLATFORM,Exported components use weak guards,[],"{""path"": ""/home/secadmin/Laughlin/GitHub/ScytaleDroid/data/store/apk/sha256/98/98cd63d86f8888ded0c2a85f98ac6576f44c31b4c3a320baf0896b368a1165ed.apk!AndroidManifest.xml"", ""detail"": ""Exported components rely on normal/dangerous permissions or no guard at all: androidx.profileinstaller.ProfileInstallReceiver, com.google.android.gms.auth.api.signin.RevocationBoundService, com.google.firebase.iid.FirebaseInstanceIdReceiver, com.linecor..."", ""entries"": [{""description"": ""component@permission"", ""location"": ""/home/secadmin/Laughlin/GitHub/ScytaleDroid/data/store/apk/sha256/98/98cd63d86f8888ded0c2a85f98ac6576f44c31b4c3a320baf0896b368a1165ed.apk!AndroidManifest.xml""}]}",Protect exported components with signature-level permissions or mark them non-exported.,,,PLATFORM,manifest_baseline,,,0ff578a964dd3312d329aa60cea5272b7c0855b764c4b4a6293c683adca9fa51,2026-07-09 11:19:54,PLATFORM,
225236,6272,manifest_legacy_external_storage,WARN,Medium,P1,STORAGE,Legacy external storage requested,[],"{""path"": ""/home/secadmin/Laughlin/GitHub/ScytaleDroid/data/store/apk/sha256/98/98cd63d86f8888ded0c2a85f98ac6576f44c31b4c3a320baf0896b368a1165ed.apk!AndroidManifest.xml"", ""detail"": ""android:requestLegacyExternalStorage is true. This bypasses scoped storage protections and should be phased out."", ""entries"": [{""description"": ""application@requestLegacyExternalStorage"", ""location"": ""/home/secadmin/Laughlin/GitHub/ScytaleDroid/data/store/apk/sha256/98/98cd63d86f8888ded0c2a85f98ac6576f44c31b4c3a320baf0896b368a1165ed.apk!AndroidManifest.xml""}]}",Adopt scoped storage APIs and drop requestLegacyExternalStorage for production builds.,,,STORAGE,manifest_baseline,,,da3b71df10c59279dff8e0120676ce0ee904c1d4c319f650a69422858df7dc19,2026-07-09 11:19:54,STORAGE,
225237,6272,manifest_custom_permissions_review,INFO,Low,P2,PLATFORM,Review custom permission protection levels,[],"{""path"": ""/home/secadmin/Laughlin/GitHub/ScytaleDroid/data/store/apk/sha256/98/98cd63d86f8888ded0c2a85f98ac6576f44c31b4c3a320baf0896b368a1165ed.apk!AndroidManifest.xml"", ""detail"": ""Custom permissions use uncommon protection levels: com.pinterest.DYNAMIC_RECEIVER_NOT_EXPORTED_PERMISSION, com.pinterest.account.Credentials"", ""entries"": [{""description"": ""permission@protectionLevel"", ""location"": ""/home/secadmin/Laughlin/GitHub/ScytaleDroid/data/store/apk/sha256/98/98cd63d86f8888ded0c2a85f98ac6576f44c31b4c3a320baf0896b368a1165ed.apk!AndroidManifest.xml""}]}",Verify the custom protection levels only grant access to trusted callers.,,,PLATFORM,manifest_baseline,,,7cd168d566cbe7cfc7ceb89ef3b318582d7c3c77861b9ebc270515bef0364ac2,2026-07-09 11:19:54,PLATFORM,
225238,6272,manifest_task_affinity_custom,INFO,Low,P2,PLATFORM,Custom task affinities present,[],"{""path"": ""/home/secadmin/Laughlin/GitHub/ScytaleDroid/data/store/apk/sha256/98/98cd63d86f8888ded0c2a85f98ac6576f44c31b4c3a320baf0896b368a1165ed.apk!AndroidManifest.xml"", ""detail"": ""Components override the default task affinity: com.pinterest.widget.configuration.WidgetConfigurationActivity→com.pinterest.widget.configuration.WidgetConfigurationActivity"", ""entries"": [{""description"": ""component@taskAffinity"", ""location"": ""/home/secadmin/Laughlin/GitHub/ScytaleDroid/data/store/apk/sha256/98/98cd63d86f8888ded0c2a85f98ac6576f44c31b4c3a320baf0896b368a1165ed.apk!AndroidManifest.xml""}]}",Ensure custom task affinities are required and do not leak activities into other apps.,,,PLATFORM,manifest_baseline,,,8120af4a20d52dfe50d03a63ff54ed4de1a2c5709ef73aaf1c35719768dfe26b,2026-07-09 11:19:54,PLATFORM,
225239,6272,ipc_provider_permission_weak_com.pinterest.account.CredentialsContentProvider,FAIL,High,P0,PLATFORM,Weak guard on exported provider — com.pinterest.account.CredentialsContentProvider,[],"{""detail"": ""Provider com.pinterest.account.CredentialsContentProvider is exported but guarded by com.pinterest.account.Credentials with protectionLevel=0x00000002, allowing broad callers.""}",Switch the provider permission to signature or signatureOrSystem or make the component private.,,,PLATFORM,ipc_components,,,4d330c00a11dead909525e630a98f356535568a32e5bf26a1f8cfddf6da53e6d,2026-07-09 11:19:54,PLATFORM,
225240,6272,ipc_receiver_weak_permission_androidx.profileinstaller.ProfileInstallReceiver,WARN,Medium,P1,PLATFORM,Weak permission guard on exported receiver,[],"{""detail"": ""Receiver androidx.profileinstaller.ProfileInstallReceiver uses android.permission.DUMP (protectionLevel=unspecified), which is insufficient for exported components.""}",Protect the component with a signature-level permission or mark it non-exported.,,,PLATFORM,ipc_components,,,a1011e55cd81e1a5efa21cd3531f8f576789e1e4757a87011b59740f80197b8d,2026-07-09 11:19:54,PLATFORM,
225241,6272,ipc_activity-alias_open_com.pinterest.activity.PinterestActivity,WARN,Medium,P1,PLATFORM,Exported activity alias without permission,[],"{""detail"": ""Activity Alias com.pinterest.activity.PinterestActivity is exported but does not declare android:permission.""}",Restrict the component with signature-level permissions or mark it non-exported unless explicitly required.,BASE-IPC-COMP-NO-ACL,8.0,PLATFORM,ipc_components,,,20b51806e99c4420802f18aa14406056e1d1537dbef26ad99eecab4c8b2d19e5,2026-07-09 11:19:54,PLATFORM,PLATFORM-IPC-1
225242,6272,ipc_activity_open_com.pinterest.activityLibrary.activity.task.activity.MainActivity,WARN,Medium,P1,PLATFORM,Exported activity without permission,[],"{""detail"": ""Activity com.pinterest.activityLibrary.activity.task.activity.MainActivity is exported but does not declare android:permission.""}",Restrict the component with signature-level permissions or mark it non-exported unless explicitly required.,BASE-IPC-COMP-NO-ACL,8.0,PLATFORM,ipc_components,,,bcac6ce4976dea27d8caf2327ebb10ac12748373bf1eef88578c48fbfe8905ac,2026-07-09 11:19:54,PLATFORM,PLATFORM-IPC-1
225243,6272,ipc_receiver_open_com.pinterest.accountTransfer.AccountTransferBroadcastReceiver,WARN,Medium,P1,PLATFORM,Exported receiver without permission,[],"{""detail"": ""Receiver com.pinterest.accountTransfer.AccountTransferBroadcastReceiver is exported but does not declare android:permission.""}",Restrict the component with signature-level permissions or mark it non-exported unless explicitly required.,BASE-IPC-COMP-NO-ACL,8.0,PLATFORM,ipc_components,,,656d4915b0f63fab05f4dc53129c1b513ab1ebd7982fc23ad32fff1644da25fb,2026-07-09 11:19:54,PLATFORM,PLATFORM-IPC-1
225244,6272,ipc_activity_open_com.pinterest.activity.webhook.WebhookActivity,WARN,Medium,P1,PLATFORM,Exported activity without permission,[],"{""detail"": ""Activity com.pinterest.activity.webhook.WebhookActivity is exported but does not declare android:permission.""}",Restrict the component with signature-level permissions or mark it non-exported unless explicitly required.,BASE-IPC-COMP-NO-ACL,8.0,PLATFORM,ipc_components,,,f34690216c03b4e43aeb2122c9ca7d0b955f1a980ac3c97207771762c50baa14,2026-07-09 11:19:54,PLATFORM,PLATFORM-IPC-1
225245,6272,ipc_activity_open_com.pinterest.activity.create.PinItActivity,WARN,Medium,P1,PLATFORM,Exported activity without permission,[],"{""detail"": ""Activity com.pinterest.activity.create.PinItActivity is exported but does not declare android:permission.""}",Restrict the component with signature-level permissions or mark it non-exported unless explicitly required.,BASE-IPC-COMP-NO-ACL,8.0,PLATFORM,ipc_components,,,1b8b21d2abaf5815f90282bb19c7542ab9818ea44b333896cc80031789322bd9,2026-07-09 11:19:54,PLATFORM,PLATFORM-IPC-1
225246,6272,ipc_receiver_open_com.pinterest.engage.GoogleEngageBroadcastReceiver,WARN,Medium,P1,PLATFORM,Exported receiver without permission,[],"{""detail"": ""Receiver com.pinterest.engage.GoogleEngageBroadcastReceiver is exported but does not declare android:permission.""}",Restrict the component with signature-level permissions or mark it non-exported unless explicitly required.,BASE-IPC-COMP-NO-ACL,8.0,PLATFORM,ipc_components,,,e5a59cfbb81448968936c9559e3e36fa0ee82512d2608afa18dc487363ef5fd3,2026-07-09 11:19:54,PLATFORM,PLATFORM-IPC-1
225247,6272,ipc_activity_open_com.pinterest.library.navigation.activity.NavActivity,WARN,Medium,P1,PLATFORM,Exported activity without permission,[],"{""detail"": ""Activity com.pinterest.library.navigation.activity.NavActivity is exported but does not declare android:permission.""}",Restrict the component with signature-level permissions or mark it non-exported unless explicitly required.,BASE-IPC-COMP-NO-ACL,8.0,PLATFORM,ipc_components,,,d88e266204debe0aa157feee89ef10ccf1b28ea19ec339f6cf6369cf199c82c4,2026-07-09 11:19:54,PLATFORM,PLATFORM-IPC-1
225248,6272,ipc_service_permission_androidx.work.impl.background.systemjob.SystemJobService,INFO,Low,P2,PLATFORM,Exported service gated by android.permission.BIND_JOB_SERVICE,[],"{""detail"": ""Exported service relies on android.permission.BIND_JOB_SERVICE (protectionLevel=signature).""}",Document the permission contract and monitor for unexpected callers.,BASE-IPC-EXPORTED-WITH-PERM,2.5,PLATFORM,ipc_components,,,010feff1d370cdde2b30a44baa245760ecc86f7b41a538afeb48267dd5a387b4,2026-07-09 11:19:54,PLATFORM,PLATFORM-IPC-1
225249,6272,ipc_activity_open_com.linecorp.linesdk.auth.internal.LineAuthenticationCallbackActivity,WARN,Medium,P1,PLATFORM,Exported activity without permission,[],"{""detail"": ""Activity com.linecorp.linesdk.auth.internal.LineAuthenticationCallbackActivity is exported but does not declare android:permission.""}",Restrict the component with signature-level permissions or mark it non-exported unless explicitly required.,BASE-IPC-COMP-NO-ACL,8.0,PLATFORM,ipc_components,,,f5e58e788d1b4dac2d5901e95e369e22ab912b87f6be78cd7507f82b104867b9,2026-07-09 11:19:54,PLATFORM,PLATFORM-IPC-1
225250,6272,ipc_service_weak_permission_com.google.android.gms.auth.api.signin.RevocationBoundService,WARN,Medium,P1,PLATFORM,Weak permission guard on exported service,[],"{""detail"": ""Service com.google.android.gms.auth.api.signin.RevocationBoundService uses com.google.android.gms.auth.api.signin.permission.REVOCATION_NOTIFICATION (protectionLevel=unspecified), which is insufficient for exported components.""}",Protect the component with a signature-level permission or mark it non-exported.,,,PLATFORM,ipc_components,,,333620b6726a9959216b7d765dc48d0cdfd4b817f914fe21914e4a734b970792,2026-07-09 11:19:54,PLATFORM,
225251,6272,ipc_receiver_weak_permission_com.google.firebase.iid.FirebaseInstanceIdReceiver,WARN,Medium,P1,PLATFORM,Weak permission guard on exported receiver,[],"{""detail"": ""Receiver com.google.firebase.iid.FirebaseInstanceIdReceiver uses com.google.android.c2dm.permission.SEND (protectionLevel=unspecified), which is insufficient for exported components.""}",Protect the component with a signature-level permission or mark it non-exported.,,,PLATFORM,ipc_components,,,801a80d1d4bf8adabab2d6125f2ede620061207fdfa45b7458a8fc4129d8acec,2026-07-09 11:19:54,PLATFORM,
225252,6272,storage_legacy_external,WARN,Medium,P1,STORAGE,Legacy external storage requested,[],"{""detail"": ""requestLegacyExternalStorage=true keeps scoped storage disabled.""}",Adopt scoped storage or justify legacy flag for backwards compatibility.,BASE-STO-LEGACY,3.9,STORAGE,storage_backup,,,cec868bb8d34b55d4d2efee6ea48714483e7f1ede6c5bd058d5a325bbf6b7f80,2026-07-09 11:19:54,STORAGE,STORAGE-2
225253,6272,dfir_permission_hypothesis,INFO,Info,NOTE,PRIVACY,Permissions imply sensitive runtime stores,[],"{""detail"": ""Dangerous permissions map to likely on-device data locations.""}",Plan minimal adb pulls to validate the presence of these artefacts after dynamic testing.,,,PRIVACY,dfir_hints,,,636d01ce20e111541057203bd363f5e2cdb7bd0ab2b7842a4e8d2a47d12c2fbd,2026-07-09 11:19:54,PRIVACY,
225254,6272,risk_profile,WARN,High,P0,OTHER,Correlation priority — Critical,"[""risk_profile_downgraded""]","{""detail"": ""Correlation priority score 1684 (Critical); synthetic prioritization signal.""}",Prioritise remediation of the contributing findings that raised this synthetic priority score.,,,OTHER,correlation_engine,,,6abf6e7c01cec048106841d778a5e3bd19d1a07101ae92c02d679771cb966f61,2026-07-09 11:19:54,OTHER,
225413,6278,manifest_exported_weak_guards,WARN,Medium,P1,PLATFORM,Exported components use weak guards,[],"{""path"": ""/home/secadmin/Laughlin/GitHub/ScytaleDroid/data/store/apk/sha256/bb/bb170d00bf8e3a3a0bb9d4e38432826ad2d562087477a92a0cc9e28aae8e98aa.apk!AndroidManifest.xml"", ""detail"": ""Exported components rely on normal/dangerous permissions or no guard at all: androidx.browser.customtabs.PostMessageService, androidx.core.telecom.internal.MuteStateReceiver, androidx.profileinstaller.ProfileInstallReceiver, androidx.work.impl.diagnosti..."", ""entries"": [{""description"": ""component@permission"", ""location"": ""/home/secadmin/Laughlin/GitHub/ScytaleDroid/data/store/apk/sha256/bb/bb170d00bf8e3a3a0bb9d4e38432826ad2d562087477a92a0cc9e28aae8e98aa.apk!AndroidManifest.xml""}]}",Protect exported components with signature-level permissions or mark them non-exported.,,,PLATFORM,manifest_baseline,,,9bf38b5120cf8bdaae095c038d24209376d9b2fe8dc01b6fba0eafd25face6d6,2026-07-09 11:20:14,PLATFORM,
225414,6278,manifest_backup_and_exports,WARN,Medium,P1,STORAGE,Backup plus exported weak components,[],"{""path"": ""/home/secadmin/Laughlin/GitHub/ScytaleDroid/data/store/apk/sha256/bb/bb170d00bf8e3a3a0bb9d4e38432826ad2d562087477a92a0cc9e28aae8e98aa.apk!AndroidManifest.xml"", ""detail"": ""android:allowBackup is enabled while exported components lack strong permission guards (androidx.browser.customtabs.PostMessageService, androidx.core.telecom.internal.MuteStateReceiver, androidx.profileinstaller.ProfileInstallReceiver, androidx.work.imp..."", ""entries"": [{""description"": ""application@allowBackup"", ""location"": ""/home/secadmin/Laughlin/GitHub/ScytaleDroid/data/store/apk/sha256/bb/bb170d00bf8e3a3a0bb9d4e38432826ad2d562087477a92a0cc9e28aae8e98aa.apk!AndroidManifest.xml""}]}",Disable auto-backup or harden exported components with signature-level permissions.,,,STORAGE,manifest_baseline,,,0f6be96d61b801bfa731b5a873de2a588449ddbcbea6a599454e9f1b50952238,2026-07-09 11:20:14,STORAGE,
225415,6278,manifest_backup_enabled,WARN,Medium,P1,STORAGE,Auto-backup enabled,[],"{""path"": ""/home/secadmin/Laughlin/GitHub/ScytaleDroid/data/store/apk/sha256/bb/bb170d00bf8e3a3a0bb9d4e38432826ad2d562087477a92a0cc9e28aae8e98aa.apk!AndroidManifest.xml"", ""detail"": ""Application data can be exported via Android's backup channel (android:allowBackup not set to false)."", ""entries"": [{""description"": ""application@allowBackup"", ""location"": ""/home/secadmin/Laughlin/GitHub/ScytaleDroid/data/store/apk/sha256/bb/bb170d00bf8e3a3a0bb9d4e38432826ad2d562087477a92a0cc9e28aae8e98aa.apk!AndroidManifest.xml""}]}",Set android:allowBackup=false or provide an explicit backup configuration that excludes sensitive data.,,,STORAGE,manifest_baseline,,,fc891ee6dc998d51672e76fb8a9de6f30873962a7975380e33fd3ccfdb2a310f,2026-07-09 11:20:14,STORAGE,
225416,6278,manifest_legacy_external_storage,WARN,Medium,P1,STORAGE,Legacy external storage requested,[],"{""path"": ""/home/secadmin/Laughlin/GitHub/ScytaleDroid/data/store/apk/sha256/bb/bb170d00bf8e3a3a0bb9d4e38432826ad2d562087477a92a0cc9e28aae8e98aa.apk!AndroidManifest.xml"", ""detail"": ""android:requestLegacyExternalStorage is true. This bypasses scoped storage protections and should be phased out."", ""entries"": [{""description"": ""application@requestLegacyExternalStorage"", ""location"": ""/home/secadmin/Laughlin/GitHub/ScytaleDroid/data/store/apk/sha256/bb/bb170d00bf8e3a3a0bb9d4e38432826ad2d562087477a92a0cc9e28aae8e98aa.apk!AndroidManifest.xml""}]}",Adopt scoped storage APIs and drop requestLegacyExternalStorage for production builds.,,,STORAGE,manifest_baseline,,,3383589ba3c40968195607ef267d6e8fbf2faceac48d45b87fabc37518a831ad,2026-07-09 11:20:14,STORAGE,
225417,6278,manifest_custom_permissions_review,INFO,Low,P2,PLATFORM,Review custom permission protection levels,[],"{""path"": ""/home/secadmin/Laughlin/GitHub/ScytaleDroid/data/store/apk/sha256/bb/bb170d00bf8e3a3a0bb9d4e38432826ad2d562087477a92a0cc9e28aae8e98aa.apk!AndroidManifest.xml"", ""detail"": ""Custom permissions use uncommon protection levels: com.snapchat.android.DYNAMIC_RECEIVER_NOT_EXPORTED_PERMISSION, com.snapchat.android.permission.RECEIVE_ADM_MESSAGE, com.snapchat.android.permission.UPDATE_STICKER_INDEX"", ""entries"": [{""description"": ""permission@protectionLevel"", ""location"": ""/home/secadmin/Laughlin/GitHub/ScytaleDroid/data/store/apk/sha256/bb/bb170d00bf8e3a3a0bb9d4e38432826ad2d562087477a92a0cc9e28aae8e98aa.apk!AndroidManifest.xml""}]}",Verify the custom protection levels only grant access to trusted callers.,,,PLATFORM,manifest_baseline,,,3a0d4269ca457b891a534c4153b0e9645f1a9d08ded4100e57df5ff9d1c3e557,2026-07-09 11:20:14,PLATFORM,
225418,6278,manifest_task_affinity_custom,INFO,Low,P2,PLATFORM,Custom task affinities present,[],"{""path"": ""/home/secadmin/Laughlin/GitHub/ScytaleDroid/data/store/apk/sha256/bb/bb170d00bf8e3a3a0bb9d4e38432826ad2d562087477a92a0cc9e28aae8e98aa.apk!AndroidManifest.xml"", ""detail"": ""Components override the default task affinity: com.snap.talk.lockscreen.LockScreenActivity→talk.lockscreen, com.snap.catalina.core.CatalinaActivity→com.snap.catalina.core.CatalinaActivity"", ""entries"": [{""description"": ""component@taskAffinity"", ""location"": ""/home/secadmin/Laughlin/GitHub/ScytaleDroid/data/store/apk/sha256/bb/bb170d00bf8e3a3a0bb9d4e38432826ad2d562087477a92a0cc9e28aae8e98aa.apk!AndroidManifest.xml""}]}",Ensure custom task affinities are required and do not leak activities into other apps.,,,PLATFORM,manifest_baseline,,,cf7cd1d9ba0e01ef41ff79497d517bdc4c5b047574ef0e662521714b1e620f9d,2026-07-09 11:20:14,PLATFORM,
225419,6278,manifest_custom_process,INFO,Low,P2,PLATFORM,Components run in custom processes,[],"{""path"": ""/home/secadmin/Laughlin/GitHub/ScytaleDroid/data/store/apk/sha256/bb/bb170d00bf8e3a3a0bb9d4e38432826ad2d562087477a92a0cc9e28aae8e98aa.apk!AndroidManifest.xml"", ""detail"": ""Manifest assigns custom android:process values. Review isolation expectations for: com.snap.ms.ads.AdvertisingIdClientInfoFetcherApiService→:idfa, com.jakewharton.processphoenix.ProcessPhoenix→:phoenix, com.snap.keyboard.lib.SnapKeyboardIME→:snapkeyboar..."", ""entries"": [{""description"": ""component@process"", ""location"": ""/home/secadmin/Laughlin/GitHub/ScytaleDroid/data/store/apk/sha256/bb/bb170d00bf8e3a3a0bb9d4e38432826ad2d562087477a92a0cc9e28aae8e98aa.apk!AndroidManifest.xml""}]}",Document why components require custom processes and ensure permissions isolate IPC boundaries.,,,PLATFORM,manifest_baseline,,,a0201302836061740afd5c86c4160d23f3dca17ab8fe681aecba9c515b2a293c,2026-07-09 11:20:14,PLATFORM,
225420,6278,ipc_activity_open_com.snap.mushroom.MainActivity,WARN,Medium,P1,PLATFORM,Exported activity without permission,[],"{""detail"": ""Activity com.snap.mushroom.MainActivity is exported but does not declare android:permission.""}",Restrict the component with signature-level permissions or mark it non-exported unless explicitly required.,BASE-IPC-COMP-NO-ACL,8.0,PLATFORM,ipc_components,,,b462dd2cf9d1bc4383e3d592178706ae5391f047d51723e984ba5c06139c273e,2026-07-09 11:20:14,PLATFORM,PLATFORM-IPC-1
225421,6278,ipc_activity-alias_open_com.snapchat.android.SpringFawnAlias,WARN,Medium,P1,PLATFORM,Exported activity alias without permission,[],"{""detail"": ""Activity Alias com.snapchat.android.SpringFawnAlias is exported but does not declare android:permission.""}",Restrict the component with signature-level permissions or mark it non-exported unless explicitly required.,BASE-IPC-COMP-NO-ACL,8.0,PLATFORM,ipc_components,,,f5d73a571064468c3d01a33db6babae79c12330563baa613e471f998ed1ba27b,2026-07-09 11:20:14,PLATFORM,PLATFORM-IPC-1
225422,6278,ipc_activity-alias_open_com.snapchat.android.EasterBunnyAlias,WARN,Medium,P1,PLATFORM,Exported activity alias without permission,[],"{""detail"": ""Activity Alias com.snapchat.android.EasterBunnyAlias is exported but does not declare android:permission.""}",Restrict the component with signature-level permissions or mark it non-exported unless explicitly required.,BASE-IPC-COMP-NO-ACL,8.0,PLATFORM,ipc_components,,,1235559c6cf415176184ce7fecf8ee9b3d8ddf380473db4933e02c93ef56d646,2026-07-09 11:20:14,PLATFORM,PLATFORM-IPC-1
225423,6278,ipc_activity-alias_open_com.snapchat.android.ShinyBalloonAlias,WARN,Medium,P1,PLATFORM,Exported activity alias without permission,[],"{""detail"": ""Activity Alias com.snapchat.android.ShinyBalloonAlias is exported but does not declare android:permission.""}",Restrict the component with signature-level permissions or mark it non-exported unless explicitly required.,BASE-IPC-COMP-NO-ACL,8.0,PLATFORM,ipc_components,,,3765e07d702831fd199ba1edd445b4ce7b8550551e5e00adb17909771f356be4,2026-07-09 11:20:14,PLATFORM,PLATFORM-IPC-1
225424,6278,ipc_activity-alias_open_com.snapchat.android.GhostStampAlias,WARN,Medium,P1,PLATFORM,Exported activity alias without permission,[],"{""detail"": ""Activity Alias com.snapchat.android.GhostStampAlias is exported but does not declare android:permission.""}",Restrict the component with signature-level permissions or mark it non-exported unless explicitly required.,BASE-IPC-COMP-NO-ACL,8.0,PLATFORM,ipc_components,,,5dc521532aac41488dc1ca9d4f7348341c80adad9640853fcbbf9bfa9f8789d4,2026-07-09 11:20:14,PLATFORM,PLATFORM-IPC-1
225425,6278,ipc_activity-alias_open_com.snapchat.android.BubbleAlias,WARN,Medium,P1,PLATFORM,Exported activity alias without permission,[],"{""detail"": ""Activity Alias com.snapchat.android.BubbleAlias is exported but does not declare android:permission.""}",Restrict the component with signature-level permissions or mark it non-exported unless explicitly required.,BASE-IPC-COMP-NO-ACL,8.0,PLATFORM,ipc_components,,,a6808990cb2d7fc65a57d0f2810716f29a7f105035073a6cecb0fd00cee1947d,2026-07-09 11:20:14,PLATFORM,PLATFORM-IPC-1
225426,6278,ipc_activity-alias_open_com.snapchat.android.AntiqueVintageAlias,WARN,Medium,P1,PLATFORM,Exported activity alias without permission,[],"{""detail"": ""Activity Alias com.snapchat.android.AntiqueVintageAlias is exported but does not declare android:permission.""}",Restrict the component with signature-level permissions or mark it non-exported unless explicitly required.,BASE-IPC-COMP-NO-ACL,8.0,PLATFORM,ipc_components,,,5fd9334a855c31079cb6ff6eab413774b9c992242e0b8b434ee1fa1058a8f0f7,2026-07-09 11:20:14,PLATFORM,PLATFORM-IPC-1
225427,6278,ipc_activity-alias_open_com.snapchat.android.CherryBlossomAlias,WARN,Medium,P1,PLATFORM,Exported activity alias without permission,[],"{""detail"": ""Activity Alias com.snapchat.android.CherryBlossomAlias is exported but does not declare android:permission.""}",Restrict the component with signature-level permissions or mark it non-exported unless explicitly required.,BASE-IPC-COMP-NO-ACL,8.0,PLATFORM,ipc_components,,,ffe2fc3eb01680ad60bcab4d3b28abeb54e075516e3e2f01bf577c7aeb12f87f,2026-07-09 11:20:14,PLATFORM,PLATFORM-IPC-1
225428,6278,ipc_activity-alias_open_com.snapchat.android.HeartsAlias,WARN,Medium,P1,PLATFORM,Exported activity alias without permission,[],"{""detail"": ""Activity Alias com.snapchat.android.HeartsAlias is exported but does not declare android:permission.""}",Restrict the component with signature-level permissions or mark it non-exported unless explicitly required.,BASE-IPC-COMP-NO-ACL,8.0,PLATFORM,ipc_components,,,5202f18e5fc610a7078829cb7322a40aed5c5dc7d763a3c1c490ed964698306c,2026-07-09 11:20:14,PLATFORM,PLATFORM-IPC-1
225429,6278,ipc_activity-alias_open_com.snapchat.android.VampIridescentAlias,WARN,Medium,P1,PLATFORM,Exported activity alias without permission,[],"{""detail"": ""Activity Alias com.snapchat.android.VampIridescentAlias is exported but does not declare android:permission.""}",Restrict the component with signature-level permissions or mark it non-exported unless explicitly required.,BASE-IPC-COMP-NO-ACL,8.0,PLATFORM,ipc_components,,,6456a227f8751d20e644e406345e890042197edf603e5ff58af4d1bb19b4897a,2026-07-09 11:20:14,PLATFORM,PLATFORM-IPC-1
225430,6278,ipc_activity-alias_open_com.snapchat.android.CoquetteAlias,WARN,Medium,P1,PLATFORM,Exported activity alias without permission,[],"{""detail"": ""Activity Alias com.snapchat.android.CoquetteAlias is exported but does not declare android:permission.""}",Restrict the component with signature-level permissions or mark it non-exported unless explicitly required.,BASE-IPC-COMP-NO-ACL,8.0,PLATFORM,ipc_components,,,f6d52eea5e20f90e44cb0a612a528f41492649b5775dd21b49e5ef2bc9a70dc3,2026-07-09 11:20:14,PLATFORM,PLATFORM-IPC-1
225431,6278,ipc_activity-alias_open_com.snapchat.android.OperaAestheticAlias,WARN,Medium,P1,PLATFORM,Exported activity alias without permission,[],"{""detail"": ""Activity Alias com.snapchat.android.OperaAestheticAlias is exported but does not declare android:permission.""}",Restrict the component with signature-level permissions or mark it non-exported unless explicitly required.,BASE-IPC-COMP-NO-ACL,8.0,PLATFORM,ipc_components,,,c7918336dcb708236274435c0813ec418cff8a27496a7fd00f625bdb548bef56,2026-07-09 11:20:14,PLATFORM,PLATFORM-IPC-1
225432,6278,ipc_activity-alias_open_com.snapchat.android.HeartEyesAlias,WARN,Medium,P1,PLATFORM,Exported activity alias without permission,[],"{""detail"": ""Activity Alias com.snapchat.android.HeartEyesAlias is exported but does not declare android:permission.""}",Restrict the component with signature-level permissions or mark it non-exported unless explicitly required.,BASE-IPC-COMP-NO-ACL,8.0,PLATFORM,ipc_components,,,8009c3683e8994cbccd8eb6e5eecb5a276d49368670652b31c6d449eecdc14d6,2026-07-09 11:20:14,PLATFORM,PLATFORM-IPC-1
225433,6278,ipc_activity-alias_open_com.snapchat.android.ValentinesScriptAlias,WARN,Medium,P1,PLATFORM,Exported activity alias without permission,[],"{""detail"": ""Activity Alias com.snapchat.android.ValentinesScriptAlias is exported but does not declare android:permission.""}",Restrict the component with signature-level permissions or mark it non-exported unless explicitly required.,BASE-IPC-COMP-NO-ACL,8.0,PLATFORM,ipc_components,,,e5398ef4ef0c5e5d8a672c9497295223a2598af6bd2dd871a33180b18f1a5c60,2026-07-09 11:20:14,PLATFORM,PLATFORM-IPC-1
225434,6278,ipc_activity-alias_open_com.snapchat.android.HeartCakeAlias,WARN,Medium,P1,PLATFORM,Exported activity alias without permission,[],"{""detail"": ""Activity Alias com.snapchat.android.HeartCakeAlias is exported but does not declare android:permission.""}",Restrict the component with signature-level permissions or mark it non-exported unless explicitly required.,BASE-IPC-COMP-NO-ACL,8.0,PLATFORM,ipc_components,,,7e20b7148874140365fa2d52d42580b7206296dfd187cb304cfb86e610590153,2026-07-09 11:20:14,PLATFORM,PLATFORM-IPC-1
225435,6278,ipc_activity-alias_open_com.snapchat.android.PinkAlias,WARN,Medium,P1,PLATFORM,Exported activity alias without permission,[],"{""detail"": ""Activity Alias com.snapchat.android.PinkAlias is exported but does not declare android:permission.""}",Restrict the component with signature-level permissions or mark it non-exported unless explicitly required.,BASE-IPC-COMP-NO-ACL,8.0,PLATFORM,ipc_components,,,c83dac7f8bb990fa457a5cd786a788b7fa99b9b9811b9aaf8cc8c12fba8f6ec8,2026-07-09 11:20:14,PLATFORM,PLATFORM-IPC-1
225436,6278,ipc_activity-alias_open_com.snapchat.android.PaintLacquerAlias,WARN,Medium,P1,PLATFORM,Exported activity alias without permission,[],"{""detail"": ""Activity Alias com.snapchat.android.PaintLacquerAlias is exported but does not declare android:permission.""}",Restrict the component with signature-level permissions or mark it non-exported unless explicitly required.,BASE-IPC-COMP-NO-ACL,8.0,PLATFORM,ipc_components,,,ea886f467e96a64151e805eefb7f0d0f8d60dcde6a30aa4174ae014b60b852bd,2026-07-09 11:20:14,PLATFORM,PLATFORM-IPC-1
225437,6278,ipc_activity-alias_open_com.snapchat.android.ThemeGradientPinkAlias,WARN,Medium,P1,PLATFORM,Exported activity alias without permission,[],"{""detail"": ""Activity Alias com.snapchat.android.ThemeGradientPinkAlias is exported but does not declare android:permission.""}",Restrict the component with signature-level permissions or mark it non-exported unless explicitly required.,BASE-IPC-COMP-NO-ACL,8.0,PLATFORM,ipc_components,,,aa56d9368c75c3b249a08d9822f799e8c544bed6a711fbc541b4d8a3b1cd3aff,2026-07-09 11:20:14,PLATFORM,PLATFORM-IPC-1
225438,6278,ipc_activity-alias_open_com.snapchat.android.PinkNeonAlias,WARN,Medium,P1,PLATFORM,Exported activity alias without permission,[],"{""detail"": ""Activity Alias com.snapchat.android.PinkNeonAlias is exported but does not declare android:permission.""}",Restrict the component with signature-level permissions or mark it non-exported unless explicitly required.,BASE-IPC-COMP-NO-ACL,8.0,PLATFORM,ipc_components,,,fbeb441125082bba04e3fda2818bbfc43b00a8dbf1adbe63b7498be9564524eb,2026-07-09 11:20:14,PLATFORM,PLATFORM-IPC-1
225439,6278,ipc_activity-alias_open_com.snapchat.android.BlackMarbleAlias,WARN,Medium,P1,PLATFORM,Exported activity alias without permission,[],"{""detail"": ""Activity Alias com.snapchat.android.BlackMarbleAlias is exported but does not declare android:permission.""}",Restrict the component with signature-level permissions or mark it non-exported unless explicitly required.,BASE-IPC-COMP-NO-ACL,8.0,PLATFORM,ipc_components,,,30b316f47b9a576607149521f6e039ca672d4485a4ebc403e635fd91dc8bf643,2026-07-09 11:20:14,PLATFORM,PLATFORM-IPC-1
225440,6278,ipc_activity-alias_open_com.snapchat.android.ChromeDripAlias,WARN,Medium,P1,PLATFORM,Exported activity alias without permission,[],"{""detail"": ""Activity Alias com.snapchat.android.ChromeDripAlias is exported but does not declare android:permission.""}",Restrict the component with signature-level permissions or mark it non-exported unless explicitly required.,BASE-IPC-COMP-NO-ACL,8.0,PLATFORM,ipc_components,,,f7c1d288b34e121788ad38767ea7057417020dfc1939be81338e9b4daebffb4b,2026-07-09 11:20:14,PLATFORM,PLATFORM-IPC-1
225441,6278,ipc_activity-alias_open_com.snapchat.android.SparkleShimmerAlias,WARN,Medium,P1,PLATFORM,Exported activity alias without permission,[],"{""detail"": ""Activity Alias com.snapchat.android.SparkleShimmerAlias is exported but does not declare android:permission.""}",Restrict the component with signature-level permissions or mark it non-exported unless explicitly required.,BASE-IPC-COMP-NO-ACL,8.0,PLATFORM,ipc_components,,,0762c14cfdee00756da8be0a77c0cc95ca8b0fba136245eb2d14f70815b5dd2b,2026-07-09 11:20:14,PLATFORM,PLATFORM-IPC-1
225442,6278,ipc_activity-alias_open_com.snapchat.android.NeonGhostAlias,WARN,Medium,P1,PLATFORM,Exported activity alias without permission,[],"{""detail"": ""Activity Alias com.snapchat.android.NeonGhostAlias is exported but does not declare android:permission.""}",Restrict the component with signature-level permissions or mark it non-exported unless explicitly required.,BASE-IPC-COMP-NO-ACL,8.0,PLATFORM,ipc_components,,,807511dabf0505836b8b51fa96a595380eb6d62b8e66f34820e869cdc4774adf,2026-07-09 11:20:14,PLATFORM,PLATFORM-IPC-1
225443,6278,ipc_activity-alias_open_com.snapchat.android.GoldBAlias,WARN,Medium,P1,PLATFORM,Exported activity alias without permission,[],"{""detail"": ""Activity Alias com.snapchat.android.GoldBAlias is exported but does not declare android:permission.""}",Restrict the component with signature-level permissions or mark it non-exported unless explicitly required.,BASE-IPC-COMP-NO-ACL,8.0,PLATFORM,ipc_components,,,bbf31519453fe4884649ee4b0bbd8d1dc7a75510cc23835a012c2f565f1a5aae,2026-07-09 11:20:14,PLATFORM,PLATFORM-IPC-1
225444,6278,ipc_activity-alias_open_com.snapchat.android.PlusBlackAlias,WARN,Medium,P1,PLATFORM,Exported activity alias without permission,[],"{""detail"": ""Activity Alias com.snapchat.android.PlusBlackAlias is exported but does not declare android:permission.""}",Restrict the component with signature-level permissions or mark it non-exported unless explicitly required.,BASE-IPC-COMP-NO-ACL,8.0,PLATFORM,ipc_components,,,c7cf6293438149ecf15b02b2b3d4f238b0577f8746d13252086e393efdedf4ec,2026-07-09 11:20:14,PLATFORM,PLATFORM-IPC-1
225445,6278,ipc_activity-alias_open_com.snapchat.android.Plus2Alias,WARN,Medium,P1,PLATFORM,Exported activity alias without permission,[],"{""detail"": ""Activity Alias com.snapchat.android.Plus2Alias is exported but does not declare android:permission.""}",Restrict the component with signature-level permissions or mark it non-exported unless explicitly required.,BASE-IPC-COMP-NO-ACL,8.0,PLATFORM,ipc_components,,,2afe326c6df35419d07b0615488a0fff32532bfb28809990b289b90430fd502f,2026-07-09 11:20:14,PLATFORM,PLATFORM-IPC-1
225446,6278,ipc_activity-alias_open_com.snapchat.android.YellowPinkAlias,WARN,Medium,P1,PLATFORM,Exported activity alias without permission,[],"{""detail"": ""Activity Alias com.snapchat.android.YellowPinkAlias is exported but does not declare android:permission.""}",Restrict the component with signature-level permissions or mark it non-exported unless explicitly required.,BASE-IPC-COMP-NO-ACL,8.0,PLATFORM,ipc_components,,,20900dbedcec3843f4e8740b6456518d875fedc122673e3bfcb190e7a4453127,2026-07-09 11:20:14,PLATFORM,PLATFORM-IPC-1
225447,6278,ipc_activity-alias_open_com.snapchat.android.VDayChromeAlias,WARN,Medium,P1,PLATFORM,Exported activity alias without permission,[],"{""detail"": ""Activity Alias com.snapchat.android.VDayChromeAlias is exported but does not declare android:permission.""}",Restrict the component with signature-level permissions or mark it non-exported unless explicitly required.,BASE-IPC-COMP-NO-ACL,8.0,PLATFORM,ipc_components,,,e1a298d0a1f7297ef68e7facfd3c9069bca194cdf7a4266a2d8fb4319d242473,2026-07-09 11:20:14,PLATFORM,PLATFORM-IPC-1
225448,6278,ipc_activity-alias_open_com.snapchat.android.PinkGemAlias,WARN,Medium,P1,PLATFORM,Exported activity alias without permission,[],"{""detail"": ""Activity Alias com.snapchat.android.PinkGemAlias is exported but does not declare android:permission.""}",Restrict the component with signature-level permissions or mark it non-exported unless explicitly required.,BASE-IPC-COMP-NO-ACL,8.0,PLATFORM,ipc_components,,,7ad6f9aed7d625b0ea67210169d01c0d1263d7b9bf45b0a450b420fafe064134,2026-07-09 11:20:14,PLATFORM,PLATFORM-IPC-1
225449,6278,ipc_activity-alias_open_com.snapchat.android.DiamondGhostAlias,WARN,Medium,P1,PLATFORM,Exported activity alias without permission,[],"{""detail"": ""Activity Alias com.snapchat.android.DiamondGhostAlias is exported but does not declare android:permission.""}",Restrict the component with signature-level permissions or mark it non-exported unless explicitly required.,BASE-IPC-COMP-NO-ACL,8.0,PLATFORM,ipc_components,,,ad1706b5ff306e3b163aed430f1120f0b22b85fb8a1543979af4c5e74e1a55be,2026-07-09 11:20:14,PLATFORM,PLATFORM-IPC-1
225450,6278,ipc_activity-alias_open_com.snapchat.android.NyeDiscoBallAlias,WARN,Medium,P1,PLATFORM,Exported activity alias without permission,[],"{""detail"": ""Activity Alias com.snapchat.android.NyeDiscoBallAlias is exported but does not declare android:permission.""}",Restrict the component with signature-level permissions or mark it non-exported unless explicitly required.,BASE-IPC-COMP-NO-ACL,8.0,PLATFORM,ipc_components,,,bd30022813f205dc5ea2788b99cc656a49b42d5ec4386f07c8b4ab88e63f46b4,2026-07-09 11:20:14,PLATFORM,PLATFORM-IPC-1
225451,6278,ipc_activity-alias_open_com.snapchat.android.LipstickTextAlias,WARN,Medium,P1,PLATFORM,Exported activity alias without permission,[],"{""detail"": ""Activity Alias com.snapchat.android.LipstickTextAlias is exported but does not declare android:permission.""}",Restrict the component with signature-level permissions or mark it non-exported unless explicitly required.,BASE-IPC-COMP-NO-ACL,8.0,PLATFORM,ipc_components,,,67396e6dae9f0d52bdc97c61f58a05ea2fdfd60234e1817858dea06ce0a40326,2026-07-09 11:20:14,PLATFORM,PLATFORM-IPC-1
225452,6278,ipc_activity-alias_open_com.snapchat.android.ValentinesLollipopAlias,WARN,Medium,P1,PLATFORM,Exported activity alias without permission,[],"{""detail"": ""Activity Alias com.snapchat.android.ValentinesLollipopAlias is exported but does not declare android:permission.""}",Restrict the component with signature-level permissions or mark it non-exported unless explicitly required.,BASE-IPC-COMP-NO-ACL,8.0,PLATFORM,ipc_components,,,3afb908e9b2028a910e95a2ac3fa4c0c59a8e9122da486e4795b18675f0adeb2,2026-07-09 11:20:14,PLATFORM,PLATFORM-IPC-1
225453,6278,ipc_activity-alias_open_com.snapchat.android.ValentinesTextEffectAlias,WARN,Medium,P1,PLATFORM,Exported activity alias without permission,[],"{""detail"": ""Activity Alias com.snapchat.android.ValentinesTextEffectAlias is exported but does not declare android:permission.""}",Restrict the component with signature-level permissions or mark it non-exported unless explicitly required.,BASE-IPC-COMP-NO-ACL,8.0,PLATFORM,ipc_components,,,d78a3ae5eecce6fda0b9ce20e91e8413c00285982248cbb5e07d8adce61ed3b4,2026-07-09 11:20:14,PLATFORM,PLATFORM-IPC-1
225454,6278,ipc_activity-alias_open_com.snapchat.android.PinkBubbleAlias,WARN,Medium,P1,PLATFORM,Exported activity alias without permission,[],"{""detail"": ""Activity Alias com.snapchat.android.PinkBubbleAlias is exported but does not declare android:permission.""}",Restrict the component with signature-level permissions or mark it non-exported unless explicitly required.,BASE-IPC-COMP-NO-ACL,8.0,PLATFORM,ipc_components,,,d0dd4c4e813dc854b68069d25fb73bf2e76f2a67c941d012ea0f9e60101cb63f,2026-07-09 11:20:14,PLATFORM,PLATFORM-IPC-1
225455,6278,ipc_activity-alias_open_com.snapchat.android.ColorPencilStarsAlias,WARN,Medium,P1,PLATFORM,Exported activity alias without permission,[],"{""detail"": ""Activity Alias com.snapchat.android.ColorPencilStarsAlias is exported but does not declare android:permission.""}",Restrict the component with signature-level permissions or mark it non-exported unless explicitly required.,BASE-IPC-COMP-NO-ACL,8.0,PLATFORM,ipc_components,,,28a9ff0d0ba1276b9f87321877c83cf492ba19b7f21aad5f085e676b1280ae81,2026-07-09 11:20:14,PLATFORM,PLATFORM-IPC-1
225456,6278,ipc_activity-alias_open_com.snapchat.android.FuzzyFleeceAlias,WARN,Medium,P1,PLATFORM,Exported activity alias without permission,[],"{""detail"": ""Activity Alias com.snapchat.android.FuzzyFleeceAlias is exported but does not declare android:permission.""}",Restrict the component with signature-level permissions or mark it non-exported unless explicitly required.,BASE-IPC-COMP-NO-ACL,8.0,PLATFORM,ipc_components,,,05942be9d1becbc6ba53890ce85402f605aaf300536d08f53f93bbb6ffa20c95,2026-07-09 11:20:14,PLATFORM,PLATFORM-IPC-1
225457,6278,ipc_activity-alias_open_com.snapchat.android.IceCubeGhostAlias,WARN,Medium,P1,PLATFORM,Exported activity alias without permission,[],"{""detail"": ""Activity Alias com.snapchat.android.IceCubeGhostAlias is exported but does not declare android:permission.""}",Restrict the component with signature-level permissions or mark it non-exported unless explicitly required.,BASE-IPC-COMP-NO-ACL,8.0,PLATFORM,ipc_components,,,15956fc779a86356a68660bc8b541c0b4ec81908567b32d51d9feeacbce7883f,2026-07-09 11:20:14,PLATFORM,PLATFORM-IPC-1
225458,6278,ipc_activity-alias_open_com.snapchat.android.LeopardAlias,WARN,Medium,P1,PLATFORM,Exported activity alias without permission,[],"{""detail"": ""Activity Alias com.snapchat.android.LeopardAlias is exported but does not declare android:permission.""}",Restrict the component with signature-level permissions or mark it non-exported unless explicitly required.,BASE-IPC-COMP-NO-ACL,8.0,PLATFORM,ipc_components,,,0f0ff4d2c853339d9649f96eb4320de41b89807b8c30dc64588099d6afef14eb,2026-07-09 11:20:14,PLATFORM,PLATFORM-IPC-1
225459,6278,ipc_activity-alias_open_com.snapchat.android.Icon21Alias,WARN,Medium,P1,PLATFORM,Exported activity alias without permission,[],"{""detail"": ""Activity Alias com.snapchat.android.Icon21Alias is exported but does not declare android:permission.""}",Restrict the component with signature-level permissions or mark it non-exported unless explicitly required.,BASE-IPC-COMP-NO-ACL,8.0,PLATFORM,ipc_components,,,639eace20676cfc1614f79b31ac7ae273a132be4d31c24524706ff15d5641d7e,2026-07-09 11:20:14,PLATFORM,PLATFORM-IPC-1
225460,6278,ipc_activity-alias_open_com.snapchat.android.GoldenAlias,WARN,Medium,P1,PLATFORM,Exported activity alias without permission,[],"{""detail"": ""Activity Alias com.snapchat.android.GoldenAlias is exported but does not declare android:permission.""}",Restrict the component with signature-level permissions or mark it non-exported unless explicitly required.,BASE-IPC-COMP-NO-ACL,8.0,PLATFORM,ipc_components,,,fbe115a7da036ea39390536a904c2b8137d4703057838992ef5a42fc5f7b6084,2026-07-09 11:20:14,PLATFORM,PLATFORM-IPC-1
225461,6278,ipc_activity-alias_open_com.snapchat.android.ClassicGhostAlias,WARN,Medium,P1,PLATFORM,Exported activity alias without permission,[],"{""detail"": ""Activity Alias com.snapchat.android.ClassicGhostAlias is exported but does not declare android:permission.""}",Restrict the component with signature-level permissions or mark it non-exported unless explicitly required.,BASE-IPC-COMP-NO-ACL,8.0,PLATFORM,ipc_components,,,a56792e85dae90bdee856fef6f62eb277613bdb6f97dab93cd8623f98ab87c09,2026-07-09 11:20:14,PLATFORM,PLATFORM-IPC-1
225462,6278,ipc_activity-alias_open_com.snapchat.android.SnappyDoodleAlias,WARN,Medium,P1,PLATFORM,Exported activity alias without permission,[],"{""detail"": ""Activity Alias com.snapchat.android.SnappyDoodleAlias is exported but does not declare android:permission.""}",Restrict the component with signature-level permissions or mark it non-exported unless explicitly required.,BASE-IPC-COMP-NO-ACL,8.0,PLATFORM,ipc_components,,,8a4f3786fbd56c0fa1cd03e94ce282e24da5fe77906d85f720fe7bd04c4fb51a,2026-07-09 11:20:14,PLATFORM,PLATFORM-IPC-1
225463,6278,ipc_activity-alias_open_com.snapchat.android.SharpieDoodleAlias,WARN,Medium,P1,PLATFORM,Exported activity alias without permission,[],"{""detail"": ""Activity Alias com.snapchat.android.SharpieDoodleAlias is exported but does not declare android:permission.""}",Restrict the component with signature-level permissions or mark it non-exported unless explicitly required.,BASE-IPC-COMP-NO-ACL,8.0,PLATFORM,ipc_components,,,167c1309b740313e26dc4d5c30e340e49e1733b29c515c5c6ce29f18700ae8b0,2026-07-09 11:20:14,PLATFORM,PLATFORM-IPC-1
225464,6278,ipc_activity-alias_open_com.snapchat.android.EdgyTextAlias,WARN,Medium,P1,PLATFORM,Exported activity alias without permission,[],"{""detail"": ""Activity Alias com.snapchat.android.EdgyTextAlias is exported but does not declare android:permission.""}",Restrict the component with signature-level permissions or mark it non-exported unless explicitly required.,BASE-IPC-COMP-NO-ACL,8.0,PLATFORM,ipc_components,,,37e946aed5354bed45c6e378debf35cdb6028769f7be66738261b63c6f3e56e9,2026-07-09 11:20:14,PLATFORM,PLATFORM-IPC-1
225465,6278,ipc_activity-alias_open_com.snapchat.android.Icon22Alias,WARN,Medium,P1,PLATFORM,Exported activity alias without permission,[],"{""detail"": ""Activity Alias com.snapchat.android.Icon22Alias is exported but does not declare android:permission.""}",Restrict the component with signature-level permissions or mark it non-exported unless explicitly required.,BASE-IPC-COMP-NO-ACL,8.0,PLATFORM,ipc_components,,,8f2ec7f4274a588e4a01aea74d326bc6a922dd052ddd5de71c7ae19e19e700a5,2026-07-09 11:20:14,PLATFORM,PLATFORM-IPC-1
225466,6278,ipc_activity-alias_open_com.snapchat.android.DuctTapeAlias,WARN,Medium,P1,PLATFORM,Exported activity alias without permission,[],"{""detail"": ""Activity Alias com.snapchat.android.DuctTapeAlias is exported but does not declare android:permission.""}",Restrict the component with signature-level permissions or mark it non-exported unless explicitly required.,BASE-IPC-COMP-NO-ACL,8.0,PLATFORM,ipc_components,,,f4d8dfafec2ab5f910f6fcb0e5392da77bb91c9c5ffdef429a11ca48db28fe9e,2026-07-09 11:20:14,PLATFORM,PLATFORM-IPC-1
225467,6278,ipc_activity-alias_open_com.snapchat.android.DenimPatchworkAlias,WARN,Medium,P1,PLATFORM,Exported activity alias without permission,[],"{""detail"": ""Activity Alias com.snapchat.android.DenimPatchworkAlias is exported but does not declare android:permission.""}",Restrict the component with signature-level permissions or mark it non-exported unless explicitly required.,BASE-IPC-COMP-NO-ACL,8.0,PLATFORM,ipc_components,,,7a718f19b4f47d9a51a1505f9102a439bbb5ae8cffc31634ebd090fc6435b155,2026-07-09 11:20:14,PLATFORM,PLATFORM-IPC-1
225468,6278,ipc_activity-alias_open_com.snapchat.android.CrackedMirrorAlias,WARN,Medium,P1,PLATFORM,Exported activity alias without permission,[],"{""detail"": ""Activity Alias com.snapchat.android.CrackedMirrorAlias is exported but does not declare android:permission.""}",Restrict the component with signature-level permissions or mark it non-exported unless explicitly required.,BASE-IPC-COMP-NO-ACL,8.0,PLATFORM,ipc_components,,,a4650a629a8a5ffff84d915f2393e3d6363e881385f8b411663c86c444ec3809,2026-07-09 11:20:14,PLATFORM,PLATFORM-IPC-1
225469,6278,ipc_activity-alias_open_com.snapchat.android.ChillahFaceAlias,WARN,Medium,P1,PLATFORM,Exported activity alias without permission,[],"{""detail"": ""Activity Alias com.snapchat.android.ChillahFaceAlias is exported but does not declare android:permission.""}",Restrict the component with signature-level permissions or mark it non-exported unless explicitly required.,BASE-IPC-COMP-NO-ACL,8.0,PLATFORM,ipc_components,,,94a57024e790c8b1c64577b0e346dbd16d0fb0b1016cdaa1d33d2d0ca8f401c2,2026-07-09 11:20:14,PLATFORM,PLATFORM-IPC-1
225470,6278,ipc_activity-alias_open_com.snapchat.android.WireframeAlias,WARN,Medium,P1,PLATFORM,Exported activity alias without permission,[],"{""detail"": ""Activity Alias com.snapchat.android.WireframeAlias is exported but does not declare android:permission.""}",Restrict the component with signature-level permissions or mark it non-exported unless explicitly required.,BASE-IPC-COMP-NO-ACL,8.0,PLATFORM,ipc_components,,,dda41b826b474e3af3c22546d20315722907bfbdd7465105cdc184557ab17952,2026-07-09 11:20:14,PLATFORM,PLATFORM-IPC-1
225471,6278,ipc_activity-alias_open_com.snapchat.android.PicklesGhostAlias,WARN,Medium,P1,PLATFORM,Exported activity alias without permission,[],"{""detail"": ""Activity Alias com.snapchat.android.PicklesGhostAlias is exported but does not declare android:permission.""}",Restrict the component with signature-level permissions or mark it non-exported unless explicitly required.,BASE-IPC-COMP-NO-ACL,8.0,PLATFORM,ipc_components,,,3fc5305541ac8b79e2e542c29ee7ad908fb9d6922c18c354d6f288a7ebfc3a11,2026-07-09 11:20:14,PLATFORM,PLATFORM-IPC-1
225472,6278,ipc_activity-alias_open_com.snapchat.android.OilPaintingAlias,WARN,Medium,P1,PLATFORM,Exported activity alias without permission,[],"{""detail"": ""Activity Alias com.snapchat.android.OilPaintingAlias is exported but does not declare android:permission.""}",Restrict the component with signature-level permissions or mark it non-exported unless explicitly required.,BASE-IPC-COMP-NO-ACL,8.0,PLATFORM,ipc_components,,,fd9f5e48f607e650ae45234b915cb3672dddab13c2235a006f661b64c3878c86,2026-07-09 11:20:14,PLATFORM,PLATFORM-IPC-1
225473,6278,ipc_activity-alias_open_com.snapchat.android.LavaAlias,WARN,Medium,P1,PLATFORM,Exported activity alias without permission,[],"{""detail"": ""Activity Alias com.snapchat.android.LavaAlias is exported but does not declare android:permission.""}",Restrict the component with signature-level permissions or mark it non-exported unless explicitly required.,BASE-IPC-COMP-NO-ACL,8.0,PLATFORM,ipc_components,,,07b69ed81e887f7c9a8f3c6183a5382c5b0cb99d7555ab1df6987c463ba46f8d,2026-07-09 11:20:14,PLATFORM,PLATFORM-IPC-1
225474,6278,ipc_activity-alias_open_com.snapchat.android.KawaiiAlias,WARN,Medium,P1,PLATFORM,Exported activity alias without permission,[],"{""detail"": ""Activity Alias com.snapchat.android.KawaiiAlias is exported but does not declare android:permission.""}",Restrict the component with signature-level permissions or mark it non-exported unless explicitly required.,BASE-IPC-COMP-NO-ACL,8.0,PLATFORM,ipc_components,,,c5f8814583081b7e692f0dd119037a2e1ac9d57f9d776221f763fe8cabc079ad,2026-07-09 11:20:14,PLATFORM,PLATFORM-IPC-1
225475,6278,ipc_activity-alias_open_com.snapchat.android.PrideAlias,WARN,Medium,P1,PLATFORM,Exported activity alias without permission,[],"{""detail"": ""Activity Alias com.snapchat.android.PrideAlias is exported but does not declare android:permission.""}",Restrict the component with signature-level permissions or mark it non-exported unless explicitly required.,BASE-IPC-COMP-NO-ACL,8.0,PLATFORM,ipc_components,,,20a27b967f2e28a7e331ea3787ebc6fecba87148234beb91dbca6d1be6d5a77d,2026-07-09 11:20:14,PLATFORM,PLATFORM-IPC-1
225476,6278,ipc_activity-alias_open_com.snapchat.android.FranceAlias,WARN,Medium,P1,PLATFORM,Exported activity alias without permission,[],"{""detail"": ""Activity Alias com.snapchat.android.FranceAlias is exported but does not declare android:permission.""}",Restrict the component with signature-level permissions or mark it non-exported unless explicitly required.,BASE-IPC-COMP-NO-ACL,8.0,PLATFORM,ipc_components,,,0b05ccb2f83549e0e18f80a87039d811764a97bb2fe7a89ff3073a096c92ad81,2026-07-09 11:20:14,PLATFORM,PLATFORM-IPC-1
225477,6278,ipc_activity-alias_open_com.snapchat.android.UkAlias,WARN,Medium,P1,PLATFORM,Exported activity alias without permission,[],"{""detail"": ""Activity Alias com.snapchat.android.UkAlias is exported but does not declare android:permission.""}",Restrict the component with signature-level permissions or mark it non-exported unless explicitly required.,BASE-IPC-COMP-NO-ACL,8.0,PLATFORM,ipc_components,,,38971a5196316113677b6b351192e0989961420c270e7e525ee95389c47e4b64,2026-07-09 11:20:14,PLATFORM,PLATFORM-IPC-1
225478,6278,ipc_activity-alias_open_com.snapchat.android.UkraineAlias,WARN,Medium,P1,PLATFORM,Exported activity alias without permission,[],"{""detail"": ""Activity Alias com.snapchat.android.UkraineAlias is exported but does not declare android:permission.""}",Restrict the component with signature-level permissions or mark it non-exported unless explicitly required.,BASE-IPC-COMP-NO-ACL,8.0,PLATFORM,ipc_components,,,eda4677d204a13a5ec6a3d9d1c10115184009bd19b7d6752f9dabe227d19ffdf,2026-07-09 11:20:14,PLATFORM,PLATFORM-IPC-1
225479,6278,ipc_activity-alias_open_com.snapchat.android.PastelPaintDripAlias,WARN,Medium,P1,PLATFORM,Exported activity alias without permission,[],"{""detail"": ""Activity Alias com.snapchat.android.PastelPaintDripAlias is exported but does not declare android:permission.""}",Restrict the component with signature-level permissions or mark it non-exported unless explicitly required.,BASE-IPC-COMP-NO-ACL,8.0,PLATFORM,ipc_components,,,b69dc86d6701c5d602b2ea85f84b72aa98353c2932aca89437c3f38ee71ad3a2,2026-07-09 11:20:14,PLATFORM,PLATFORM-IPC-1
225480,6278,ipc_activity-alias_open_com.snapchat.android.AlienAlias,WARN,Medium,P1,PLATFORM,Exported activity alias without permission,[],"{""detail"": ""Activity Alias com.snapchat.android.AlienAlias is exported but does not declare android:permission.""}",Restrict the component with signature-level permissions or mark it non-exported unless explicitly required.,BASE-IPC-COMP-NO-ACL,8.0,PLATFORM,ipc_components,,,f4d9841c531b92dc8586fcf3936234cd8631ba05064369107376fc9cbc55a167,2026-07-09 11:20:14,PLATFORM,PLATFORM-IPC-1
225481,6278,ipc_activity-alias_open_com.snapchat.android.SkeletonXrayAlias,WARN,Medium,P1,PLATFORM,Exported activity alias without permission,[],"{""detail"": ""Activity Alias com.snapchat.android.SkeletonXrayAlias is exported but does not declare android:permission.""}",Restrict the component with signature-level permissions or mark it non-exported unless explicitly required.,BASE-IPC-COMP-NO-ACL,8.0,PLATFORM,ipc_components,,,d94ad4e6344bb44e858f8f2db78d5975a77ccdeca8048fa2b4c23ed61755022a,2026-07-09 11:20:14,PLATFORM,PLATFORM-IPC-1
225482,6278,ipc_activity-alias_open_com.snapchat.android.Y2kSnapAlias,WARN,Medium,P1,PLATFORM,Exported activity alias without permission,[],"{""detail"": ""Activity Alias com.snapchat.android.Y2kSnapAlias is exported but does not declare android:permission.""}",Restrict the component with signature-level permissions or mark it non-exported unless explicitly required.,BASE-IPC-COMP-NO-ACL,8.0,PLATFORM,ipc_components,,,a53cf125ffa1d6dde8fa1b28c67b11147954010bc35ec12495579d14116f9efc,2026-07-09 11:20:14,PLATFORM,PLATFORM-IPC-1
225483,6278,ipc_activity-alias_open_com.snapchat.android.WildWestAlias,WARN,Medium,P1,PLATFORM,Exported activity alias without permission,[],"{""detail"": ""Activity Alias com.snapchat.android.WildWestAlias is exported but does not declare android:permission.""}",Restrict the component with signature-level permissions or mark it non-exported unless explicitly required.,BASE-IPC-COMP-NO-ACL,8.0,PLATFORM,ipc_components,,,cf0aa4eaa17e932fd1cd71211b4cb1a49629c8ab815fe5dcc5b6a98270127b0d,2026-07-09 11:20:14,PLATFORM,PLATFORM-IPC-1
225484,6278,ipc_activity-alias_open_com.snapchat.android.BlueSpectreAlias,WARN,Medium,P1,PLATFORM,Exported activity alias without permission,[],"{""detail"": ""Activity Alias com.snapchat.android.BlueSpectreAlias is exported but does not declare android:permission.""}",Restrict the component with signature-level permissions or mark it non-exported unless explicitly required.,BASE-IPC-COMP-NO-ACL,8.0,PLATFORM,ipc_components,,,4f9866adc407d4c796228f8ba1e35a3ffd4cd4540de6c966f6a1c36b48745c1b,2026-07-09 11:20:14,PLATFORM,PLATFORM-IPC-1
225485,6278,ipc_activity-alias_open_com.snapchat.android.AntiquePorcelainAlias,WARN,Medium,P1,PLATFORM,Exported activity alias without permission,[],"{""detail"": ""Activity Alias com.snapchat.android.AntiquePorcelainAlias is exported but does not declare android:permission.""}",Restrict the component with signature-level permissions or mark it non-exported unless explicitly required.,BASE-IPC-COMP-NO-ACL,8.0,PLATFORM,ipc_components,,,ba2f063342fe4aea753ca3d296eadd22568d8a6346e930303ec832071a307424,2026-07-09 11:20:14,PLATFORM,PLATFORM-IPC-1
225486,6278,ipc_activity-alias_open_com.snapchat.android.RetroCartoonAlias,WARN,Medium,P1,PLATFORM,Exported activity alias without permission,[],"{""detail"": ""Activity Alias com.snapchat.android.RetroCartoonAlias is exported but does not declare android:permission.""}",Restrict the component with signature-level permissions or mark it non-exported unless explicitly required.,BASE-IPC-COMP-NO-ACL,8.0,PLATFORM,ipc_components,,,323409167c79a23e1fc88a98322751f3cb2b4c1d1aa86f4d12487516f6413c8c,2026-07-09 11:20:14,PLATFORM,PLATFORM-IPC-1
225487,6278,ipc_activity-alias_open_com.snapchat.android.SnapTrippyAlias,WARN,Medium,P1,PLATFORM,Exported activity alias without permission,[],"{""detail"": ""Activity Alias com.snapchat.android.SnapTrippyAlias is exported but does not declare android:permission.""}",Restrict the component with signature-level permissions or mark it non-exported unless explicitly required.,BASE-IPC-COMP-NO-ACL,8.0,PLATFORM,ipc_components,,,1c3675a7c99086c3e868ba7610b24655bb55c7f9f5b349e15f7407468b196936,2026-07-09 11:20:14,PLATFORM,PLATFORM-IPC-1
225488,6278,ipc_activity-alias_open_com.snapchat.android.NeonLightAlias,WARN,Medium,P1,PLATFORM,Exported activity alias without permission,[],"{""detail"": ""Activity Alias com.snapchat.android.NeonLightAlias is exported but does not declare android:permission.""}",Restrict the component with signature-level permissions or mark it non-exported unless explicitly required.,BASE-IPC-COMP-NO-ACL,8.0,PLATFORM,ipc_components,,,ef63afccbc6f959ed20173db0af6b4fcce8b64697bc50bde9c9f5ec226fbb7e9,2026-07-09 11:20:14,PLATFORM,PLATFORM-IPC-1
225489,6278,ipc_activity-alias_open_com.snapchat.android.DeniseAbAlias,WARN,Medium,P1,PLATFORM,Exported activity alias without permission,[],"{""detail"": ""Activity Alias com.snapchat.android.DeniseAbAlias is exported but does not declare android:permission.""}",Restrict the component with signature-level permissions or mark it non-exported unless explicitly required.,BASE-IPC-COMP-NO-ACL,8.0,PLATFORM,ipc_components,,,c493052c963d861154fd23930b99c85c8549f116ee6238f4450e8d357a8cf4ae,2026-07-09 11:20:14,PLATFORM,PLATFORM-IPC-1
225490,6278,ipc_activity-alias_open_com.snapchat.android.Plus3Alias,WARN,Medium,P1,PLATFORM,Exported activity alias without permission,[],"{""detail"": ""Activity Alias com.snapchat.android.Plus3Alias is exported but does not declare android:permission.""}",Restrict the component with signature-level permissions or mark it non-exported unless explicitly required.,BASE-IPC-COMP-NO-ACL,8.0,PLATFORM,ipc_components,,,29257ca405bcbc487d4c31b51f82b57ed2890bba7ad90c3019143c06ef28ac26,2026-07-09 11:20:14,PLATFORM,PLATFORM-IPC-1
225491,6278,ipc_activity-alias_open_com.snapchat.android.BlackPantherAlias,WARN,Medium,P1,PLATFORM,Exported activity alias without permission,[],"{""detail"": ""Activity Alias com.snapchat.android.BlackPantherAlias is exported but does not declare android:permission.""}",Restrict the component with signature-level permissions or mark it non-exported unless explicitly required.,BASE-IPC-COMP-NO-ACL,8.0,PLATFORM,ipc_components,,,d8ff5a128d53c18c53c7f4171a96bcb83629daf5dffc6c4aa5e2a754e6814524,2026-07-09 11:20:14,PLATFORM,PLATFORM-IPC-1
225492,6278,ipc_activity-alias_open_com.snapchat.android.FloatieAlias,WARN,Medium,P1,PLATFORM,Exported activity alias without permission,[],"{""detail"": ""Activity Alias com.snapchat.android.FloatieAlias is exported but does not declare android:permission.""}",Restrict the component with signature-level permissions or mark it non-exported unless explicitly required.,BASE-IPC-COMP-NO-ACL,8.0,PLATFORM,ipc_components,,,d59ed16f33831257537386be39269d0b4b011e4cd98c4607d00217fa5c0ce7ea,2026-07-09 11:20:14,PLATFORM,PLATFORM-IPC-1
225493,6278,ipc_activity-alias_open_com.snapchat.android.IridescentMarbleAlias,WARN,Medium,P1,PLATFORM,Exported activity alias without permission,[],"{""detail"": ""Activity Alias com.snapchat.android.IridescentMarbleAlias is exported but does not declare android:permission.""}",Restrict the component with signature-level permissions or mark it non-exported unless explicitly required.,BASE-IPC-COMP-NO-ACL,8.0,PLATFORM,ipc_components,,,b1be35862a00a899b8d2a1ecd3200f1b65eff5b133b14f32ec17b5407e426101,2026-07-09 11:20:14,PLATFORM,PLATFORM-IPC-1
225494,6278,ipc_activity-alias_open_com.snapchat.android.MotionLinesAlias,WARN,Medium,P1,PLATFORM,Exported activity alias without permission,[],"{""detail"": ""Activity Alias com.snapchat.android.MotionLinesAlias is exported but does not declare android:permission.""}",Restrict the component with signature-level permissions or mark it non-exported unless explicitly required.,BASE-IPC-COMP-NO-ACL,8.0,PLATFORM,ipc_components,,,3a770e15dc53ec7b84b5b8289749dbabcc2652a14ac88ed6b9d7f153c1e0cbae,2026-07-09 11:20:14,PLATFORM,PLATFORM-IPC-1
225495,6278,ipc_activity-alias_open_com.snapchat.android.VampireFangsAlias,WARN,Medium,P1,PLATFORM,Exported activity alias without permission,[],"{""detail"": ""Activity Alias com.snapchat.android.VampireFangsAlias is exported but does not declare android:permission.""}",Restrict the component with signature-level permissions or mark it non-exported unless explicitly required.,BASE-IPC-COMP-NO-ACL,8.0,PLATFORM,ipc_components,,,c8d18a9fab055d0ac92354cdc6ecb368c27dfc691429743911fb2c735bd10512,2026-07-09 11:20:14,PLATFORM,PLATFORM-IPC-1
225496,6278,ipc_activity-alias_open_com.snapchat.android.RosegoldBlackAlias,WARN,Medium,P1,PLATFORM,Exported activity alias without permission,[],"{""detail"": ""Activity Alias com.snapchat.android.RosegoldBlackAlias is exported but does not declare android:permission.""}",Restrict the component with signature-level permissions or mark it non-exported unless explicitly required.,BASE-IPC-COMP-NO-ACL,8.0,PLATFORM,ipc_components,,,23c67f7ca2c5791659afc8e2c1385f9d68c7bb6b829ef5e21bbf032f329387f1,2026-07-09 11:20:14,PLATFORM,PLATFORM-IPC-1
225497,6278,ipc_activity-alias_open_com.snapchat.android.Jersey67Alias,WARN,Medium,P1,PLATFORM,Exported activity alias without permission,[],"{""detail"": ""Activity Alias com.snapchat.android.Jersey67Alias is exported but does not declare android:permission.""}",Restrict the component with signature-level permissions or mark it non-exported unless explicitly required.,BASE-IPC-COMP-NO-ACL,8.0,PLATFORM,ipc_components,,,94de9cd6fe6efd7959cadaee9cf7c55da12cacd98c46d641403946683c26773b,2026-07-09 11:20:14,PLATFORM,PLATFORM-IPC-1
225498,6278,ipc_activity-alias_open_com.snapchat.android.JokerAlias,WARN,Medium,P1,PLATFORM,Exported activity alias without permission,[],"{""detail"": ""Activity Alias com.snapchat.android.JokerAlias is exported but does not declare android:permission.""}",Restrict the component with signature-level permissions or mark it non-exported unless explicitly required.,BASE-IPC-COMP-NO-ACL,8.0,PLATFORM,ipc_components,,,ad6c1b79f85900de9a8c9fc3f6658cf9f1d14a941523dec98e85ded9564e597a,2026-07-09 11:20:14,PLATFORM,PLATFORM-IPC-1
225499,6278,ipc_activity-alias_open_com.snapchat.android.Us2Alias,WARN,Medium,P1,PLATFORM,Exported activity alias without permission,[],"{""detail"": ""Activity Alias com.snapchat.android.Us2Alias is exported but does not declare android:permission.""}",Restrict the component with signature-level permissions or mark it non-exported unless explicitly required.,BASE-IPC-COMP-NO-ACL,8.0,PLATFORM,ipc_components,,,ec9a1229b7734a323d8cac9a1e2ee44f11c42a0564294db9777a54b5a1993973,2026-07-09 11:20:14,PLATFORM,PLATFORM-IPC-1
225500,6278,ipc_activity-alias_open_com.snapchat.android.StringLightAlias,WARN,Medium,P1,PLATFORM,Exported activity alias without permission,[],"{""detail"": ""Activity Alias com.snapchat.android.StringLightAlias is exported but does not declare android:permission.""}",Restrict the component with signature-level permissions or mark it non-exported unless explicitly required.,BASE-IPC-COMP-NO-ACL,8.0,PLATFORM,ipc_components,,,a21e361fce9906f80bf53925afc835d84c80c04bc51b03d7019154a94c6d6a27,2026-07-09 11:20:14,PLATFORM,PLATFORM-IPC-1
225501,6278,ipc_activity-alias_open_com.snapchat.android.PolkaDotLacquerAlias,WARN,Medium,P1,PLATFORM,Exported activity alias without permission,[],"{""detail"": ""Activity Alias com.snapchat.android.PolkaDotLacquerAlias is exported but does not declare android:permission.""}",Restrict the component with signature-level permissions or mark it non-exported unless explicitly required.,BASE-IPC-COMP-NO-ACL,8.0,PLATFORM,ipc_components,,,18567c037f22e1dc98da0b9ec8f70204ca638543db167ceb26420373e51ddc00,2026-07-09 11:20:14,PLATFORM,PLATFORM-IPC-1
225502,6278,ipc_activity-alias_open_com.snapchat.android.ValentinesSugarCookieAlias,WARN,Medium,P1,PLATFORM,Exported activity alias without permission,[],"{""detail"": ""Activity Alias com.snapchat.android.ValentinesSugarCookieAlias is exported but does not declare android:permission.""}",Restrict the component with signature-level permissions or mark it non-exported unless explicitly required.,BASE-IPC-COMP-NO-ACL,8.0,PLATFORM,ipc_components,,,7791cbd62606561a9fd45ba1a08b2daa682f0ff5cd421d63daabf023c66d20a7,2026-07-09 11:20:14,PLATFORM,PLATFORM-IPC-1
225503,6278,ipc_activity-alias_open_com.snapchat.android.FestiveGoldAlias,WARN,Medium,P1,PLATFORM,Exported activity alias without permission,[],"{""detail"": ""Activity Alias com.snapchat.android.FestiveGoldAlias is exported but does not declare android:permission.""}",Restrict the component with signature-level permissions or mark it non-exported unless explicitly required.,BASE-IPC-COMP-NO-ACL,8.0,PLATFORM,ipc_components,,,d570eecce4a4ddde513cac9cf16970ec55b92b9ada66e5c285e34eb869cfba0f,2026-07-09 11:20:14,PLATFORM,PLATFORM-IPC-1
225504,6278,ipc_activity-alias_open_com.snapchat.android.PlusGoldAlias,WARN,Medium,P1,PLATFORM,Exported activity alias without permission,[],"{""detail"": ""Activity Alias com.snapchat.android.PlusGoldAlias is exported but does not declare android:permission.""}",Restrict the component with signature-level permissions or mark it non-exported unless explicitly required.,BASE-IPC-COMP-NO-ACL,8.0,PLATFORM,ipc_components,,,a40db26045d9f94659b0069f1ac59b9a8362066b9ecfba2ae2214f0ef03588c4,2026-07-09 11:20:14,PLATFORM,PLATFORM-IPC-1
225505,6278,ipc_activity-alias_open_com.snapchat.android.GemstoneCollageAlias,WARN,Medium,P1,PLATFORM,Exported activity alias without permission,[],"{""detail"": ""Activity Alias com.snapchat.android.GemstoneCollageAlias is exported but does not declare android:permission.""}",Restrict the component with signature-level permissions or mark it non-exported unless explicitly required.,BASE-IPC-COMP-NO-ACL,8.0,PLATFORM,ipc_components,,,f1effde3734a4209502cd7da64461249087744bd6c4cd7f85f5d46fb21b003e4,2026-07-09 11:20:14,PLATFORM,PLATFORM-IPC-1
225506,6278,ipc_activity-alias_open_com.snapchat.android.SnowflakeAlias,WARN,Medium,P1,PLATFORM,Exported activity alias without permission,[],"{""detail"": ""Activity Alias com.snapchat.android.SnowflakeAlias is exported but does not declare android:permission.""}",Restrict the component with signature-level permissions or mark it non-exported unless explicitly required.,BASE-IPC-COMP-NO-ACL,8.0,PLATFORM,ipc_components,,,3266f7bb7267eef30628ef2ba5cff1b1576ef9fb0c4e7e5b8b88696ffa959cd6,2026-07-09 11:20:14,PLATFORM,PLATFORM-IPC-1
225507,6278,ipc_activity-alias_open_com.snapchat.android.CandyCaneAlias,WARN,Medium,P1,PLATFORM,Exported activity alias without permission,[],"{""detail"": ""Activity Alias com.snapchat.android.CandyCaneAlias is exported but does not declare android:permission.""}",Restrict the component with signature-level permissions or mark it non-exported unless explicitly required.,BASE-IPC-COMP-NO-ACL,8.0,PLATFORM,ipc_components,,,5f86deec49e84f891552404745d5a438cd9caaf8a2783ac6b74d7068c6660d28,2026-07-09 11:20:14,PLATFORM,PLATFORM-IPC-1
225508,6278,ipc_activity-alias_open_com.snapchat.android.GingerBreadAlias,WARN,Medium,P1,PLATFORM,Exported activity alias without permission,[],"{""detail"": ""Activity Alias com.snapchat.android.GingerBreadAlias is exported but does not declare android:permission.""}",Restrict the component with signature-level permissions or mark it non-exported unless explicitly required.,BASE-IPC-COMP-NO-ACL,8.0,PLATFORM,ipc_components,,,bd474b618e16697b6c590d588e7830d496255e75675886db0105f8f12f5f441d,2026-07-09 11:20:14,PLATFORM,PLATFORM-IPC-1
225509,6278,ipc_activity-alias_open_com.snapchat.android.SantaHatAlias,WARN,Medium,P1,PLATFORM,Exported activity alias without permission,[],"{""detail"": ""Activity Alias com.snapchat.android.SantaHatAlias is exported but does not declare android:permission.""}",Restrict the component with signature-level permissions or mark it non-exported unless explicitly required.,BASE-IPC-COMP-NO-ACL,8.0,PLATFORM,ipc_components,,,6424be2df259bf37527adc5330eca64860fbed3f313dbafc918d1ed5663a6f32,2026-07-09 11:20:14,PLATFORM,PLATFORM-IPC-1
225510,6278,ipc_activity-alias_open_com.snapchat.android.MushroomAlias,WARN,Medium,P1,PLATFORM,Exported activity alias without permission,[],"{""detail"": ""Activity Alias com.snapchat.android.MushroomAlias is exported but does not declare android:permission.""}",Restrict the component with signature-level permissions or mark it non-exported unless explicitly required.,BASE-IPC-COMP-NO-ACL,8.0,PLATFORM,ipc_components,,,49ab48e4bd8ab782436a0d3f9861ddb8dfac35a10d8c995a8d1fe092fab54c4e,2026-07-09 11:20:14,PLATFORM,PLATFORM-IPC-1
225511,6278,ipc_activity-alias_open_com.snapchat.android.SteamedDumplingAlias,WARN,Medium,P1,PLATFORM,Exported activity alias without permission,[],"{""detail"": ""Activity Alias com.snapchat.android.SteamedDumplingAlias is exported but does not declare android:permission.""}",Restrict the component with signature-level permissions or mark it non-exported unless explicitly required.,BASE-IPC-COMP-NO-ACL,8.0,PLATFORM,ipc_components,,,f8983ebda9461c75cfb9e9e36054038b73861487679d3a399231e0659c478e6b,2026-07-09 11:20:14,PLATFORM,PLATFORM-IPC-1
225512,6278,ipc_activity-alias_open_com.snapchat.android.PalmAlias,WARN,Medium,P1,PLATFORM,Exported activity alias without permission,[],"{""detail"": ""Activity Alias com.snapchat.android.PalmAlias is exported but does not declare android:permission.""}",Restrict the component with signature-level permissions or mark it non-exported unless explicitly required.,BASE-IPC-COMP-NO-ACL,8.0,PLATFORM,ipc_components,,,7fd057be92fa04fb7c12e9c39b54f1befe260fa3e95422a52cb0ef00ce6b0f48,2026-07-09 11:20:14,PLATFORM,PLATFORM-IPC-1
225513,6278,ipc_activity-alias_open_com.snapchat.android.NyeSwirlAlias,WARN,Medium,P1,PLATFORM,Exported activity alias without permission,[],"{""detail"": ""Activity Alias com.snapchat.android.NyeSwirlAlias is exported but does not declare android:permission.""}",Restrict the component with signature-level permissions or mark it non-exported unless explicitly required.,BASE-IPC-COMP-NO-ACL,8.0,PLATFORM,ipc_components,,,3442459e824a95a09faac603d7912e10ecc99b00c8bf9cecdec392b4c28bbf66,2026-07-09 11:20:14,PLATFORM,PLATFORM-IPC-1
225514,6278,ipc_activity-alias_open_com.snapchat.android.WitchHatAlias,WARN,Medium,P1,PLATFORM,Exported activity alias without permission,[],"{""detail"": ""Activity Alias com.snapchat.android.WitchHatAlias is exported but does not declare android:permission.""}",Restrict the component with signature-level permissions or mark it non-exported unless explicitly required.,BASE-IPC-COMP-NO-ACL,8.0,PLATFORM,ipc_components,,,c56f0fc3ec162b0b6810395f6f4283cc239c2a8aa6d992fb230cf60c0f6f5ec1,2026-07-09 11:20:14,PLATFORM,PLATFORM-IPC-1
225515,6278,ipc_activity-alias_open_com.snapchat.android.PumpkinLanternAlias,WARN,Medium,P1,PLATFORM,Exported activity alias without permission,[],"{""detail"": ""Activity Alias com.snapchat.android.PumpkinLanternAlias is exported but does not declare android:permission.""}",Restrict the component with signature-level permissions or mark it non-exported unless explicitly required.,BASE-IPC-COMP-NO-ACL,8.0,PLATFORM,ipc_components,,,bacdf023d0b1270a78769e29d408bd6212ad9bcdc08f9db545d84aa86f1ac8d0,2026-07-09 11:20:14,PLATFORM,PLATFORM-IPC-1
225516,6278,ipc_activity-alias_open_com.snapchat.android.AbstractFireworksAlias,WARN,Medium,P1,PLATFORM,Exported activity alias without permission,[],"{""detail"": ""Activity Alias com.snapchat.android.AbstractFireworksAlias is exported but does not declare android:permission.""}",Restrict the component with signature-level permissions or mark it non-exported unless explicitly required.,BASE-IPC-COMP-NO-ACL,8.0,PLATFORM,ipc_components,,,69fa409ba15e271fc5df93a33bd8123522f77f37dfb1dbbc5aa8a0f1e1ad9735,2026-07-09 11:20:14,PLATFORM,PLATFORM-IPC-1
225517,6278,ipc_activity-alias_open_com.snapchat.android.AiWaveAlias,WARN,Medium,P1,PLATFORM,Exported activity alias without permission,[],"{""detail"": ""Activity Alias com.snapchat.android.AiWaveAlias is exported but does not declare android:permission.""}",Restrict the component with signature-level permissions or mark it non-exported unless explicitly required.,BASE-IPC-COMP-NO-ACL,8.0,PLATFORM,ipc_components,,,8469941788393a632fe3e6fdda7184fa98dfa851fd6dce0f33c62f5ff9d32789,2026-07-09 11:20:14,PLATFORM,PLATFORM-IPC-1
225518,6278,ipc_activity-alias_open_com.snapchat.android.AirbrushSparkleBlueAlias,WARN,Medium,P1,PLATFORM,Exported activity alias without permission,[],"{""detail"": ""Activity Alias com.snapchat.android.AirbrushSparkleBlueAlias is exported but does not declare android:permission.""}",Restrict the component with signature-level permissions or mark it non-exported unless explicitly required.,BASE-IPC-COMP-NO-ACL,8.0,PLATFORM,ipc_components,,,9a85a89127d2b9bd2b04e613c077093fc00c60f94ca5d974810956618384b576,2026-07-09 11:20:14,PLATFORM,PLATFORM-IPC-1
225519,6278,ipc_activity-alias_open_com.snapchat.android.AirbrushSparkleGreenAlias,WARN,Medium,P1,PLATFORM,Exported activity alias without permission,[],"{""detail"": ""Activity Alias com.snapchat.android.AirbrushSparkleGreenAlias is exported but does not declare android:permission.""}",Restrict the component with signature-level permissions or mark it non-exported unless explicitly required.,BASE-IPC-COMP-NO-ACL,8.0,PLATFORM,ipc_components,,,a0a2f8860f6a77d8f6812023588a6d316f704bf32b5f0d1055fbd56eec61e7a2,2026-07-09 11:20:14,PLATFORM,PLATFORM-IPC-1
225520,6278,ipc_activity-alias_open_com.snapchat.android.AngelAlias,WARN,Medium,P1,PLATFORM,Exported activity alias without permission,[],"{""detail"": ""Activity Alias com.snapchat.android.AngelAlias is exported but does not declare android:permission.""}",Restrict the component with signature-level permissions or mark it non-exported unless explicitly required.,BASE-IPC-COMP-NO-ACL,8.0,PLATFORM,ipc_components,,,dbf33d081254094a04244baa170045b9f16db9a91784adafb407c6626aa3ff77,2026-07-09 11:20:14,PLATFORM,PLATFORM-IPC-1
225521,6278,ipc_activity-alias_open_com.snapchat.android.AnimalAlias,WARN,Medium,P1,PLATFORM,Exported activity alias without permission,[],"{""detail"": ""Activity Alias com.snapchat.android.AnimalAlias is exported but does not declare android:permission.""}",Restrict the component with signature-level permissions or mark it non-exported unless explicitly required.,BASE-IPC-COMP-NO-ACL,8.0,PLATFORM,ipc_components,,,25765848ce0d43bdf61e3932c8ff3da662ac5f6e4a8fc34e74d7c87cb82490c2,2026-07-09 11:20:14,PLATFORM,PLATFORM-IPC-1
225522,6278,ipc_activity-alias_open_com.snapchat.android.ArcadeGameAlias,WARN,Medium,P1,PLATFORM,Exported activity alias without permission,[],"{""detail"": ""Activity Alias com.snapchat.android.ArcadeGameAlias is exported but does not declare android:permission.""}",Restrict the component with signature-level permissions or mark it non-exported unless explicitly required.,BASE-IPC-COMP-NO-ACL,8.0,PLATFORM,ipc_components,,,2dedabfdcf82633445c99a501b064be54b71d498c8608a1e71669036a8ada12d,2026-07-09 11:20:14,PLATFORM,PLATFORM-IPC-1
225523,6278,ipc_activity-alias_open_com.snapchat.android.ArtDecoAlias,WARN,Medium,P1,PLATFORM,Exported activity alias without permission,[],"{""detail"": ""Activity Alias com.snapchat.android.ArtDecoAlias is exported but does not declare android:permission.""}",Restrict the component with signature-level permissions or mark it non-exported unless explicitly required.,BASE-IPC-COMP-NO-ACL,8.0,PLATFORM,ipc_components,,,a04b048426526449796c2e67d7281bb96e3490e68e0c392e949d1dc5beac769d,2026-07-09 11:20:14,PLATFORM,PLATFORM-IPC-1
225524,6278,ipc_activity-alias_open_com.snapchat.android.BalloonAlias,WARN,Medium,P1,PLATFORM,Exported activity alias without permission,[],"{""detail"": ""Activity Alias com.snapchat.android.BalloonAlias is exported but does not declare android:permission.""}",Restrict the component with signature-level permissions or mark it non-exported unless explicitly required.,BASE-IPC-COMP-NO-ACL,8.0,PLATFORM,ipc_components,,,8959a813c773e03e7efbefa90cd2c8d4c5bf863dee3bbd1e881a3fa232853e0e,2026-07-09 11:20:14,PLATFORM,PLATFORM-IPC-1
225525,6278,ipc_activity-alias_open_com.snapchat.android.BaseballAlias,WARN,Medium,P1,PLATFORM,Exported activity alias without permission,[],"{""detail"": ""Activity Alias com.snapchat.android.BaseballAlias is exported but does not declare android:permission.""}",Restrict the component with signature-level permissions or mark it non-exported unless explicitly required.,BASE-IPC-COMP-NO-ACL,8.0,PLATFORM,ipc_components,,,3eb5d526b3192e2f19ea293d34705ae49e3bc6d46994885344fa563b8d039d83,2026-07-09 11:20:14,PLATFORM,PLATFORM-IPC-1
225526,6278,ipc_activity-alias_open_com.snapchat.android.BeachChillAlias,WARN,Medium,P1,PLATFORM,Exported activity alias without permission,[],"{""detail"": ""Activity Alias com.snapchat.android.BeachChillAlias is exported but does not declare android:permission.""}",Restrict the component with signature-level permissions or mark it non-exported unless explicitly required.,BASE-IPC-COMP-NO-ACL,8.0,PLATFORM,ipc_components,,,29f259e28a682bbc45f5cd6f122dd9d5b20d7c24cd09cd459e9ee9e3e456c043,2026-07-09 11:20:14,PLATFORM,PLATFORM-IPC-1
225527,6278,ipc_activity-alias_open_com.snapchat.android.BlueDeniseAlias,WARN,Medium,P1,PLATFORM,Exported activity alias without permission,[],"{""detail"": ""Activity Alias com.snapchat.android.BlueDeniseAlias is exported but does not declare android:permission.""}",Restrict the component with signature-level permissions or mark it non-exported unless explicitly required.,BASE-IPC-COMP-NO-ACL,8.0,PLATFORM,ipc_components,,,50b1500bb526b6dd9cbe9219d06e7c0bc8d1c6e300c5b84da3ead0147e8c80d7,2026-07-09 11:20:14,PLATFORM,PLATFORM-IPC-1
225528,6278,ipc_activity-alias_open_com.snapchat.android.BlueDoodleAlias,WARN,Medium,P1,PLATFORM,Exported activity alias without permission,[],"{""detail"": ""Activity Alias com.snapchat.android.BlueDoodleAlias is exported but does not declare android:permission.""}",Restrict the component with signature-level permissions or mark it non-exported unless explicitly required.,BASE-IPC-COMP-NO-ACL,8.0,PLATFORM,ipc_components,,,ab6c357e03ebff2e458247ef626371a8f212efc1925ae58c42895f837269c042,2026-07-09 11:20:14,PLATFORM,PLATFORM-IPC-1
225529,6278,ipc_activity-alias_open_com.snapchat.android.BluePinkAlias,WARN,Medium,P1,PLATFORM,Exported activity alias without permission,[],"{""detail"": ""Activity Alias com.snapchat.android.BluePinkAlias is exported but does not declare android:permission.""}",Restrict the component with signature-level permissions or mark it non-exported unless explicitly required.,BASE-IPC-COMP-NO-ACL,8.0,PLATFORM,ipc_components,,,7ae888d1963cf47227d00e597716bae7115582cb863c810a276e35e0241cfcee,2026-07-09 11:20:14,PLATFORM,PLATFORM-IPC-1
225530,6278,ipc_activity-alias_open_com.snapchat.android.BluePrintAlias,WARN,Medium,P1,PLATFORM,Exported activity alias without permission,[],"{""detail"": ""Activity Alias com.snapchat.android.BluePrintAlias is exported but does not declare android:permission.""}",Restrict the component with signature-level permissions or mark it non-exported unless explicitly required.,BASE-IPC-COMP-NO-ACL,8.0,PLATFORM,ipc_components,,,75f7ba37f7e1e2bd426814274e7b5022d84a12d2b084263c07a904a9c4286449,2026-07-09 11:20:14,PLATFORM,PLATFORM-IPC-1
225531,6278,ipc_activity-alias_open_com.snapchat.android.BobaAlias,WARN,Medium,P1,PLATFORM,Exported activity alias without permission,[],"{""detail"": ""Activity Alias com.snapchat.android.BobaAlias is exported but does not declare android:permission.""}",Restrict the component with signature-level permissions or mark it non-exported unless explicitly required.,BASE-IPC-COMP-NO-ACL,8.0,PLATFORM,ipc_components,,,7a0d81a2f5b70f90d07ab98d79f1f92e64485109144b068f61e2e059f5d6961f,2026-07-09 11:20:14,PLATFORM,PLATFORM-IPC-1
225532,6278,ipc_activity-alias_open_com.snapchat.android.BratAlias,WARN,Medium,P1,PLATFORM,Exported activity alias without permission,[],"{""detail"": ""Activity Alias com.snapchat.android.BratAlias is exported but does not declare android:permission.""}",Restrict the component with signature-level permissions or mark it non-exported unless explicitly required.,BASE-IPC-COMP-NO-ACL,8.0,PLATFORM,ipc_components,,,132aa7a902fabe55754058a3e717d5ce4e1de5b41272cbe1a164bbdcd8580990,2026-07-09 11:20:14,PLATFORM,PLATFORM-IPC-1
225533,6278,ipc_activity-alias_open_com.snapchat.android.BuffaloPlaidAlias,WARN,Medium,P1,PLATFORM,Exported activity alias without permission,[],"{""detail"": ""Activity Alias com.snapchat.android.BuffaloPlaidAlias is exported but does not declare android:permission.""}",Restrict the component with signature-level permissions or mark it non-exported unless explicitly required.,BASE-IPC-COMP-NO-ACL,8.0,PLATFORM,ipc_components,,,81bc6d4b6f45dfd19b96f6424f7ac968e9d95585d5ec1e7432bc7617aec4cb42,2026-07-09 11:20:14,PLATFORM,PLATFORM-IPC-1
225534,6278,ipc_activity-alias_open_com.snapchat.android.BunnyAlias,WARN,Medium,P1,PLATFORM,Exported activity alias without permission,[],"{""detail"": ""Activity Alias com.snapchat.android.BunnyAlias is exported but does not declare android:permission.""}",Restrict the component with signature-level permissions or mark it non-exported unless explicitly required.,BASE-IPC-COMP-NO-ACL,8.0,PLATFORM,ipc_components,,,a586eca48bda10845da5e5acc5f435e03d746e011447d180a90b221937a2237b,2026-07-09 11:20:14,PLATFORM,PLATFORM-IPC-1
225535,6278,ipc_activity-alias_open_com.snapchat.android.CeramicAlias,WARN,Medium,P1,PLATFORM,Exported activity alias without permission,[],"{""detail"": ""Activity Alias com.snapchat.android.CeramicAlias is exported but does not declare android:permission.""}",Restrict the component with signature-level permissions or mark it non-exported unless explicitly required.,BASE-IPC-COMP-NO-ACL,8.0,PLATFORM,ipc_components,,,044050100d30888bd9fdc611786889e006cce3717070c84a6b2e2aaad671bcad,2026-07-09 11:20:14,PLATFORM,PLATFORM-IPC-1
225536,6278,ipc_activity-alias_open_com.snapchat.android.ChalkboardAlias,WARN,Medium,P1,PLATFORM,Exported activity alias without permission,[],"{""detail"": ""Activity Alias com.snapchat.android.ChalkboardAlias is exported but does not declare android:permission.""}",Restrict the component with signature-level permissions or mark it non-exported unless explicitly required.,BASE-IPC-COMP-NO-ACL,8.0,PLATFORM,ipc_components,,,e9fb1280a048bb70649af77811ffc6b576860f0ebac54c51daf0e760bc4834ff,2026-07-09 11:20:14,PLATFORM,PLATFORM-IPC-1
225537,6278,ipc_activity-alias_open_com.snapchat.android.CherryBlossomsAlias,WARN,Medium,P1,PLATFORM,Exported activity alias without permission,[],"{""detail"": ""Activity Alias com.snapchat.android.CherryBlossomsAlias is exported but does not declare android:permission.""}",Restrict the component with signature-level permissions or mark it non-exported unless explicitly required.,BASE-IPC-COMP-NO-ACL,8.0,PLATFORM,ipc_components,,,b171d77e3a30a9d8b08b1023dc233f83cd64217d184d9733ae2e10df6758d137,2026-07-09 11:20:14,PLATFORM,PLATFORM-IPC-1
225538,6278,ipc_activity-alias_open_com.snapchat.android.ChromeAlias,WARN,Medium,P1,PLATFORM,Exported activity alias without permission,[],"{""detail"": ""Activity Alias com.snapchat.android.ChromeAlias is exported but does not declare android:permission.""}",Restrict the component with signature-level permissions or mark it non-exported unless explicitly required.,BASE-IPC-COMP-NO-ACL,8.0,PLATFORM,ipc_components,,,83d478ae67a491528060b98609e5546793141d14f9b0320bb62c7ed28c643926,2026-07-09 11:20:14,PLATFORM,PLATFORM-IPC-1
225539,6278,ipc_activity-alias_open_com.snapchat.android.ChromeRadiationAlias,WARN,Medium,P1,PLATFORM,Exported activity alias without permission,[],"{""detail"": ""Activity Alias com.snapchat.android.ChromeRadiationAlias is exported but does not declare android:permission.""}",Restrict the component with signature-level permissions or mark it non-exported unless explicitly required.,BASE-IPC-COMP-NO-ACL,8.0,PLATFORM,ipc_components,,,1c7538ad6319d94172ad346bb6c13fbadfea85a17793d83c269ed851b25cebed,2026-07-09 11:20:14,PLATFORM,PLATFORM-IPC-1
225540,6278,ipc_activity-alias_open_com.snapchat.android.ClownAlias,WARN,Medium,P1,PLATFORM,Exported activity alias without permission,[],"{""detail"": ""Activity Alias com.snapchat.android.ClownAlias is exported but does not declare android:permission.""}",Restrict the component with signature-level permissions or mark it non-exported unless explicitly required.,BASE-IPC-COMP-NO-ACL,8.0,PLATFORM,ipc_components,,,4d25fa942a01f64f54a9a50a806ecb7c16918ecdebe4448c05ba55c77393b338,2026-07-09 11:20:14,PLATFORM,PLATFORM-IPC-1
225541,6278,ipc_activity-alias_open_com.snapchat.android.ColdAlias,WARN,Medium,P1,PLATFORM,Exported activity alias without permission,[],"{""detail"": ""Activity Alias com.snapchat.android.ColdAlias is exported but does not declare android:permission.""}",Restrict the component with signature-level permissions or mark it non-exported unless explicitly required.,BASE-IPC-COMP-NO-ACL,8.0,PLATFORM,ipc_components,,,4c6d626c22e9e85a2c868a0014dc4635d5d075cfc8f43bdb84e44e02507c1ec3,2026-07-09 11:20:14,PLATFORM,PLATFORM-IPC-1
225542,6278,ipc_activity-alias_open_com.snapchat.android.CollageAlias,WARN,Medium,P1,PLATFORM,Exported activity alias without permission,[],"{""detail"": ""Activity Alias com.snapchat.android.CollageAlias is exported but does not declare android:permission.""}",Restrict the component with signature-level permissions or mark it non-exported unless explicitly required.,BASE-IPC-COMP-NO-ACL,8.0,PLATFORM,ipc_components,,,3178e088c8a8b6681d95585fb23eafa6f16e556d84e77ebc0d8da70fea0a48c6,2026-07-09 11:20:14,PLATFORM,PLATFORM-IPC-1
225543,6278,ipc_activity-alias_open_com.snapchat.android.ColorRibbonsAlias,WARN,Medium,P1,PLATFORM,Exported activity alias without permission,[],"{""detail"": ""Activity Alias com.snapchat.android.ColorRibbonsAlias is exported but does not declare android:permission.""}",Restrict the component with signature-level permissions or mark it non-exported unless explicitly required.,BASE-IPC-COMP-NO-ACL,8.0,PLATFORM,ipc_components,,,9c567deb31bc4f8229911890cb855eeeea1f3d9c5dac9e44811bfa392d858b16,2026-07-09 11:20:14,PLATFORM,PLATFORM-IPC-1
225544,6278,ipc_activity-alias_open_com.snapchat.android.ColorWavesAlias,WARN,Medium,P1,PLATFORM,Exported activity alias without permission,[],"{""detail"": ""Activity Alias com.snapchat.android.ColorWavesAlias is exported but does not declare android:permission.""}",Restrict the component with signature-level permissions or mark it non-exported unless explicitly required.,BASE-IPC-COMP-NO-ACL,8.0,PLATFORM,ipc_components,,,3b8eb6ae16c8bb7df48a9d3aa89217dc094d4d3ee40d237ac2c3fbfcc67ba724,2026-07-09 11:20:14,PLATFORM,PLATFORM-IPC-1
225545,6278,ipc_activity-alias_open_com.snapchat.android.ColorfulDotsAlias,WARN,Medium,P1,PLATFORM,Exported activity alias without permission,[],"{""detail"": ""Activity Alias com.snapchat.android.ColorfulDotsAlias is exported but does not declare android:permission.""}",Restrict the component with signature-level permissions or mark it non-exported unless explicitly required.,BASE-IPC-COMP-NO-ACL,8.0,PLATFORM,ipc_components,,,e1ce8b4cbb1de1d258e7f6d36652f8f29bf396a7502b6bbf942ccc0eab38a178,2026-07-09 11:20:14,PLATFORM,PLATFORM-IPC-1
225546,6278,ipc_activity-alias_open_com.snapchat.android.ColorfulJellyGhostAlias,WARN,Medium,P1,PLATFORM,Exported activity alias without permission,[],"{""detail"": ""Activity Alias com.snapchat.android.ColorfulJellyGhostAlias is exported but does not declare android:permission.""}",Restrict the component with signature-level permissions or mark it non-exported unless explicitly required.,BASE-IPC-COMP-NO-ACL,8.0,PLATFORM,ipc_components,,,8263f73d0eaba9d96e409ef0d1ea48dee6c58b5c3aab604a8afef91c748f9d7f,2026-07-09 11:20:14,PLATFORM,PLATFORM-IPC-1
225547,6278,ipc_activity-alias_open_com.snapchat.android.ConfettiAlias,WARN,Medium,P1,PLATFORM,Exported activity alias without permission,[],"{""detail"": ""Activity Alias com.snapchat.android.ConfettiAlias is exported but does not declare android:permission.""}",Restrict the component with signature-level permissions or mark it non-exported unless explicitly required.,BASE-IPC-COMP-NO-ACL,8.0,PLATFORM,ipc_components,,,1563f8f3a714e86a7e7c5f43eb4dd688e2b58d5316add090693918bb917e958f,2026-07-09 11:20:14,PLATFORM,PLATFORM-IPC-1
225548,6278,ipc_activity-alias_open_com.snapchat.android.CookieDoughAlias,WARN,Medium,P1,PLATFORM,Exported activity alias without permission,[],"{""detail"": ""Activity Alias com.snapchat.android.CookieDoughAlias is exported but does not declare android:permission.""}",Restrict the component with signature-level permissions or mark it non-exported unless explicitly required.,BASE-IPC-COMP-NO-ACL,8.0,PLATFORM,ipc_components,,,ef056b033100123b08b18ee586b25ad0e4519ec2bb10c443dbfad38a2ccbb1cd,2026-07-09 11:20:14,PLATFORM,PLATFORM-IPC-1
225549,6278,ipc_activity-alias_open_com.snapchat.android.CozyGradientAlias,WARN,Medium,P1,PLATFORM,Exported activity alias without permission,[],"{""detail"": ""Activity Alias com.snapchat.android.CozyGradientAlias is exported but does not declare android:permission.""}",Restrict the component with signature-level permissions or mark it non-exported unless explicitly required.,BASE-IPC-COMP-NO-ACL,8.0,PLATFORM,ipc_components,,,6eaeb02633b6ff72e57b9201719367c12404a6017a44061d77f54711c49f781b,2026-07-09 11:20:14,PLATFORM,PLATFORM-IPC-1
225550,6278,ipc_activity-alias_open_com.snapchat.android.CupidAlias,WARN,Medium,P1,PLATFORM,Exported activity alias without permission,[],"{""detail"": ""Activity Alias com.snapchat.android.CupidAlias is exported but does not declare android:permission.""}",Restrict the component with signature-level permissions or mark it non-exported unless explicitly required.,BASE-IPC-COMP-NO-ACL,8.0,PLATFORM,ipc_components,,,fcf9b8973355fa69cc82ab15ca36eb3d28d2658d8736c2213c3e9546b92537f3,2026-07-09 11:20:14,PLATFORM,PLATFORM-IPC-1
225551,6278,ipc_activity-alias_open_com.snapchat.android.CybersigilismAlias,WARN,Medium,P1,PLATFORM,Exported activity alias without permission,[],"{""detail"": ""Activity Alias com.snapchat.android.CybersigilismAlias is exported but does not declare android:permission.""}",Restrict the component with signature-level permissions or mark it non-exported unless explicitly required.,BASE-IPC-COMP-NO-ACL,8.0,PLATFORM,ipc_components,,,a8f83c1c5194fe8b970f52c316d3300be89f87dcb601fdd8ecd3cb75124776f3,2026-07-09 11:20:14,PLATFORM,PLATFORM-IPC-1
225552,6278,ipc_activity-alias_open_com.snapchat.android.DancePartyAlias,WARN,Medium,P1,PLATFORM,Exported activity alias without permission,[],"{""detail"": ""Activity Alias com.snapchat.android.DancePartyAlias is exported but does not declare android:permission.""}",Restrict the component with signature-level permissions or mark it non-exported unless explicitly required.,BASE-IPC-COMP-NO-ACL,8.0,PLATFORM,ipc_components,,,6a9c388c7a95bacec44a44ac7457c07d9923526f992f3cb17173f37e82ba343c,2026-07-09 11:20:14,PLATFORM,PLATFORM-IPC-1
225553,6278,ipc_activity-alias_open_com.snapchat.android.DenimAlias,WARN,Medium,P1,PLATFORM,Exported activity alias without permission,[],"{""detail"": ""Activity Alias com.snapchat.android.DenimAlias is exported but does not declare android:permission.""}",Restrict the component with signature-level permissions or mark it non-exported unless explicitly required.,BASE-IPC-COMP-NO-ACL,8.0,PLATFORM,ipc_components,,,ce2e57219043414dc4e548ad17d7cc9fc95c80193a3c73efa6a4e3bb26ad88e2,2026-07-09 11:20:14,PLATFORM,PLATFORM-IPC-1
225554,6278,ipc_activity-alias_open_com.snapchat.android.DenisePinkAlias,WARN,Medium,P1,PLATFORM,Exported activity alias without permission,[],"{""detail"": ""Activity Alias com.snapchat.android.DenisePinkAlias is exported but does not declare android:permission.""}",Restrict the component with signature-level permissions or mark it non-exported unless explicitly required.,BASE-IPC-COMP-NO-ACL,8.0,PLATFORM,ipc_components,,,dabbbaf0b6d71de838967e0170e0985d07b0d54b735faf4a6575fb0a806fa55f,2026-07-09 11:20:14,PLATFORM,PLATFORM-IPC-1
225555,6278,ipc_activity-alias_open_com.snapchat.android.DenisePinkBlueAlias,WARN,Medium,P1,PLATFORM,Exported activity alias without permission,[],"{""detail"": ""Activity Alias com.snapchat.android.DenisePinkBlueAlias is exported but does not declare android:permission.""}",Restrict the component with signature-level permissions or mark it non-exported unless explicitly required.,BASE-IPC-COMP-NO-ACL,8.0,PLATFORM,ipc_components,,,a3782ec27aec6a53e2c3f0ef10f8f79fb33c8ef3d2d250b16e947306df7b02a3,2026-07-09 11:20:14,PLATFORM,PLATFORM-IPC-1
225556,6278,ipc_activity-alias_open_com.snapchat.android.DevilAlias,WARN,Medium,P1,PLATFORM,Exported activity alias without permission,[],"{""detail"": ""Activity Alias com.snapchat.android.DevilAlias is exported but does not declare android:permission.""}",Restrict the component with signature-level permissions or mark it non-exported unless explicitly required.,BASE-IPC-COMP-NO-ACL,8.0,PLATFORM,ipc_components,,,3ce8ba22ce2042301b5bbc676e5eefffb803e59c94cbe50717f2ba191ef0ce7e,2026-07-09 11:20:14,PLATFORM,PLATFORM-IPC-1
225557,6278,ipc_activity-alias_open_com.snapchat.android.DiwaliClayLampAlias,WARN,Medium,P1,PLATFORM,Exported activity alias without permission,[],"{""detail"": ""Activity Alias com.snapchat.android.DiwaliClayLampAlias is exported but does not declare android:permission.""}",Restrict the component with signature-level permissions or mark it non-exported unless explicitly required.,BASE-IPC-COMP-NO-ACL,8.0,PLATFORM,ipc_components,,,1bb5284576c8e4a9ec532ddbb6eabcb0fc6e91de224d9882d79f51708b9202c0,2026-07-09 11:20:14,PLATFORM,PLATFORM-IPC-1
225558,6278,ipc_activity-alias_open_com.snapchat.android.DiwaliFlowerAlias,WARN,Medium,P1,PLATFORM,Exported activity alias without permission,[],"{""detail"": ""Activity Alias com.snapchat.android.DiwaliFlowerAlias is exported but does not declare android:permission.""}",Restrict the component with signature-level permissions or mark it non-exported unless explicitly required.,BASE-IPC-COMP-NO-ACL,8.0,PLATFORM,ipc_components,,,76a123d70e58849eb47f0f8fae211f42865b60bdd138fc117fbe1705e9d54fb3,2026-07-09 11:20:14,PLATFORM,PLATFORM-IPC-1
225559,6278,ipc_activity-alias_open_com.snapchat.android.DiwaliGoldFrameAlias,WARN,Medium,P1,PLATFORM,Exported activity alias without permission,[],"{""detail"": ""Activity Alias com.snapchat.android.DiwaliGoldFrameAlias is exported but does not declare android:permission.""}",Restrict the component with signature-level permissions or mark it non-exported unless explicitly required.,BASE-IPC-COMP-NO-ACL,8.0,PLATFORM,ipc_components,,,c537116e81e5c4b5128184680734bc6e3152273f6b177cb368ba43dbd4c8925e,2026-07-09 11:20:14,PLATFORM,PLATFORM-IPC-1
225560,6278,ipc_activity-alias_open_com.snapchat.android.DiwaliTypeAlias,WARN,Medium,P1,PLATFORM,Exported activity alias without permission,[],"{""detail"": ""Activity Alias com.snapchat.android.DiwaliTypeAlias is exported but does not declare android:permission.""}",Restrict the component with signature-level permissions or mark it non-exported unless explicitly required.,BASE-IPC-COMP-NO-ACL,8.0,PLATFORM,ipc_components,,,cc0e558d97cc40e4747e90a97bc9eda8ac69fbc6e4f127977fe96dcbbba7495d,2026-07-09 11:20:14,PLATFORM,PLATFORM-IPC-1
225561,6278,ipc_activity-alias_open_com.snapchat.android.DoodleAlias,WARN,Medium,P1,PLATFORM,Exported activity alias without permission,[],"{""detail"": ""Activity Alias com.snapchat.android.DoodleAlias is exported but does not declare android:permission.""}",Restrict the component with signature-level permissions or mark it non-exported unless explicitly required.,BASE-IPC-COMP-NO-ACL,8.0,PLATFORM,ipc_components,,,0ad4a529f11dff6f7afcd4b9b52e6ab0a10d1746927555d695529cbd8388c12f,2026-07-09 11:20:14,PLATFORM,PLATFORM-IPC-1
225562,6278,ipc_activity-alias_open_com.snapchat.android.DreamyGhostAlias,WARN,Medium,P1,PLATFORM,Exported activity alias without permission,[],"{""detail"": ""Activity Alias com.snapchat.android.DreamyGhostAlias is exported but does not declare android:permission.""}",Restrict the component with signature-level permissions or mark it non-exported unless explicitly required.,BASE-IPC-COMP-NO-ACL,8.0,PLATFORM,ipc_components,,,1069fe67b9ed39c49c8d30d9e591f9b6596fb8fe3f3a2af2f4fbefa3b22b75df,2026-07-09 11:20:14,PLATFORM,PLATFORM-IPC-1
225563,6278,ipc_activity-alias_open_com.snapchat.android.DreidelAlias,WARN,Medium,P1,PLATFORM,Exported activity alias without permission,[],"{""detail"": ""Activity Alias com.snapchat.android.DreidelAlias is exported but does not declare android:permission.""}",Restrict the component with signature-level permissions or mark it non-exported unless explicitly required.,BASE-IPC-COMP-NO-ACL,8.0,PLATFORM,ipc_components,,,3c34281d8dbade40bfc92558eeff8711879b39eca1c311e0e9673bb3534a7eff,2026-07-09 11:20:14,PLATFORM,PLATFORM-IPC-1
225564,6278,ipc_activity-alias_open_com.snapchat.android.EasterEggGrassAlias,WARN,Medium,P1,PLATFORM,Exported activity alias without permission,[],"{""detail"": ""Activity Alias com.snapchat.android.EasterEggGrassAlias is exported but does not declare android:permission.""}",Restrict the component with signature-level permissions or mark it non-exported unless explicitly required.,BASE-IPC-COMP-NO-ACL,8.0,PLATFORM,ipc_components,,,41fcba8f7ec0f85b3eff93f3d3c89256faa6524d4785d1caaf45338497e358b1,2026-07-09 11:20:14,PLATFORM,PLATFORM-IPC-1
225565,6278,ipc_activity-alias_open_com.snapchat.android.EidAlAdhaAlias,WARN,Medium,P1,PLATFORM,Exported activity alias without permission,[],"{""detail"": ""Activity Alias com.snapchat.android.EidAlAdhaAlias is exported but does not declare android:permission.""}",Restrict the component with signature-level permissions or mark it non-exported unless explicitly required.,BASE-IPC-COMP-NO-ACL,8.0,PLATFORM,ipc_components,,,aee195dbb6051d6a7ce07652d982388e548c69af584352594e488722a492adda,2026-07-09 11:20:14,PLATFORM,PLATFORM-IPC-1
225566,6278,ipc_activity-alias_open_com.snapchat.android.EggAlias,WARN,Medium,P1,PLATFORM,Exported activity alias without permission,[],"{""detail"": ""Activity Alias com.snapchat.android.EggAlias is exported but does not declare android:permission.""}",Restrict the component with signature-level permissions or mark it non-exported unless explicitly required.,BASE-IPC-COMP-NO-ACL,8.0,PLATFORM,ipc_components,,,aa9ff03dcf019a11fb7a91cd5ff01050304397a6f122eb5fb4f52f9d544a294a,2026-07-09 11:20:14,PLATFORM,PLATFORM-IPC-1
225567,6278,ipc_activity-alias_open_com.snapchat.android.EggSurpriseAlias,WARN,Medium,P1,PLATFORM,Exported activity alias without permission,[],"{""detail"": ""Activity Alias com.snapchat.android.EggSurpriseAlias is exported but does not declare android:permission.""}",Restrict the component with signature-level permissions or mark it non-exported unless explicitly required.,BASE-IPC-COMP-NO-ACL,8.0,PLATFORM,ipc_components,,,ee2e8bb077a24feffbcc264dc5dd038850df66162ae536e5760a61a67288acf8,2026-07-09 11:20:14,PLATFORM,PLATFORM-IPC-1
225568,6278,ipc_activity-alias_open_com.snapchat.android.FairyAlias,WARN,Medium,P1,PLATFORM,Exported activity alias without permission,[],"{""detail"": ""Activity Alias com.snapchat.android.FairyAlias is exported but does not declare android:permission.""}",Restrict the component with signature-level permissions or mark it non-exported unless explicitly required.,BASE-IPC-COMP-NO-ACL,8.0,PLATFORM,ipc_components,,,baac4a6742c72cdcec78b13217bc538d170f0624a66c65562623d7cffe048bae,2026-07-09 11:20:14,PLATFORM,PLATFORM-IPC-1
225569,6278,ipc_activity-alias_open_com.snapchat.android.FallScarfAlias,WARN,Medium,P1,PLATFORM,Exported activity alias without permission,[],"{""detail"": ""Activity Alias com.snapchat.android.FallScarfAlias is exported but does not declare android:permission.""}",Restrict the component with signature-level permissions or mark it non-exported unless explicitly required.,BASE-IPC-COMP-NO-ACL,8.0,PLATFORM,ipc_components,,,d17834cafcfdf581d9560091de467a31e33139c78ae117989898a27b840f72d4,2026-07-09 11:20:14,PLATFORM,PLATFORM-IPC-1
225570,6278,ipc_activity-alias_open_com.snapchat.android.FlagAlias,WARN,Medium,P1,PLATFORM,Exported activity alias without permission,[],"{""detail"": ""Activity Alias com.snapchat.android.FlagAlias is exported but does not declare android:permission.""}",Restrict the component with signature-level permissions or mark it non-exported unless explicitly required.,BASE-IPC-COMP-NO-ACL,8.0,PLATFORM,ipc_components,,,f00cfd9987b42f66b18dd0aadd3db44abd9c83547942251b75529b85b673ca3b,2026-07-09 11:20:14,PLATFORM,PLATFORM-IPC-1
225571,6278,ipc_activity-alias_open_com.snapchat.android.FlowersAlias,WARN,Medium,P1,PLATFORM,Exported activity alias without permission,[],"{""detail"": ""Activity Alias com.snapchat.android.FlowersAlias is exported but does not declare android:permission.""}",Restrict the component with signature-level permissions or mark it non-exported unless explicitly required.,BASE-IPC-COMP-NO-ACL,8.0,PLATFORM,ipc_components,,,e95a0c02452639023abb0bd0e92604eb38b6ee48cc15561fd116bac25742fa75,2026-07-09 11:20:14,PLATFORM,PLATFORM-IPC-1
225572,6278,ipc_activity-alias_open_com.snapchat.android.FoilballoonAlias,WARN,Medium,P1,PLATFORM,Exported activity alias without permission,[],"{""detail"": ""Activity Alias com.snapchat.android.FoilballoonAlias is exported but does not declare android:permission.""}",Restrict the component with signature-level permissions or mark it non-exported unless explicitly required.,BASE-IPC-COMP-NO-ACL,8.0,PLATFORM,ipc_components,,,c0fcce6ebd71ea865949e9652d0208af745e262abebd80b7afefa21d7505becf,2026-07-09 11:20:14,PLATFORM,PLATFORM-IPC-1
225573,6278,ipc_activity-alias_open_com.snapchat.android.FoliageAlias,WARN,Medium,P1,PLATFORM,Exported activity alias without permission,[],"{""detail"": ""Activity Alias com.snapchat.android.FoliageAlias is exported but does not declare android:permission.""}",Restrict the component with signature-level permissions or mark it non-exported unless explicitly required.,BASE-IPC-COMP-NO-ACL,8.0,PLATFORM,ipc_components,,,9def8e0f6eba7178fda096d7610e67ca93295977b50870081c7a2319a8e03fee,2026-07-09 11:20:14,PLATFORM,PLATFORM-IPC-1
225574,6278,ipc_activity-alias_open_com.snapchat.android.FortuneBallAlias,WARN,Medium,P1,PLATFORM,Exported activity alias without permission,[],"{""detail"": ""Activity Alias com.snapchat.android.FortuneBallAlias is exported but does not declare android:permission.""}",Restrict the component with signature-level permissions or mark it non-exported unless explicitly required.,BASE-IPC-COMP-NO-ACL,8.0,PLATFORM,ipc_components,,,2e6220d640980358a9d14da9676eebd602b30cae6ab5aab1585b7cb49efb9732,2026-07-09 11:20:14,PLATFORM,PLATFORM-IPC-1
225575,6278,ipc_activity-alias_open_com.snapchat.android.FriendshipDayGhostAlias,WARN,Medium,P1,PLATFORM,Exported activity alias without permission,[],"{""detail"": ""Activity Alias com.snapchat.android.FriendshipDayGhostAlias is exported but does not declare android:permission.""}",Restrict the component with signature-level permissions or mark it non-exported unless explicitly required.,BASE-IPC-COMP-NO-ACL,8.0,PLATFORM,ipc_components,,,b503c0fc9c2357459cfd4046c6724e002d1953491b4b5c538ba6cacb03ac9a10,2026-07-09 11:20:14,PLATFORM,PLATFORM-IPC-1
225576,6278,ipc_activity-alias_open_com.snapchat.android.FrogAlias,WARN,Medium,P1,PLATFORM,Exported activity alias without permission,[],"{""detail"": ""Activity Alias com.snapchat.android.FrogAlias is exported but does not declare android:permission.""}",Restrict the component with signature-level permissions or mark it non-exported unless explicitly required.,BASE-IPC-COMP-NO-ACL,8.0,PLATFORM,ipc_components,,,b762220e06d3d6e664ed716bd94d0fa1f06970bc0c404640b60c38d6f74e6cc8,2026-07-09 11:20:14,PLATFORM,PLATFORM-IPC-1
225577,6278,ipc_activity-alias_open_com.snapchat.android.FrostedAlias,WARN,Medium,P1,PLATFORM,Exported activity alias without permission,[],"{""detail"": ""Activity Alias com.snapchat.android.FrostedAlias is exported but does not declare android:permission.""}",Restrict the component with signature-level permissions or mark it non-exported unless explicitly required.,BASE-IPC-COMP-NO-ACL,8.0,PLATFORM,ipc_components,,,d332753558eb4a3ddcf9255ede9de1be8401e63cb734b08252fd969824afa518,2026-07-09 11:20:14,PLATFORM,PLATFORM-IPC-1
225578,6278,ipc_activity-alias_open_com.snapchat.android.FurryAlias,WARN,Medium,P1,PLATFORM,Exported activity alias without permission,[],"{""detail"": ""Activity Alias com.snapchat.android.FurryAlias is exported but does not declare android:permission.""}",Restrict the component with signature-level permissions or mark it non-exported unless explicitly required.,BASE-IPC-COMP-NO-ACL,8.0,PLATFORM,ipc_components,,,1830470e3293a05e7d8f4f323e5c27a0daf92c6c76148719c0e14f98784b8b07,2026-07-09 11:20:14,PLATFORM,PLATFORM-IPC-1
225579,6278,ipc_activity-alias_open_com.snapchat.android.GalaxyAlias,WARN,Medium,P1,PLATFORM,Exported activity alias without permission,[],"{""detail"": ""Activity Alias com.snapchat.android.GalaxyAlias is exported but does not declare android:permission.""}",Restrict the component with signature-level permissions or mark it non-exported unless explicitly required.,BASE-IPC-COMP-NO-ACL,8.0,PLATFORM,ipc_components,,,5435526255a83ecb2cb8e49417d64966a41e865087c7217d8c3822ef0097baeb,2026-07-09 11:20:14,PLATFORM,PLATFORM-IPC-1
225580,6278,ipc_activity-alias_open_com.snapchat.android.GhostUniverseAlias,WARN,Medium,P1,PLATFORM,Exported activity alias without permission,[],"{""detail"": ""Activity Alias com.snapchat.android.GhostUniverseAlias is exported but does not declare android:permission.""}",Restrict the component with signature-level permissions or mark it non-exported unless explicitly required.,BASE-IPC-COMP-NO-ACL,8.0,PLATFORM,ipc_components,,,3c5c546dcc3ceb7abfbeaf2eb2ec82db3f1a6362d08f9377b9cee3a2e2ca6940,2026-07-09 11:20:14,PLATFORM,PLATFORM-IPC-1
225581,6278,ipc_activity-alias_open_com.snapchat.android.GiftAlias,WARN,Medium,P1,PLATFORM,Exported activity alias without permission,[],"{""detail"": ""Activity Alias com.snapchat.android.GiftAlias is exported but does not declare android:permission.""}",Restrict the component with signature-level permissions or mark it non-exported unless explicitly required.,BASE-IPC-COMP-NO-ACL,8.0,PLATFORM,ipc_components,,,65e07709152aca25c27cca4609fb482d7697458797d77ef1f32eb02d98293b12,2026-07-09 11:20:14,PLATFORM,PLATFORM-IPC-1
225582,6278,ipc_activity-alias_open_com.snapchat.android.GiftWrapAlias,WARN,Medium,P1,PLATFORM,Exported activity alias without permission,[],"{""detail"": ""Activity Alias com.snapchat.android.GiftWrapAlias is exported but does not declare android:permission.""}",Restrict the component with signature-level permissions or mark it non-exported unless explicitly required.,BASE-IPC-COMP-NO-ACL,8.0,PLATFORM,ipc_components,,,cd2ed37b1467de844e54b3e6dd2d91b1cf260cd62753bfd058fdc477eccd5a67,2026-07-09 11:20:14,PLATFORM,PLATFORM-IPC-1
225583,6278,ipc_activity-alias_open_com.snapchat.android.GingerCookieAlias,WARN,Medium,P1,PLATFORM,Exported activity alias without permission,[],"{""detail"": ""Activity Alias com.snapchat.android.GingerCookieAlias is exported but does not declare android:permission.""}",Restrict the component with signature-level permissions or mark it non-exported unless explicitly required.,BASE-IPC-COMP-NO-ACL,8.0,PLATFORM,ipc_components,,,0be216bdc4f9ec97b54fdcb5913f03c4ecd083158d117dceb23ef82652243c53,2026-07-09 11:20:14,PLATFORM,PLATFORM-IPC-1
225584,6278,ipc_activity-alias_open_com.snapchat.android.GlassAlias,WARN,Medium,P1,PLATFORM,Exported activity alias without permission,[],"{""detail"": ""Activity Alias com.snapchat.android.GlassAlias is exported but does not declare android:permission.""}",Restrict the component with signature-level permissions or mark it non-exported unless explicitly required.,BASE-IPC-COMP-NO-ACL,8.0,PLATFORM,ipc_components,,,4ce92c21263f1baf4d516d7f2ecba39a149b8ac3d9bad5d956149df98053b46d,2026-07-09 11:20:14,PLATFORM,PLATFORM-IPC-1
225585,6278,ipc_activity-alias_open_com.snapchat.android.GlitterStickerAlias,WARN,Medium,P1,PLATFORM,Exported activity alias without permission,[],"{""detail"": ""Activity Alias com.snapchat.android.GlitterStickerAlias is exported but does not declare android:permission.""}",Restrict the component with signature-level permissions or mark it non-exported unless explicitly required.,BASE-IPC-COMP-NO-ACL,8.0,PLATFORM,ipc_components,,,81b80620f836a00f7298c6156ffb4e6bbd86b643355489335ade6638b7d82c9b,2026-07-09 11:20:14,PLATFORM,PLATFORM-IPC-1
225586,6278,ipc_activity-alias_open_com.snapchat.android.GlitterAlias,WARN,Medium,P1,PLATFORM,Exported activity alias without permission,[],"{""detail"": ""Activity Alias com.snapchat.android.GlitterAlias is exported but does not declare android:permission.""}",Restrict the component with signature-level permissions or mark it non-exported unless explicitly required.,BASE-IPC-COMP-NO-ACL,8.0,PLATFORM,ipc_components,,,3de707303eef6902ca72aac04a02166538552b2d77565efb868f4897e9f69eab,2026-07-09 11:20:14,PLATFORM,PLATFORM-IPC-1
225587,6278,ipc_activity-alias_open_com.snapchat.android.GlittersAlias,WARN,Medium,P1,PLATFORM,Exported activity alias without permission,[],"{""detail"": ""Activity Alias com.snapchat.android.GlittersAlias is exported but does not declare android:permission.""}",Restrict the component with signature-level permissions or mark it non-exported unless explicitly required.,BASE-IPC-COMP-NO-ACL,8.0,PLATFORM,ipc_components,,,8bd6d5bb9db646452ade86d91065943c2e286a216790e3cb9c62a0075440e716,2026-07-09 11:20:14,PLATFORM,PLATFORM-IPC-1
225588,6278,ipc_activity-alias_open_com.snapchat.android.Gold2Alias,WARN,Medium,P1,PLATFORM,Exported activity alias without permission,[],"{""detail"": ""Activity Alias com.snapchat.android.Gold2Alias is exported but does not declare android:permission.""}",Restrict the component with signature-level permissions or mark it non-exported unless explicitly required.,BASE-IPC-COMP-NO-ACL,8.0,PLATFORM,ipc_components,,,d9099923b041a37c6a7fe9437e7c5b82abd8b58a4c6b46129acc50d8f26b1642,2026-07-09 11:20:14,PLATFORM,PLATFORM-IPC-1
225589,6278,ipc_activity-alias_open_com.snapchat.android.GoldCAlias,WARN,Medium,P1,PLATFORM,Exported activity alias without permission,[],"{""detail"": ""Activity Alias com.snapchat.android.GoldCAlias is exported but does not declare android:permission.""}",Restrict the component with signature-level permissions or mark it non-exported unless explicitly required.,BASE-IPC-COMP-NO-ACL,8.0,PLATFORM,ipc_components,,,034db904ead28cf37284a4f44e30c016543b45d2d745ec1d4f22d3e8769636cc,2026-07-09 11:20:14,PLATFORM,PLATFORM-IPC-1
225590,6278,ipc_activity-alias_open_com.snapchat.android.GoldAlias,WARN,Medium,P1,PLATFORM,Exported activity alias without permission,[],"{""detail"": ""Activity Alias com.snapchat.android.GoldAlias is exported but does not declare android:permission.""}",Restrict the component with signature-level permissions or mark it non-exported unless explicitly required.,BASE-IPC-COMP-NO-ACL,8.0,PLATFORM,ipc_components,,,2e9195c0691c1e1b8a84c85971a77f4797ee56cfd7e536cf14b492ccdb2ee40f,2026-07-09 11:20:14,PLATFORM,PLATFORM-IPC-1
225591,6278,ipc_activity-alias_open_com.snapchat.android.GooeyHalloweenAlias,WARN,Medium,P1,PLATFORM,Exported activity alias without permission,[],"{""detail"": ""Activity Alias com.snapchat.android.GooeyHalloweenAlias is exported but does not declare android:permission.""}",Restrict the component with signature-level permissions or mark it non-exported unless explicitly required.,BASE-IPC-COMP-NO-ACL,8.0,PLATFORM,ipc_components,,,0210cb8cd327f03b298d123496d82f20173f203cce435d1e81f8b0d7281d32dd,2026-07-09 11:20:14,PLATFORM,PLATFORM-IPC-1
225592,6278,ipc_activity-alias_open_com.snapchat.android.GrafittiAlias,WARN,Medium,P1,PLATFORM,Exported activity alias without permission,[],"{""detail"": ""Activity Alias com.snapchat.android.GrafittiAlias is exported but does not declare android:permission.""}",Restrict the component with signature-level permissions or mark it non-exported unless explicitly required.,BASE-IPC-COMP-NO-ACL,8.0,PLATFORM,ipc_components,,,07c71f13d4fb209bda4bbe30e8fbb09b6ed5d60d1de8d58ea771611b37989c92,2026-07-09 11:20:14,PLATFORM,PLATFORM-IPC-1
225593,6278,ipc_activity-alias_open_com.snapchat.android.GreenAlias,WARN,Medium,P1,PLATFORM,Exported activity alias without permission,[],"{""detail"": ""Activity Alias com.snapchat.android.GreenAlias is exported but does not declare android:permission.""}",Restrict the component with signature-level permissions or mark it non-exported unless explicitly required.,BASE-IPC-COMP-NO-ACL,8.0,PLATFORM,ipc_components,,,2317fae17f462e97add9abac071f2e8fc338b50272f59917f0222f523e60c6db,2026-07-09 11:20:14,PLATFORM,PLATFORM-IPC-1
225594,6278,ipc_activity-alias_open_com.snapchat.android.HalloweenEyeAlias,WARN,Medium,P1,PLATFORM,Exported activity alias without permission,[],"{""detail"": ""Activity Alias com.snapchat.android.HalloweenEyeAlias is exported but does not declare android:permission.""}",Restrict the component with signature-level permissions or mark it non-exported unless explicitly required.,BASE-IPC-COMP-NO-ACL,8.0,PLATFORM,ipc_components,,,e8384950cd5ffa7f285be2034e8b791150a5bb08039d82b4c0b11aec8dd7ffda,2026-07-09 11:20:14,PLATFORM,PLATFORM-IPC-1
225595,6278,ipc_activity-alias_open_com.snapchat.android.HarvestMoonAlias,WARN,Medium,P1,PLATFORM,Exported activity alias without permission,[],"{""detail"": ""Activity Alias com.snapchat.android.HarvestMoonAlias is exported but does not declare android:permission.""}",Restrict the component with signature-level permissions or mark it non-exported unless explicitly required.,BASE-IPC-COMP-NO-ACL,8.0,PLATFORM,ipc_components,,,ae7df07bc547c49f970316e9ed660dece657ce27f0e65c65dcf4841e6674bfc9,2026-07-09 11:20:14,PLATFORM,PLATFORM-IPC-1
225596,6278,ipc_activity-alias_open_com.snapchat.android.HeartCandyAlias,WARN,Medium,P1,PLATFORM,Exported activity alias without permission,[],"{""detail"": ""Activity Alias com.snapchat.android.HeartCandyAlias is exported but does not declare android:permission.""}",Restrict the component with signature-level permissions or mark it non-exported unless explicitly required.,BASE-IPC-COMP-NO-ACL,8.0,PLATFORM,ipc_components,,,e070e0d47da68bba7a83a023456a9521b42395b172830f823dd07429325cc92a,2026-07-09 11:20:14,PLATFORM,PLATFORM-IPC-1
225597,6278,ipc_activity-alias_open_com.snapchat.android.HeartCandiesAlias,WARN,Medium,P1,PLATFORM,Exported activity alias without permission,[],"{""detail"": ""Activity Alias com.snapchat.android.HeartCandiesAlias is exported but does not declare android:permission.""}",Restrict the component with signature-level permissions or mark it non-exported unless explicitly required.,BASE-IPC-COMP-NO-ACL,8.0,PLATFORM,ipc_components,,,b39bf4e70bf7f629fa503dbb52a64eea068784239822232462044dded3b69bc0,2026-07-09 11:20:14,PLATFORM,PLATFORM-IPC-1
225598,6278,ipc_activity-alias_open_com.snapchat.android.HeartsDarkerAlias,WARN,Medium,P1,PLATFORM,Exported activity alias without permission,[],"{""detail"": ""Activity Alias com.snapchat.android.HeartsDarkerAlias is exported but does not declare android:permission.""}",Restrict the component with signature-level permissions or mark it non-exported unless explicitly required.,BASE-IPC-COMP-NO-ACL,8.0,PLATFORM,ipc_components,,,8366b9975eb0282b0479b4b1559534ffabb861829cf49bfe68dc5fc10c9f639e,2026-07-09 11:20:14,PLATFORM,PLATFORM-IPC-1
225599,6278,ipc_activity-alias_open_com.snapchat.android.HeatmapAlias,WARN,Medium,P1,PLATFORM,Exported activity alias without permission,[],"{""detail"": ""Activity Alias com.snapchat.android.HeatmapAlias is exported but does not declare android:permission.""}",Restrict the component with signature-level permissions or mark it non-exported unless explicitly required.,BASE-IPC-COMP-NO-ACL,8.0,PLATFORM,ipc_components,,,7386c1b036cedf757abd0b975106a4643f3f3f50e43727e1daa1c1c61068ab3c,2026-07-09 11:20:14,PLATFORM,PLATFORM-IPC-1
225600,6278,ipc_activity-alias_open_com.snapchat.android.HoliPowdersAlias,WARN,Medium,P1,PLATFORM,Exported activity alias without permission,[],"{""detail"": ""Activity Alias com.snapchat.android.HoliPowdersAlias is exported but does not declare android:permission.""}",Restrict the component with signature-level permissions or mark it non-exported unless explicitly required.,BASE-IPC-COMP-NO-ACL,8.0,PLATFORM,ipc_components,,,d3c09f5a19fc05e624f7fee49013ebddafefb836818a94d425151795007f5a9c,2026-07-09 11:20:14,PLATFORM,PLATFORM-IPC-1
225601,6278,ipc_activity-alias_open_com.snapchat.android.Icon23Alias,WARN,Medium,P1,PLATFORM,Exported activity alias without permission,[],"{""detail"": ""Activity Alias com.snapchat.android.Icon23Alias is exported but does not declare android:permission.""}",Restrict the component with signature-level permissions or mark it non-exported unless explicitly required.,BASE-IPC-COMP-NO-ACL,8.0,PLATFORM,ipc_components,,,3c3ab4c5f92ee8a1b67c49bf0991e7fb7b153ced75b5e4c918f9a552d7a78b6b,2026-07-09 11:20:14,PLATFORM,PLATFORM-IPC-1
225602,6278,ipc_activity-alias_open_com.snapchat.android.Icon24Alias,WARN,Medium,P1,PLATFORM,Exported activity alias without permission,[],"{""detail"": ""Activity Alias com.snapchat.android.Icon24Alias is exported but does not declare android:permission.""}",Restrict the component with signature-level permissions or mark it non-exported unless explicitly required.,BASE-IPC-COMP-NO-ACL,8.0,PLATFORM,ipc_components,,,bfb597d3d1b8cf693908b669956b006bf5824ab539b5fa000a8c15a004b8eeb0,2026-07-09 11:20:14,PLATFORM,PLATFORM-IPC-1
225603,6278,ipc_activity-alias_open_com.snapchat.android.Icon25Alias,WARN,Medium,P1,PLATFORM,Exported activity alias without permission,[],"{""detail"": ""Activity Alias com.snapchat.android.Icon25Alias is exported but does not declare android:permission.""}",Restrict the component with signature-level permissions or mark it non-exported unless explicitly required.,BASE-IPC-COMP-NO-ACL,8.0,PLATFORM,ipc_components,,,c4845e8bb1efb287a53d0d4b61cfce1a6edc3be54b682262a46af3cb22dbe3bc,2026-07-09 11:20:14,PLATFORM,PLATFORM-IPC-1
225604,6278,ipc_activity-alias_open_com.snapchat.android.Icon26Alias,WARN,Medium,P1,PLATFORM,Exported activity alias without permission,[],"{""detail"": ""Activity Alias com.snapchat.android.Icon26Alias is exported but does not declare android:permission.""}",Restrict the component with signature-level permissions or mark it non-exported unless explicitly required.,BASE-IPC-COMP-NO-ACL,8.0,PLATFORM,ipc_components,,,d95d69ece9e0134da5fd469bb334adcd82d82307af19b1565246c32fa2b2ecb8,2026-07-09 11:20:14,PLATFORM,PLATFORM-IPC-1
225605,6278,ipc_activity-alias_open_com.snapchat.android.ImpressionistAlias,WARN,Medium,P1,PLATFORM,Exported activity alias without permission,[],"{""detail"": ""Activity Alias com.snapchat.android.ImpressionistAlias is exported but does not declare android:permission.""}",Restrict the component with signature-level permissions or mark it non-exported unless explicitly required.,BASE-IPC-COMP-NO-ACL,8.0,PLATFORM,ipc_components,,,5d825cd88759e7da167118cd8faefb764056bde017f9098e95f648a8b1fbc2a1,2026-07-09 11:20:14,PLATFORM,PLATFORM-IPC-1
225606,6278,ipc_activity-alias_open_com.snapchat.android.KintsugiAlias,WARN,Medium,P1,PLATFORM,Exported activity alias without permission,[],"{""detail"": ""Activity Alias com.snapchat.android.KintsugiAlias is exported but does not declare android:permission.""}",Restrict the component with signature-level permissions or mark it non-exported unless explicitly required.,BASE-IPC-COMP-NO-ACL,8.0,PLATFORM,ipc_components,,,9587e2f4a1318b8fc460afe5c9715c49b82d7b7669c101cf8f6141df295a85e9,2026-07-09 11:20:14,PLATFORM,PLATFORM-IPC-1
225607,6278,ipc_activity-alias_open_com.snapchat.android.JellyAlias,WARN,Medium,P1,PLATFORM,Exported activity alias without permission,[],"{""detail"": ""Activity Alias com.snapchat.android.JellyAlias is exported but does not declare android:permission.""}",Restrict the component with signature-level permissions or mark it non-exported unless explicitly required.,BASE-IPC-COMP-NO-ACL,8.0,PLATFORM,ipc_components,,,fbb376a28ac24350d3bd7fdac9ca9116a2c8ad083f48cd4ea96c8220f0528a93,2026-07-09 11:20:14,PLATFORM,PLATFORM-IPC-1
225608,6278,ipc_activity-alias_open_com.snapchat.android.LatteArtAlias,WARN,Medium,P1,PLATFORM,Exported activity alias without permission,[],"{""detail"": ""Activity Alias com.snapchat.android.LatteArtAlias is exported but does not declare android:permission.""}",Restrict the component with signature-level permissions or mark it non-exported unless explicitly required.,BASE-IPC-COMP-NO-ACL,8.0,PLATFORM,ipc_components,,,ac39a9006d9177a9344f9c49f15a1ec67454eb8a0917a3b46a23d90cc5a1c576,2026-07-09 11:20:14,PLATFORM,PLATFORM-IPC-1
225609,6278,ipc_activity-alias_open_com.snapchat.android.LeafPuddleAlias,WARN,Medium,P1,PLATFORM,Exported activity alias without permission,[],"{""detail"": ""Activity Alias com.snapchat.android.LeafPuddleAlias is exported but does not declare android:permission.""}",Restrict the component with signature-level permissions or mark it non-exported unless explicitly required.,BASE-IPC-COMP-NO-ACL,8.0,PLATFORM,ipc_components,,,a3940137fe7b0ae7d1df38728a7ef61d72d721487e8bcc54d62b09875671d0a1,2026-07-09 11:20:14,PLATFORM,PLATFORM-IPC-1
225610,6278,ipc_activity-alias_open_com.snapchat.android.LeprechaunAlias,WARN,Medium,P1,PLATFORM,Exported activity alias without permission,[],"{""detail"": ""Activity Alias com.snapchat.android.LeprechaunAlias is exported but does not declare android:permission.""}",Restrict the component with signature-level permissions or mark it non-exported unless explicitly required.,BASE-IPC-COMP-NO-ACL,8.0,PLATFORM,ipc_components,,,86fc1a475ac862df055411ed68f94ba94001eb1a6844c970259a4fdb31db5416,2026-07-09 11:20:14,PLATFORM,PLATFORM-IPC-1
225611,6278,ipc_activity-alias_open_com.snapchat.android.LeatherAlias,WARN,Medium,P1,PLATFORM,Exported activity alias without permission,[],"{""detail"": ""Activity Alias com.snapchat.android.LeatherAlias is exported but does not declare android:permission.""}",Restrict the component with signature-level permissions or mark it non-exported unless explicitly required.,BASE-IPC-COMP-NO-ACL,8.0,PLATFORM,ipc_components,,,cd61b90c297de495a8e0858390e407a13d2aef9ae9a1f707c5894b0f7bce21fb,2026-07-09 11:20:14,PLATFORM,PLATFORM-IPC-1
225612,6278,ipc_activity-alias_open_com.snapchat.android.MagicWandAlias,WARN,Medium,P1,PLATFORM,Exported activity alias without permission,[],"{""detail"": ""Activity Alias com.snapchat.android.MagicWandAlias is exported but does not declare android:permission.""}",Restrict the component with signature-level permissions or mark it non-exported unless explicitly required.,BASE-IPC-COMP-NO-ACL,8.0,PLATFORM,ipc_components,,,144d05f79a4ca36ceeb504e989af209ae0794fa247bb63e00a2f52a0d0a89c5c,2026-07-09 11:20:14,PLATFORM,PLATFORM-IPC-1
225613,6278,ipc_activity-alias_open_com.snapchat.android.MapAlias,WARN,Medium,P1,PLATFORM,Exported activity alias without permission,[],"{""detail"": ""Activity Alias com.snapchat.android.MapAlias is exported but does not declare android:permission.""}",Restrict the component with signature-level permissions or mark it non-exported unless explicitly required.,BASE-IPC-COMP-NO-ACL,8.0,PLATFORM,ipc_components,,,2bff5f7edf44f1c242cd4ecbdf2e7902a6d2612cc527474329ccddfc379b9b47,2026-07-09 11:20:14,PLATFORM,PLATFORM-IPC-1
225614,6278,ipc_activity-alias_open_com.snapchat.android.MappaBurlAlias,WARN,Medium,P1,PLATFORM,Exported activity alias without permission,[],"{""detail"": ""Activity Alias com.snapchat.android.MappaBurlAlias is exported but does not declare android:permission.""}",Restrict the component with signature-level permissions or mark it non-exported unless explicitly required.,BASE-IPC-COMP-NO-ACL,8.0,PLATFORM,ipc_components,,,17e2c92431400d53b210eca663ec1537bb85f7e7bf7e4b8ab90a4e3943dadd6f,2026-07-09 11:20:14,PLATFORM,PLATFORM-IPC-1
225615,6278,ipc_activity-alias_open_com.snapchat.android.MariachiAlias,WARN,Medium,P1,PLATFORM,Exported activity alias without permission,[],"{""detail"": ""Activity Alias com.snapchat.android.MariachiAlias is exported but does not declare android:permission.""}",Restrict the component with signature-level permissions or mark it non-exported unless explicitly required.,BASE-IPC-COMP-NO-ACL,8.0,PLATFORM,ipc_components,,,69a3c25d5340780b34119a269f635d99ceb9342f0288be622520f5d0643e99b0,2026-07-09 11:20:14,PLATFORM,PLATFORM-IPC-1
225616,6278,ipc_activity-alias_open_com.snapchat.android.Material01Alias,WARN,Medium,P1,PLATFORM,Exported activity alias without permission,[],"{""detail"": ""Activity Alias com.snapchat.android.Material01Alias is exported but does not declare android:permission.""}",Restrict the component with signature-level permissions or mark it non-exported unless explicitly required.,BASE-IPC-COMP-NO-ACL,8.0,PLATFORM,ipc_components,,,565df3b2057803ddeceb9205338d5d11d10066b601af263db78705e43adc1a3c,2026-07-09 11:20:14,PLATFORM,PLATFORM-IPC-1
225617,6278,ipc_activity-alias_open_com.snapchat.android.MemphisAlias,WARN,Medium,P1,PLATFORM,Exported activity alias without permission,[],"{""detail"": ""Activity Alias com.snapchat.android.MemphisAlias is exported but does not declare android:permission.""}",Restrict the component with signature-level permissions or mark it non-exported unless explicitly required.,BASE-IPC-COMP-NO-ACL,8.0,PLATFORM,ipc_components,,,ec69aac9414a2f27b8978eb9532d9ffa6661028300176db85d190c31ba15ed50,2026-07-09 11:20:14,PLATFORM,PLATFORM-IPC-1
225618,6278,ipc_activity-alias_open_com.snapchat.android.MeshGhostAlias,WARN,Medium,P1,PLATFORM,Exported activity alias without permission,[],"{""detail"": ""Activity Alias com.snapchat.android.MeshGhostAlias is exported but does not declare android:permission.""}",Restrict the component with signature-level permissions or mark it non-exported unless explicitly required.,BASE-IPC-COMP-NO-ACL,8.0,PLATFORM,ipc_components,,,b042f54f1f73253426b815a8e88c09fe2b3c48a880da887cf0e5be4e2ace64c2,2026-07-09 11:20:14,PLATFORM,PLATFORM-IPC-1
225619,6278,ipc_activity-alias_open_com.snapchat.android.MirrorFieldAlias,WARN,Medium,P1,PLATFORM,Exported activity alias without permission,[],"{""detail"": ""Activity Alias com.snapchat.android.MirrorFieldAlias is exported but does not declare android:permission.""}",Restrict the component with signature-level permissions or mark it non-exported unless explicitly required.,BASE-IPC-COMP-NO-ACL,8.0,PLATFORM,ipc_components,,,7e644c896e321b850baf5fe73979c1319b3466af9393bf922e67ddf945987f0e,2026-07-09 11:20:14,PLATFORM,PLATFORM-IPC-1
225620,6278,ipc_activity-alias_open_com.snapchat.android.MummyAlias,WARN,Medium,P1,PLATFORM,Exported activity alias without permission,[],"{""detail"": ""Activity Alias com.snapchat.android.MummyAlias is exported but does not declare android:permission.""}",Restrict the component with signature-level permissions or mark it non-exported unless explicitly required.,BASE-IPC-COMP-NO-ACL,8.0,PLATFORM,ipc_components,,,1bebb36e895c0b5dfc050ba4e8f457d21c96244c2570b397a8410c441f503714,2026-07-09 11:20:14,PLATFORM,PLATFORM-IPC-1
225621,6278,ipc_activity-alias_open_com.snapchat.android.NeonAlias,WARN,Medium,P1,PLATFORM,Exported activity alias without permission,[],"{""detail"": ""Activity Alias com.snapchat.android.NeonAlias is exported but does not declare android:permission.""}",Restrict the component with signature-level permissions or mark it non-exported unless explicitly required.,BASE-IPC-COMP-NO-ACL,8.0,PLATFORM,ipc_components,,,8fc29682cb9c2565cae102406b799c05ec2d6b1c5aac03e96bf13d4aae7777e7,2026-07-09 11:20:14,PLATFORM,PLATFORM-IPC-1
225622,6278,ipc_activity-alias_open_com.snapchat.android.NeonWavesAlias,WARN,Medium,P1,PLATFORM,Exported activity alias without permission,[],"{""detail"": ""Activity Alias com.snapchat.android.NeonWavesAlias is exported but does not declare android:permission.""}",Restrict the component with signature-level permissions or mark it non-exported unless explicitly required.,BASE-IPC-COMP-NO-ACL,8.0,PLATFORM,ipc_components,,,b0fe6d128774834fc6445813c142dbbc75703c6c04f30d9e56a13f1a6854ed81,2026-07-09 11:20:14,PLATFORM,PLATFORM-IPC-1
225623,6278,ipc_activity-alias_open_com.snapchat.android.NorthlightAlias,WARN,Medium,P1,PLATFORM,Exported activity alias without permission,[],"{""detail"": ""Activity Alias com.snapchat.android.NorthlightAlias is exported but does not declare android:permission.""}",Restrict the component with signature-level permissions or mark it non-exported unless explicitly required.,BASE-IPC-COMP-NO-ACL,8.0,PLATFORM,ipc_components,,,9ec72138a46d0780f4907569311a5f7b7aa73cdb9a2f042efd7bf937fdb3f891,2026-07-09 11:20:14,PLATFORM,PLATFORM-IPC-1
225624,6278,ipc_activity-alias_open_com.snapchat.android.NyeConfettiAlias,WARN,Medium,P1,PLATFORM,Exported activity alias without permission,[],"{""detail"": ""Activity Alias com.snapchat.android.NyeConfettiAlias is exported but does not declare android:permission.""}",Restrict the component with signature-level permissions or mark it non-exported unless explicitly required.,BASE-IPC-COMP-NO-ACL,8.0,PLATFORM,ipc_components,,,6da3a70ac25a2d869b634412daf7ac283bc6bdc6c494ed732f5624d3301c610d,2026-07-09 11:20:14,PLATFORM,PLATFORM-IPC-1
225625,6278,ipc_activity-alias_open_com.snapchat.android.NyeGoldAlias,WARN,Medium,P1,PLATFORM,Exported activity alias without permission,[],"{""detail"": ""Activity Alias com.snapchat.android.NyeGoldAlias is exported but does not declare android:permission.""}",Restrict the component with signature-level permissions or mark it non-exported unless explicitly required.,BASE-IPC-COMP-NO-ACL,8.0,PLATFORM,ipc_components,,,cfc5b77ddef99aa0881360bcf6b5bbe6e8432118c5a61376972adcfeeb48f56c,2026-07-09 11:20:14,PLATFORM,PLATFORM-IPC-1
225626,6278,ipc_activity-alias_open_com.snapchat.android.NyeGoldGhostAlias,WARN,Medium,P1,PLATFORM,Exported activity alias without permission,[],"{""detail"": ""Activity Alias com.snapchat.android.NyeGoldGhostAlias is exported but does not declare android:permission.""}",Restrict the component with signature-level permissions or mark it non-exported unless explicitly required.,BASE-IPC-COMP-NO-ACL,8.0,PLATFORM,ipc_components,,,b0e4a711702ebeffd93b340f2b41434b7b10aeec64ca929d99f46dd868fb78a3,2026-07-09 11:20:14,PLATFORM,PLATFORM-IPC-1
225627,6278,ipc_activity-alias_open_com.snapchat.android.NyeSnowAlias,WARN,Medium,P1,PLATFORM,Exported activity alias without permission,[],"{""detail"": ""Activity Alias com.snapchat.android.NyeSnowAlias is exported but does not declare android:permission.""}",Restrict the component with signature-level permissions or mark it non-exported unless explicitly required.,BASE-IPC-COMP-NO-ACL,8.0,PLATFORM,ipc_components,,,a2441f39256a8006c2c7e1df438e1a5e077a700d80e4f7f33f5f46c0ecdb9d27,2026-07-09 11:20:14,PLATFORM,PLATFORM-IPC-1
225628,6278,ipc_activity-alias_open_com.snapchat.android.OrnamentAlias,WARN,Medium,P1,PLATFORM,Exported activity alias without permission,[],"{""detail"": ""Activity Alias com.snapchat.android.OrnamentAlias is exported but does not declare android:permission.""}",Restrict the component with signature-level permissions or mark it non-exported unless explicitly required.,BASE-IPC-COMP-NO-ACL,8.0,PLATFORM,ipc_components,,,75f997eccc665929aa728c9ec6d59d0b5582d55efdf6b558aa3a9cfe16ed5ed5,2026-07-09 11:20:14,PLATFORM,PLATFORM-IPC-1
225629,6278,ipc_activity-alias_open_com.snapchat.android.PinkPurpleAlias,WARN,Medium,P1,PLATFORM,Exported activity alias without permission,[],"{""detail"": ""Activity Alias com.snapchat.android.PinkPurpleAlias is exported but does not declare android:permission.""}",Restrict the component with signature-level permissions or mark it non-exported unless explicitly required.,BASE-IPC-COMP-NO-ACL,8.0,PLATFORM,ipc_components,,,d6acdbb0122de1a7229b01e85869ef1fc5cd22ce948e50c2b50c0ceff9e8e7d7,2026-07-09 11:20:14,PLATFORM,PLATFORM-IPC-1
225630,6278,ipc_activity-alias_open_com.snapchat.android.PinkSlimeAlias,WARN,Medium,P1,PLATFORM,Exported activity alias without permission,[],"{""detail"": ""Activity Alias com.snapchat.android.PinkSlimeAlias is exported but does not declare android:permission.""}",Restrict the component with signature-level permissions or mark it non-exported unless explicitly required.,BASE-IPC-COMP-NO-ACL,8.0,PLATFORM,ipc_components,,,5272a7c9d5be53daa38872a323b52a3fd4624c2e83b8c09f36e3ce36fe0c2611,2026-07-09 11:20:14,PLATFORM,PLATFORM-IPC-1
225631,6278,ipc_activity-alias_open_com.snapchat.android.PinkWrapperAlias,WARN,Medium,P1,PLATFORM,Exported activity alias without permission,[],"{""detail"": ""Activity Alias com.snapchat.android.PinkWrapperAlias is exported but does not declare android:permission.""}",Restrict the component with signature-level permissions or mark it non-exported unless explicitly required.,BASE-IPC-COMP-NO-ACL,8.0,PLATFORM,ipc_components,,,67b0b7014a0a0f6cacc91d8bbe32a6c7257a77e5db6910499ec453cb5275c537,2026-07-09 11:20:14,PLATFORM,PLATFORM-IPC-1
225632,6278,ipc_activity-alias_open_com.snapchat.android.PinwheelAlias,WARN,Medium,P1,PLATFORM,Exported activity alias without permission,[],"{""detail"": ""Activity Alias com.snapchat.android.PinwheelAlias is exported but does not declare android:permission.""}",Restrict the component with signature-level permissions or mark it non-exported unless explicitly required.,BASE-IPC-COMP-NO-ACL,8.0,PLATFORM,ipc_components,,,95c0c7d9e09dcab8b61c2399c41c01b594aac545367f050cb7debe19cd92f3d1,2026-07-09 11:20:14,PLATFORM,PLATFORM-IPC-1
225633,6278,ipc_activity-alias_open_com.snapchat.android.PixelAlias,WARN,Medium,P1,PLATFORM,Exported activity alias without permission,[],"{""detail"": ""Activity Alias com.snapchat.android.PixelAlias is exported but does not declare android:permission.""}",Restrict the component with signature-level permissions or mark it non-exported unless explicitly required.,BASE-IPC-COMP-NO-ACL,8.0,PLATFORM,ipc_components,,,fe7cbe5ddfe5edb278103d8ceb5b3719efb15da5719e0bb706e27a0a3309f219,2026-07-09 11:20:14,PLATFORM,PLATFORM-IPC-1
225634,6278,ipc_activity-alias_open_com.snapchat.android.PlanetAlias,WARN,Medium,P1,PLATFORM,Exported activity alias without permission,[],"{""detail"": ""Activity Alias com.snapchat.android.PlanetAlias is exported but does not declare android:permission.""}",Restrict the component with signature-level permissions or mark it non-exported unless explicitly required.,BASE-IPC-COMP-NO-ACL,8.0,PLATFORM,ipc_components,,,b4b1ab91a7ec7ea6a15330ad2581849b28ad80de2bcfe35ea8b56a91a796bd0d,2026-07-09 11:20:14,PLATFORM,PLATFORM-IPC-1
225635,6278,ipc_activity-alias_open_com.snapchat.android.Plus1Alias,WARN,Medium,P1,PLATFORM,Exported activity alias without permission,[],"{""detail"": ""Activity Alias com.snapchat.android.Plus1Alias is exported but does not declare android:permission.""}",Restrict the component with signature-level permissions or mark it non-exported unless explicitly required.,BASE-IPC-COMP-NO-ACL,8.0,PLATFORM,ipc_components,,,e8151d71d9b6375bbeea46ba22ec34a6aebebc3347d66c79169e5d6877afc3af,2026-07-09 11:20:14,PLATFORM,PLATFORM-IPC-1
225636,6278,ipc_activity-alias_open_com.snapchat.android.PlushAlias,WARN,Medium,P1,PLATFORM,Exported activity alias without permission,[],"{""detail"": ""Activity Alias com.snapchat.android.PlushAlias is exported but does not declare android:permission.""}",Restrict the component with signature-level permissions or mark it non-exported unless explicitly required.,BASE-IPC-COMP-NO-ACL,8.0,PLATFORM,ipc_components,,,e4e362e609d78a6965e3a011700714648c9c01b18b8795c24b5feac2589a72dc,2026-07-09 11:20:14,PLATFORM,PLATFORM-IPC-1
225637,6278,ipc_activity-alias_open_com.snapchat.android.PopArtAlias,WARN,Medium,P1,PLATFORM,Exported activity alias without permission,[],"{""detail"": ""Activity Alias com.snapchat.android.PopArtAlias is exported but does not declare android:permission.""}",Restrict the component with signature-level permissions or mark it non-exported unless explicitly required.,BASE-IPC-COMP-NO-ACL,8.0,PLATFORM,ipc_components,,,9127e243edcd306406e9a4b1ac6d5b28200130fe462b87b88fac2c4bd8b555a7,2026-07-09 11:20:14,PLATFORM,PLATFORM-IPC-1
225638,6278,ipc_activity-alias_open_com.snapchat.android.PopArtSnapAlias,WARN,Medium,P1,PLATFORM,Exported activity alias without permission,[],"{""detail"": ""Activity Alias com.snapchat.android.PopArtSnapAlias is exported but does not declare android:permission.""}",Restrict the component with signature-level permissions or mark it non-exported unless explicitly required.,BASE-IPC-COMP-NO-ACL,8.0,PLATFORM,ipc_components,,,0984b17bbcb076b4648bb40db22af3a578d6a720b96164de5ceb532560ccf48d,2026-07-09 11:20:14,PLATFORM,PLATFORM-IPC-1
225639,6278,ipc_activity-alias_open_com.snapchat.android.PoppyAlias,WARN,Medium,P1,PLATFORM,Exported activity alias without permission,[],"{""detail"": ""Activity Alias com.snapchat.android.PoppyAlias is exported but does not declare android:permission.""}",Restrict the component with signature-level permissions or mark it non-exported unless explicitly required.,BASE-IPC-COMP-NO-ACL,8.0,PLATFORM,ipc_components,,,3d8202b5a9bbdf305d611e88741e3b50ae6ec6626e1c750abe8e78ceacc7c032,2026-07-09 11:20:14,PLATFORM,PLATFORM-IPC-1
225640,6278,ipc_activity-alias_open_com.snapchat.android.PoolsideAlias,WARN,Medium,P1,PLATFORM,Exported activity alias without permission,[],"{""detail"": ""Activity Alias com.snapchat.android.PoolsideAlias is exported but does not declare android:permission.""}",Restrict the component with signature-level permissions or mark it non-exported unless explicitly required.,BASE-IPC-COMP-NO-ACL,8.0,PLATFORM,ipc_components,,,7e32871eba6f9baa7b6117e68ad62a89d3c1f9df25f99dcf3022cb4b2ab588b7,2026-07-09 11:20:14,PLATFORM,PLATFORM-IPC-1
225641,6278,ipc_activity-alias_open_com.snapchat.android.PotOfGoldAlias,WARN,Medium,P1,PLATFORM,Exported activity alias without permission,[],"{""detail"": ""Activity Alias com.snapchat.android.PotOfGoldAlias is exported but does not declare android:permission.""}",Restrict the component with signature-level permissions or mark it non-exported unless explicitly required.,BASE-IPC-COMP-NO-ACL,8.0,PLATFORM,ipc_components,,,aeb5a572038b191750741419c425ca0d0ba597eafa15fc4ef002e753062336df,2026-07-09 11:20:14,PLATFORM,PLATFORM-IPC-1
225642,6278,ipc_activity-alias_open_com.snapchat.android.PumpkinGhostAlias,WARN,Medium,P1,PLATFORM,Exported activity alias without permission,[],"{""detail"": ""Activity Alias com.snapchat.android.PumpkinGhostAlias is exported but does not declare android:permission.""}",Restrict the component with signature-level permissions or mark it non-exported unless explicitly required.,BASE-IPC-COMP-NO-ACL,8.0,PLATFORM,ipc_components,,,dede147e6ef73cbb0f92c741ffe7f001cb9dced72892bff727dcadc1e98a4164,2026-07-09 11:20:14,PLATFORM,PLATFORM-IPC-1
225643,6278,ipc_activity-alias_open_com.snapchat.android.PumpkinGhost2Alias,WARN,Medium,P1,PLATFORM,Exported activity alias without permission,[],"{""detail"": ""Activity Alias com.snapchat.android.PumpkinGhost2Alias is exported but does not declare android:permission.""}",Restrict the component with signature-level permissions or mark it non-exported unless explicitly required.,BASE-IPC-COMP-NO-ACL,8.0,PLATFORM,ipc_components,,,8d68d0881063a682f62bfb8cef64d623d09e3d8cbff2c3a8cb4ffbc76bc4590f,2026-07-09 11:20:14,PLATFORM,PLATFORM-IPC-1
225644,6278,ipc_activity-alias_open_com.snapchat.android.PumpkinPieFrostingAlias,WARN,Medium,P1,PLATFORM,Exported activity alias without permission,[],"{""detail"": ""Activity Alias com.snapchat.android.PumpkinPieFrostingAlias is exported but does not declare android:permission.""}",Restrict the component with signature-level permissions or mark it non-exported unless explicitly required.,BASE-IPC-COMP-NO-ACL,8.0,PLATFORM,ipc_components,,,ea822c17dedbc0216d258bf3744f0e74e666a0c7bd502b86b61dc589f5de5318,2026-07-09 11:20:14,PLATFORM,PLATFORM-IPC-1
225645,6278,ipc_activity-alias_open_com.snapchat.android.PumpkinSoupAlias,WARN,Medium,P1,PLATFORM,Exported activity alias without permission,[],"{""detail"": ""Activity Alias com.snapchat.android.PumpkinSoupAlias is exported but does not declare android:permission.""}",Restrict the component with signature-level permissions or mark it non-exported unless explicitly required.,BASE-IPC-COMP-NO-ACL,8.0,PLATFORM,ipc_components,,,9c9e2d082decf0392083bc20d7faf24a33928320d24c9bb7f7847a66f12a8374,2026-07-09 11:20:14,PLATFORM,PLATFORM-IPC-1
225646,6278,ipc_activity-alias_open_com.snapchat.android.PurpleAlias,WARN,Medium,P1,PLATFORM,Exported activity alias without permission,[],"{""detail"": ""Activity Alias com.snapchat.android.PurpleAlias is exported but does not declare android:permission.""}",Restrict the component with signature-level permissions or mark it non-exported unless explicitly required.,BASE-IPC-COMP-NO-ACL,8.0,PLATFORM,ipc_components,,,f0b5f57a47f7b2ff82a15369f2fdde6c7be442eed2f3bdc3b4dcbf398ab605de,2026-07-09 11:20:14,PLATFORM,PLATFORM-IPC-1
225647,6278,ipc_activity-alias_open_com.snapchat.android.PurpleWhiteAlias,WARN,Medium,P1,PLATFORM,Exported activity alias without permission,[],"{""detail"": ""Activity Alias com.snapchat.android.PurpleWhiteAlias is exported but does not declare android:permission.""}",Restrict the component with signature-level permissions or mark it non-exported unless explicitly required.,BASE-IPC-COMP-NO-ACL,8.0,PLATFORM,ipc_components,,,6aa8c685723e55ca199a4250ec78c5d18b8082bd7d78bb991ea23bc70d9905bd,2026-07-09 11:20:14,PLATFORM,PLATFORM-IPC-1
225648,6278,ipc_activity-alias_open_com.snapchat.android.RainbowAlias,WARN,Medium,P1,PLATFORM,Exported activity alias without permission,[],"{""detail"": ""Activity Alias com.snapchat.android.RainbowAlias is exported but does not declare android:permission.""}",Restrict the component with signature-level permissions or mark it non-exported unless explicitly required.,BASE-IPC-COMP-NO-ACL,8.0,PLATFORM,ipc_components,,,3177743d93f0d399da72a858ebaeeee459b277925be4a388cab1f4fb3414bbfb,2026-07-09 11:20:14,PLATFORM,PLATFORM-IPC-1
225649,6278,ipc_activity-alias_open_com.snapchat.android.RainbowBacklightAlias,WARN,Medium,P1,PLATFORM,Exported activity alias without permission,[],"{""detail"": ""Activity Alias com.snapchat.android.RainbowBacklightAlias is exported but does not declare android:permission.""}",Restrict the component with signature-level permissions or mark it non-exported unless explicitly required.,BASE-IPC-COMP-NO-ACL,8.0,PLATFORM,ipc_components,,,8c8124b09330491565f95312287ae2bb834d76b10f64d5b7198c0405da25fa0c,2026-07-09 11:20:14,PLATFORM,PLATFORM-IPC-1
225650,6278,ipc_activity-alias_open_com.snapchat.android.RainbowShapeAlias,WARN,Medium,P1,PLATFORM,Exported activity alias without permission,[],"{""detail"": ""Activity Alias com.snapchat.android.RainbowShapeAlias is exported but does not declare android:permission.""}",Restrict the component with signature-level permissions or mark it non-exported unless explicitly required.,BASE-IPC-COMP-NO-ACL,8.0,PLATFORM,ipc_components,,,3630e4e461d76a1fd5a2165fa45936a3a0c22e700a8879be146d94bb24afa7a2,2026-07-09 11:20:14,PLATFORM,PLATFORM-IPC-1
225651,6278,ipc_activity-alias_open_com.snapchat.android.RamadanFlowerAlias,WARN,Medium,P1,PLATFORM,Exported activity alias without permission,[],"{""detail"": ""Activity Alias com.snapchat.android.RamadanFlowerAlias is exported but does not declare android:permission.""}",Restrict the component with signature-level permissions or mark it non-exported unless explicitly required.,BASE-IPC-COMP-NO-ACL,8.0,PLATFORM,ipc_components,,,2e7ba28b0fe14cdd4235b94f262be9e4b82a5efa674fcd18efe59c5ff74d8bcc,2026-07-09 11:20:14,PLATFORM,PLATFORM-IPC-1
225652,6278,ipc_activity-alias_open_com.snapchat.android.RamadanNightAlias,WARN,Medium,P1,PLATFORM,Exported activity alias without permission,[],"{""detail"": ""Activity Alias com.snapchat.android.RamadanNightAlias is exported but does not declare android:permission.""}",Restrict the component with signature-level permissions or mark it non-exported unless explicitly required.,BASE-IPC-COMP-NO-ACL,8.0,PLATFORM,ipc_components,,,552b23829e11f024bfcc5385cce4b2cd12142e6a3c1c3a9da388f2dd79e021b4,2026-07-09 11:20:14,PLATFORM,PLATFORM-IPC-1
225653,6278,ipc_activity-alias_open_com.snapchat.android.RBGDispersionAlias,WARN,Medium,P1,PLATFORM,Exported activity alias without permission,[],"{""detail"": ""Activity Alias com.snapchat.android.RBGDispersionAlias is exported but does not declare android:permission.""}",Restrict the component with signature-level permissions or mark it non-exported unless explicitly required.,BASE-IPC-COMP-NO-ACL,8.0,PLATFORM,ipc_components,,,1b4ac19f9224e38aec5130f39ed589d70415b9d7ac5ba2771c6f94ef65fa1e5c,2026-07-09 11:20:14,PLATFORM,PLATFORM-IPC-1
225654,6278,ipc_activity-alias_open_com.snapchat.android.RedmasAlias,WARN,Medium,P1,PLATFORM,Exported activity alias without permission,[],"{""detail"": ""Activity Alias com.snapchat.android.RedmasAlias is exported but does not declare android:permission.""}",Restrict the component with signature-level permissions or mark it non-exported unless explicitly required.,BASE-IPC-COMP-NO-ACL,8.0,PLATFORM,ipc_components,,,efee23f151750c53f4465ac3bc931442dd27a385dda9b398db872ad8208f58fd,2026-07-09 11:20:14,PLATFORM,PLATFORM-IPC-1
225655,6278,ipc_activity-alias_open_com.snapchat.android.ReindeerAlias,WARN,Medium,P1,PLATFORM,Exported activity alias without permission,[],"{""detail"": ""Activity Alias com.snapchat.android.ReindeerAlias is exported but does not declare android:permission.""}",Restrict the component with signature-level permissions or mark it non-exported unless explicitly required.,BASE-IPC-COMP-NO-ACL,8.0,PLATFORM,ipc_components,,,981beaf2f14ef7ed154ee66d0b82941d09530e2f46af1c4d0946c146d6de5c53,2026-07-09 11:20:14,PLATFORM,PLATFORM-IPC-1
225656,6278,ipc_activity-alias_open_com.snapchat.android.ResinCharmAlias,WARN,Medium,P1,PLATFORM,Exported activity alias without permission,[],"{""detail"": ""Activity Alias com.snapchat.android.ResinCharmAlias is exported but does not declare android:permission.""}",Restrict the component with signature-level permissions or mark it non-exported unless explicitly required.,BASE-IPC-COMP-NO-ACL,8.0,PLATFORM,ipc_components,,,04ca45595fdfda949ce94c872782d42b11af0e7c3ae82db6fa9817fb0c4d7e84,2026-07-09 11:20:14,PLATFORM,PLATFORM-IPC-1
225657,6278,ipc_activity-alias_open_com.snapchat.android.RetroTitleAlias,WARN,Medium,P1,PLATFORM,Exported activity alias without permission,[],"{""detail"": ""Activity Alias com.snapchat.android.RetroTitleAlias is exported but does not declare android:permission.""}",Restrict the component with signature-level permissions or mark it non-exported unless explicitly required.,BASE-IPC-COMP-NO-ACL,8.0,PLATFORM,ipc_components,,,1c6609b331a94e4ef6935e839c764f689cafb3e0bd43cd4317c50b1cb0ac0d85,2026-07-09 11:20:14,PLATFORM,PLATFORM-IPC-1
225658,6278,ipc_activity-alias_open_com.snapchat.android.Retro80sAlias,WARN,Medium,P1,PLATFORM,Exported activity alias without permission,[],"{""detail"": ""Activity Alias com.snapchat.android.Retro80sAlias is exported but does not declare android:permission.""}",Restrict the component with signature-level permissions or mark it non-exported unless explicitly required.,BASE-IPC-COMP-NO-ACL,8.0,PLATFORM,ipc_components,,,4034f0b5854a2f2dccef090f23dc0235c720f91eb6fadf82b07a972bb9ba0d75,2026-07-09 11:20:14,PLATFORM,PLATFORM-IPC-1
225659,6278,ipc_activity-alias_open_com.snapchat.android.RoseDreamAlias,WARN,Medium,P1,PLATFORM,Exported activity alias without permission,[],"{""detail"": ""Activity Alias com.snapchat.android.RoseDreamAlias is exported but does not declare android:permission.""}",Restrict the component with signature-level permissions or mark it non-exported unless explicitly required.,BASE-IPC-COMP-NO-ACL,8.0,PLATFORM,ipc_components,,,d7107a8d8551880b1efc6ecd1466397cdee6badd42abda643c46adc671285763,2026-07-09 11:20:14,PLATFORM,PLATFORM-IPC-1
225660,6278,ipc_activity-alias_open_com.snapchat.android.RosegoldRadiationAlias,WARN,Medium,P1,PLATFORM,Exported activity alias without permission,[],"{""detail"": ""Activity Alias com.snapchat.android.RosegoldRadiationAlias is exported but does not declare android:permission.""}",Restrict the component with signature-level permissions or mark it non-exported unless explicitly required.,BASE-IPC-COMP-NO-ACL,8.0,PLATFORM,ipc_components,,,9db2935760b2631b8027c3bd86a97c3f8f0f5c533fabfb28647635101789d872,2026-07-09 11:20:14,PLATFORM,PLATFORM-IPC-1
225661,6278,ipc_activity-alias_open_com.snapchat.android.RosesAlias,WARN,Medium,P1,PLATFORM,Exported activity alias without permission,[],"{""detail"": ""Activity Alias com.snapchat.android.RosesAlias is exported but does not declare android:permission.""}",Restrict the component with signature-level permissions or mark it non-exported unless explicitly required.,BASE-IPC-COMP-NO-ACL,8.0,PLATFORM,ipc_components,,,0f2021972a5529d6c2ce4ca21dacedcc5e4752d016a7b0c14016f7cf36bc0db1,2026-07-09 11:20:14,PLATFORM,PLATFORM-IPC-1
225662,6278,ipc_activity-alias_open_com.snapchat.android.RubberDuckyAlias,WARN,Medium,P1,PLATFORM,Exported activity alias without permission,[],"{""detail"": ""Activity Alias com.snapchat.android.RubberDuckyAlias is exported but does not declare android:permission.""}",Restrict the component with signature-level permissions or mark it non-exported unless explicitly required.,BASE-IPC-COMP-NO-ACL,8.0,PLATFORM,ipc_components,,,47d94b45e876c7d3c8e8d54491d874b5028118a822e83b1258d8b343fc4dbb82,2026-07-09 11:20:14,PLATFORM,PLATFORM-IPC-1
225663,6278,ipc_activity-alias_open_com.snapchat.android.RubberhoseAlias,WARN,Medium,P1,PLATFORM,Exported activity alias without permission,[],"{""detail"": ""Activity Alias com.snapchat.android.RubberhoseAlias is exported but does not declare android:permission.""}",Restrict the component with signature-level permissions or mark it non-exported unless explicitly required.,BASE-IPC-COMP-NO-ACL,8.0,PLATFORM,ipc_components,,,6561d9aa7444762afa30b254c6e2ee8d7cdb759d01e6176f571410fd8e82152a,2026-07-09 11:20:14,PLATFORM,PLATFORM-IPC-1
225664,6278,ipc_activity-alias_open_com.snapchat.android.ScubaAlias,WARN,Medium,P1,PLATFORM,Exported activity alias without permission,[],"{""detail"": ""Activity Alias com.snapchat.android.ScubaAlias is exported but does not declare android:permission.""}",Restrict the component with signature-level permissions or mark it non-exported unless explicitly required.,BASE-IPC-COMP-NO-ACL,8.0,PLATFORM,ipc_components,,,ffccb0bef8b0551d2e5976367cd3de2edcd4a7c6ce71067982b8550ef755d158,2026-07-09 11:20:14,PLATFORM,PLATFORM-IPC-1
225665,6278,ipc_activity-alias_open_com.snapchat.android.ShellOnBeachAlias,WARN,Medium,P1,PLATFORM,Exported activity alias without permission,[],"{""detail"": ""Activity Alias com.snapchat.android.ShellOnBeachAlias is exported but does not declare android:permission.""}",Restrict the component with signature-level permissions or mark it non-exported unless explicitly required.,BASE-IPC-COMP-NO-ACL,8.0,PLATFORM,ipc_components,,,8372aab788a4980db603686bfc3434c66d5c32b5897378c7f1a32a53cc6388d4,2026-07-09 11:20:14,PLATFORM,PLATFORM-IPC-1
225666,6278,ipc_activity-alias_open_com.snapchat.android.SilkAlias,WARN,Medium,P1,PLATFORM,Exported activity alias without permission,[],"{""detail"": ""Activity Alias com.snapchat.android.SilkAlias is exported but does not declare android:permission.""}",Restrict the component with signature-level permissions or mark it non-exported unless explicitly required.,BASE-IPC-COMP-NO-ACL,8.0,PLATFORM,ipc_components,,,9daebd6cdcb698ef55e180d714ca94b16c39ed1aa37de367a7bd36bc846e4f69,2026-07-09 11:20:14,PLATFORM,PLATFORM-IPC-1
225667,6278,ipc_activity-alias_open_com.snapchat.android.SilverOnLeatherAlias,WARN,Medium,P1,PLATFORM,Exported activity alias without permission,[],"{""detail"": ""Activity Alias com.snapchat.android.SilverOnLeatherAlias is exported but does not declare android:permission.""}",Restrict the component with signature-level permissions or mark it non-exported unless explicitly required.,BASE-IPC-COMP-NO-ACL,8.0,PLATFORM,ipc_components,,,e4dfd606bc9220c1489a1dceba8b812483947c43965457b5fcdb5e9812b06e18,2026-07-09 11:20:14,PLATFORM,PLATFORM-IPC-1
225668,6278,ipc_activity-alias_open_com.snapchat.android.SilverRadialAlias,WARN,Medium,P1,PLATFORM,Exported activity alias without permission,[],"{""detail"": ""Activity Alias com.snapchat.android.SilverRadialAlias is exported but does not declare android:permission.""}",Restrict the component with signature-level permissions or mark it non-exported unless explicitly required.,BASE-IPC-COMP-NO-ACL,8.0,PLATFORM,ipc_components,,,665723880c5eab05014ed5ab5d7b696249ee96911e1781273b1275c5d673896a,2026-07-09 11:20:14,PLATFORM,PLATFORM-IPC-1
225669,6278,ipc_activity-alias_open_com.snapchat.android.SlidePuzzleAlias,WARN,Medium,P1,PLATFORM,Exported activity alias without permission,[],"{""detail"": ""Activity Alias com.snapchat.android.SlidePuzzleAlias is exported but does not declare android:permission.""}",Restrict the component with signature-level permissions or mark it non-exported unless explicitly required.,BASE-IPC-COMP-NO-ACL,8.0,PLATFORM,ipc_components,,,cfd88dd8982b8640c1086c63e0e20f344d2ec0539bf5ec8436330bd903235742,2026-07-09 11:20:14,PLATFORM,PLATFORM-IPC-1
225670,6278,ipc_activity-alias_open_com.snapchat.android.SnapBalloonAlias,WARN,Medium,P1,PLATFORM,Exported activity alias without permission,[],"{""detail"": ""Activity Alias com.snapchat.android.SnapBalloonAlias is exported but does not declare android:permission.""}",Restrict the component with signature-level permissions or mark it non-exported unless explicitly required.,BASE-IPC-COMP-NO-ACL,8.0,PLATFORM,ipc_components,,,b1956fed6d21322c16e6cc7ed73dc2930a70e880ed72d94f5d7f12a252ee1a2c,2026-07-09 11:20:14,PLATFORM,PLATFORM-IPC-1
225671,6278,ipc_activity-alias_open_com.snapchat.android.SnapBlueAlias,WARN,Medium,P1,PLATFORM,Exported activity alias without permission,[],"{""detail"": ""Activity Alias com.snapchat.android.SnapBlueAlias is exported but does not declare android:permission.""}",Restrict the component with signature-level permissions or mark it non-exported unless explicitly required.,BASE-IPC-COMP-NO-ACL,8.0,PLATFORM,ipc_components,,,089deab8782c6d96cc2220712f276fe9987067679fea124fcd1c80673c8ea73c,2026-07-09 11:20:14,PLATFORM,PLATFORM-IPC-1
225672,6278,ipc_activity-alias_open_com.snapchat.android.SnapClonesAlias,WARN,Medium,P1,PLATFORM,Exported activity alias without permission,[],"{""detail"": ""Activity Alias com.snapchat.android.SnapClonesAlias is exported but does not declare android:permission.""}",Restrict the component with signature-level permissions or mark it non-exported unless explicitly required.,BASE-IPC-COMP-NO-ACL,8.0,PLATFORM,ipc_components,,,ae2a3672e6e38826767454949ed05ebdb0aaf0af201285b2af8f5a9a66e33c72,2026-07-09 11:20:14,PLATFORM,PLATFORM-IPC-1
225673,6278,ipc_activity-alias_open_com.snapchat.android.SnowmanGhostAlias,WARN,Medium,P1,PLATFORM,Exported activity alias without permission,[],"{""detail"": ""Activity Alias com.snapchat.android.SnowmanGhostAlias is exported but does not declare android:permission.""}",Restrict the component with signature-level permissions or mark it non-exported unless explicitly required.,BASE-IPC-COMP-NO-ACL,8.0,PLATFORM,ipc_components,,,f3609218e126c90e390746ef907fee3219479410467fadae16e993d8d3b4bf37,2026-07-09 11:20:14,PLATFORM,PLATFORM-IPC-1
225674,6278,ipc_activity-alias_open_com.snapchat.android.SparklerSpinAlias,WARN,Medium,P1,PLATFORM,Exported activity alias without permission,[],"{""detail"": ""Activity Alias com.snapchat.android.SparklerSpinAlias is exported but does not declare android:permission.""}",Restrict the component with signature-level permissions or mark it non-exported unless explicitly required.,BASE-IPC-COMP-NO-ACL,8.0,PLATFORM,ipc_components,,,c2ddd99df26191dce158959421a373ad369c4a2763aebbbea177b4eed4042ac6,2026-07-09 11:20:14,PLATFORM,PLATFORM-IPC-1
225675,6278,ipc_activity-alias_open_com.snapchat.android.SpiderWebAlias,WARN,Medium,P1,PLATFORM,Exported activity alias without permission,[],"{""detail"": ""Activity Alias com.snapchat.android.SpiderWebAlias is exported but does not declare android:permission.""}",Restrict the component with signature-level permissions or mark it non-exported unless explicitly required.,BASE-IPC-COMP-NO-ACL,8.0,PLATFORM,ipc_components,,,8b8a9e21dd31b3758e0f3b519c976bdcae32f7b6d8aae15f63fab75781956408,2026-07-09 11:20:14,PLATFORM,PLATFORM-IPC-1
225676,6278,ipc_activity-alias_open_com.snapchat.android.SprayPaintAlias,WARN,Medium,P1,PLATFORM,Exported activity alias without permission,[],"{""detail"": ""Activity Alias com.snapchat.android.SprayPaintAlias is exported but does not declare android:permission.""}",Restrict the component with signature-level permissions or mark it non-exported unless explicitly required.,BASE-IPC-COMP-NO-ACL,8.0,PLATFORM,ipc_components,,,0d910baf58611709890fd4c73d51fd18056aa8d9d0e38a608f1688cdc807a705,2026-07-09 11:20:14,PLATFORM,PLATFORM-IPC-1
225677,6278,ipc_activity-alias_open_com.snapchat.android.SpringAlias,WARN,Medium,P1,PLATFORM,Exported activity alias without permission,[],"{""detail"": ""Activity Alias com.snapchat.android.SpringAlias is exported but does not declare android:permission.""}",Restrict the component with signature-level permissions or mark it non-exported unless explicitly required.,BASE-IPC-COMP-NO-ACL,8.0,PLATFORM,ipc_components,,,ae63af9cba87350a741962ac987dda6422d0ee3d7cc2dca90f612c1d15087658,2026-07-09 11:20:14,PLATFORM,PLATFORM-IPC-1
225678,6278,ipc_activity-alias_open_com.snapchat.android.SpringBubbleTextAlias,WARN,Medium,P1,PLATFORM,Exported activity alias without permission,[],"{""detail"": ""Activity Alias com.snapchat.android.SpringBubbleTextAlias is exported but does not declare android:permission.""}",Restrict the component with signature-level permissions or mark it non-exported unless explicitly required.,BASE-IPC-COMP-NO-ACL,8.0,PLATFORM,ipc_components,,,b42c0ad155649df48367a5b5e9cbccab88f29fa2837a6fd3045e9c647bb8f55e,2026-07-09 11:20:14,PLATFORM,PLATFORM-IPC-1
225679,6278,ipc_activity-alias_open_com.snapchat.android.SpringFlowerFieldAlias,WARN,Medium,P1,PLATFORM,Exported activity alias without permission,[],"{""detail"": ""Activity Alias com.snapchat.android.SpringFlowerFieldAlias is exported but does not declare android:permission.""}",Restrict the component with signature-level permissions or mark it non-exported unless explicitly required.,BASE-IPC-COMP-NO-ACL,8.0,PLATFORM,ipc_components,,,a62db476ed1fa16cd5d676691a7aefb71bab0bf27d22ea93ba1d611b1ff1499e,2026-07-09 11:20:14,PLATFORM,PLATFORM-IPC-1
225680,6278,ipc_activity-alias_open_com.snapchat.android.SpringGradientAlias,WARN,Medium,P1,PLATFORM,Exported activity alias without permission,[],"{""detail"": ""Activity Alias com.snapchat.android.SpringGradientAlias is exported but does not declare android:permission.""}",Restrict the component with signature-level permissions or mark it non-exported unless explicitly required.,BASE-IPC-COMP-NO-ACL,8.0,PLATFORM,ipc_components,,,65ee174117037bb4903c3425a379a1064ca0662452ff91104a0a1468f005f3c5,2026-07-09 11:20:14,PLATFORM,PLATFORM-IPC-1
225681,6278,ipc_activity-alias_open_com.snapchat.android.SummerForestAlias,WARN,Medium,P1,PLATFORM,Exported activity alias without permission,[],"{""detail"": ""Activity Alias com.snapchat.android.SummerForestAlias is exported but does not declare android:permission.""}",Restrict the component with signature-level permissions or mark it non-exported unless explicitly required.,BASE-IPC-COMP-NO-ACL,8.0,PLATFORM,ipc_components,,,16e308f404a3f9f253f4f6a31f97a13d06f784be50223d77698377e0c43fb45f,2026-07-09 11:20:14,PLATFORM,PLATFORM-IPC-1
225682,6278,ipc_activity-alias_open_com.snapchat.android.SummerPoolFloatyAlias,WARN,Medium,P1,PLATFORM,Exported activity alias without permission,[],"{""detail"": ""Activity Alias com.snapchat.android.SummerPoolFloatyAlias is exported but does not declare android:permission.""}",Restrict the component with signature-level permissions or mark it non-exported unless explicitly required.,BASE-IPC-COMP-NO-ACL,8.0,PLATFORM,ipc_components,,,f51e56d3d18220a8172e208a47059b76c37c311e52dbf03d0e0ccf5db83f8d6a,2026-07-09 11:20:14,PLATFORM,PLATFORM-IPC-1
225683,6278,ipc_activity-alias_open_com.snapchat.android.SunburstAlias,WARN,Medium,P1,PLATFORM,Exported activity alias without permission,[],"{""detail"": ""Activity Alias com.snapchat.android.SunburstAlias is exported but does not declare android:permission.""}",Restrict the component with signature-level permissions or mark it non-exported unless explicitly required.,BASE-IPC-COMP-NO-ACL,8.0,PLATFORM,ipc_components,,,2af219f232b87422d0cadc6c246a3fcfc32a4434871da4d6253c2c12cb9c4f97,2026-07-09 11:20:14,PLATFORM,PLATFORM-IPC-1
225684,6278,ipc_activity-alias_open_com.snapchat.android.SweaterGhostAlias,WARN,Medium,P1,PLATFORM,Exported activity alias without permission,[],"{""detail"": ""Activity Alias com.snapchat.android.SweaterGhostAlias is exported but does not declare android:permission.""}",Restrict the component with signature-level permissions or mark it non-exported unless explicitly required.,BASE-IPC-COMP-NO-ACL,8.0,PLATFORM,ipc_components,,,c069e4937b6b0ec90ef86c40342d0807cf21ba2aea767aa3d70866e063d6712b,2026-07-09 11:20:14,PLATFORM,PLATFORM-IPC-1
225685,6278,ipc_activity-alias_open_com.snapchat.android.TealAlias,WARN,Medium,P1,PLATFORM,Exported activity alias without permission,[],"{""detail"": ""Activity Alias com.snapchat.android.TealAlias is exported but does not declare android:permission.""}",Restrict the component with signature-level permissions or mark it non-exported unless explicitly required.,BASE-IPC-COMP-NO-ACL,8.0,PLATFORM,ipc_components,,,4d122d5e834c98275fd0c8f2cb6835541bee16f3b496a7e7a6c1da83c17bb73d,2026-07-09 11:20:14,PLATFORM,PLATFORM-IPC-1
225686,6278,ipc_activity-alias_open_com.snapchat.android.thanksgivingfullAlias,WARN,Medium,P1,PLATFORM,Exported activity alias without permission,[],"{""detail"": ""Activity Alias com.snapchat.android.thanksgivingfullAlias is exported but does not declare android:permission.""}",Restrict the component with signature-level permissions or mark it non-exported unless explicitly required.,BASE-IPC-COMP-NO-ACL,8.0,PLATFORM,ipc_components,,,543ddf211f7b2a888b426372afa0dfda4bc7d5f6ce4c2ec3d30027085b0ea838,2026-07-09 11:20:14,PLATFORM,PLATFORM-IPC-1
225687,6278,ipc_activity-alias_open_com.snapchat.android.thanksgivingleafAlias,WARN,Medium,P1,PLATFORM,Exported activity alias without permission,[],"{""detail"": ""Activity Alias com.snapchat.android.thanksgivingleafAlias is exported but does not declare android:permission.""}",Restrict the component with signature-level permissions or mark it non-exported unless explicitly required.,BASE-IPC-COMP-NO-ACL,8.0,PLATFORM,ipc_components,,,e66df6c816df7e72f91661f5ee03631ecf331cecc2c1ee0a0bea1dced26d8f67,2026-07-09 11:20:14,PLATFORM,PLATFORM-IPC-1
225688,6278,ipc_activity-alias_open_com.snapchat.android.thanksgivingsignAlias,WARN,Medium,P1,PLATFORM,Exported activity alias without permission,[],"{""detail"": ""Activity Alias com.snapchat.android.thanksgivingsignAlias is exported but does not declare android:permission.""}",Restrict the component with signature-level permissions or mark it non-exported unless explicitly required.,BASE-IPC-COMP-NO-ACL,8.0,PLATFORM,ipc_components,,,786ceb87f5e4e3dbf2849018dda389d60e0a1b74da726767fb17fab87d20e7a2,2026-07-09 11:20:14,PLATFORM,PLATFORM-IPC-1
225689,6278,ipc_activity-alias_open_com.snapchat.android.TextMeltAlias,WARN,Medium,P1,PLATFORM,Exported activity alias without permission,[],"{""detail"": ""Activity Alias com.snapchat.android.TextMeltAlias is exported but does not declare android:permission.""}",Restrict the component with signature-level permissions or mark it non-exported unless explicitly required.,BASE-IPC-COMP-NO-ACL,8.0,PLATFORM,ipc_components,,,0b8db14fcd2352cf1643dda3286a63b23add0906ece2b112fb7cd0f670f6ab1d,2026-07-09 11:20:14,PLATFORM,PLATFORM-IPC-1
225690,6278,ipc_activity-alias_open_com.snapchat.android.ThemeGradientGreenAlias,WARN,Medium,P1,PLATFORM,Exported activity alias without permission,[],"{""detail"": ""Activity Alias com.snapchat.android.ThemeGradientGreenAlias is exported but does not declare android:permission.""}",Restrict the component with signature-level permissions or mark it non-exported unless explicitly required.,BASE-IPC-COMP-NO-ACL,8.0,PLATFORM,ipc_components,,,fd7c288d7affa4b336602c7de57bbc8cbe8c350c3841fbd61b7f6f0d0eade332,2026-07-09 11:20:14,PLATFORM,PLATFORM-IPC-1
225691,6278,ipc_activity-alias_open_com.snapchat.android.ThemeGradientPurpleAlias,WARN,Medium,P1,PLATFORM,Exported activity alias without permission,[],"{""detail"": ""Activity Alias com.snapchat.android.ThemeGradientPurpleAlias is exported but does not declare android:permission.""}",Restrict the component with signature-level permissions or mark it non-exported unless explicitly required.,BASE-IPC-COMP-NO-ACL,8.0,PLATFORM,ipc_components,,,c41838e01405fc8bece28eb5b607b4f7b3c837b58c8951464d700117f4d8637d,2026-07-09 11:20:14,PLATFORM,PLATFORM-IPC-1
225692,6278,ipc_activity-alias_open_com.snapchat.android.TieDyeAlias,WARN,Medium,P1,PLATFORM,Exported activity alias without permission,[],"{""detail"": ""Activity Alias com.snapchat.android.TieDyeAlias is exported but does not declare android:permission.""}",Restrict the component with signature-level permissions or mark it non-exported unless explicitly required.,BASE-IPC-COMP-NO-ACL,8.0,PLATFORM,ipc_components,,,eeb2da71bcc113f4b217286c161c263212a27639fd057f5f36f6bf8bcb937d8d,2026-07-09 11:20:14,PLATFORM,PLATFORM-IPC-1
225693,6278,ipc_activity-alias_open_com.snapchat.android.ToastedMarshmallowAlias,WARN,Medium,P1,PLATFORM,Exported activity alias without permission,[],"{""detail"": ""Activity Alias com.snapchat.android.ToastedMarshmallowAlias is exported but does not declare android:permission.""}",Restrict the component with signature-level permissions or mark it non-exported unless explicitly required.,BASE-IPC-COMP-NO-ACL,8.0,PLATFORM,ipc_components,,,b018fc61ee70a8bf44a727a9b1758c2d0bdb43446b9c0ccda0862e3e8547d955,2026-07-09 11:20:14,PLATFORM,PLATFORM-IPC-1
225694,6278,ipc_activity-alias_open_com.snapchat.android.TombstoneAlias,WARN,Medium,P1,PLATFORM,Exported activity alias without permission,[],"{""detail"": ""Activity Alias com.snapchat.android.TombstoneAlias is exported but does not declare android:permission.""}",Restrict the component with signature-level permissions or mark it non-exported unless explicitly required.,BASE-IPC-COMP-NO-ACL,8.0,PLATFORM,ipc_components,,,bd9fd89d764b33a017b7bbff6915eef2927c7aecb89425d8f49c1ec03d1c353b,2026-07-09 11:20:14,PLATFORM,PLATFORM-IPC-1
225695,6278,ipc_activity-alias_open_com.snapchat.android.TortoiseShellAlias,WARN,Medium,P1,PLATFORM,Exported activity alias without permission,[],"{""detail"": ""Activity Alias com.snapchat.android.TortoiseShellAlias is exported but does not declare android:permission.""}",Restrict the component with signature-level permissions or mark it non-exported unless explicitly required.,BASE-IPC-COMP-NO-ACL,8.0,PLATFORM,ipc_components,,,5a48c956c20b7dde0447ff25f677c481a64bff12bc2a4a70388571ac7e578d3d,2026-07-09 11:20:14,PLATFORM,PLATFORM-IPC-1
225696,6278,ipc_activity-alias_open_com.snapchat.android.TranslucentGhostHalloweenAlias,WARN,Medium,P1,PLATFORM,Exported activity alias without permission,[],"{""detail"": ""Activity Alias com.snapchat.android.TranslucentGhostHalloweenAlias is exported but does not declare android:permission.""}",Restrict the component with signature-level permissions or mark it non-exported unless explicitly required.,BASE-IPC-COMP-NO-ACL,8.0,PLATFORM,ipc_components,,,fb40c47f3fb83fd6431d2e119d98b2866bae8e40d2616f94b461c46ef6e24467,2026-07-09 11:20:14,PLATFORM,PLATFORM-IPC-1
225697,6278,ipc_activity-alias_open_com.snapchat.android.TulipsAlias,WARN,Medium,P1,PLATFORM,Exported activity alias without permission,[],"{""detail"": ""Activity Alias com.snapchat.android.TulipsAlias is exported but does not declare android:permission.""}",Restrict the component with signature-level permissions or mark it non-exported unless explicitly required.,BASE-IPC-COMP-NO-ACL,8.0,PLATFORM,ipc_components,,,1f1decf686c3c6f8f0a9f91628b992f815ff3da42f54358a2a996d42aeab1c1b,2026-07-09 11:20:14,PLATFORM,PLATFORM-IPC-1
225698,6278,ipc_activity-alias_open_com.snapchat.android.Us1Alias,WARN,Medium,P1,PLATFORM,Exported activity alias without permission,[],"{""detail"": ""Activity Alias com.snapchat.android.Us1Alias is exported but does not declare android:permission.""}",Restrict the component with signature-level permissions or mark it non-exported unless explicitly required.,BASE-IPC-COMP-NO-ACL,8.0,PLATFORM,ipc_components,,,e29129d03fb37ef0bd74135463678d12e9d13194caf7dc651412e981aac2664a,2026-07-09 11:20:14,PLATFORM,PLATFORM-IPC-1
225699,6278,ipc_activity-alias_open_com.snapchat.android.VampireAlias,WARN,Medium,P1,PLATFORM,Exported activity alias without permission,[],"{""detail"": ""Activity Alias com.snapchat.android.VampireAlias is exported but does not declare android:permission.""}",Restrict the component with signature-level permissions or mark it non-exported unless explicitly required.,BASE-IPC-COMP-NO-ACL,8.0,PLATFORM,ipc_components,,,065db11384cf501b5a6157561a15f805a20cdc9a3c0e8471ef76db76927af721,2026-07-09 11:20:14,PLATFORM,PLATFORM-IPC-1
225700,6278,ipc_activity-alias_open_com.snapchat.android.VaporwaveAlias,WARN,Medium,P1,PLATFORM,Exported activity alias without permission,[],"{""detail"": ""Activity Alias com.snapchat.android.VaporwaveAlias is exported but does not declare android:permission.""}",Restrict the component with signature-level permissions or mark it non-exported unless explicitly required.,BASE-IPC-COMP-NO-ACL,8.0,PLATFORM,ipc_components,,,bab1ea0e72f80a3880ac0ee7b5e4f802154ae734be6d66bd26f9633ea5be81cb,2026-07-09 11:20:14,PLATFORM,PLATFORM-IPC-1
225701,6278,ipc_activity-alias_open_com.snapchat.android.Vday70sLoveAlias,WARN,Medium,P1,PLATFORM,Exported activity alias without permission,[],"{""detail"": ""Activity Alias com.snapchat.android.Vday70sLoveAlias is exported but does not declare android:permission.""}",Restrict the component with signature-level permissions or mark it non-exported unless explicitly required.,BASE-IPC-COMP-NO-ACL,8.0,PLATFORM,ipc_components,,,9d7fda5e40a8d02092730912b975cde05d89d2ca220530bfad1677768f016245,2026-07-09 11:20:14,PLATFORM,PLATFORM-IPC-1
225702,6278,ipc_activity-alias_open_com.snapchat.android.VDayRainbowAlias,WARN,Medium,P1,PLATFORM,Exported activity alias without permission,[],"{""detail"": ""Activity Alias com.snapchat.android.VDayRainbowAlias is exported but does not declare android:permission.""}",Restrict the component with signature-level permissions or mark it non-exported unless explicitly required.,BASE-IPC-COMP-NO-ACL,8.0,PLATFORM,ipc_components,,,f7fd93347e87f573491719f5693341bac0be8cd736e2e2b9f355f7632bbfee96,2026-07-09 11:20:14,PLATFORM,PLATFORM-IPC-1
225703,6278,ipc_activity-alias_open_com.snapchat.android.VhsAlias,WARN,Medium,P1,PLATFORM,Exported activity alias without permission,[],"{""detail"": ""Activity Alias com.snapchat.android.VhsAlias is exported but does not declare android:permission.""}",Restrict the component with signature-level permissions or mark it non-exported unless explicitly required.,BASE-IPC-COMP-NO-ACL,8.0,PLATFORM,ipc_components,,,96b812d07677bfd1f8de44fb0d71eeba0224aa7997639c386acd74a41b86f98d,2026-07-09 11:20:14,PLATFORM,PLATFORM-IPC-1
225704,6278,ipc_activity-alias_open_com.snapchat.android.WaxSealAlias,WARN,Medium,P1,PLATFORM,Exported activity alias without permission,[],"{""detail"": ""Activity Alias com.snapchat.android.WaxSealAlias is exported but does not declare android:permission.""}",Restrict the component with signature-level permissions or mark it non-exported unless explicitly required.,BASE-IPC-COMP-NO-ACL,8.0,PLATFORM,ipc_components,,,1532b87281d7dd345a87b29c93972c55f7d61dccfeadab63463f0347a415fdde,2026-07-09 11:20:14,PLATFORM,PLATFORM-IPC-1
225705,6278,ipc_activity-alias_open_com.snapchat.android.WitchAlias,WARN,Medium,P1,PLATFORM,Exported activity alias without permission,[],"{""detail"": ""Activity Alias com.snapchat.android.WitchAlias is exported but does not declare android:permission.""}",Restrict the component with signature-level permissions or mark it non-exported unless explicitly required.,BASE-IPC-COMP-NO-ACL,8.0,PLATFORM,ipc_components,,,61d00780cd3f6905831694d66bab289c4fe6d5cd2a302275a3881df55b1f5d08,2026-07-09 11:20:14,PLATFORM,PLATFORM-IPC-1
225706,6278,ipc_activity-alias_open_com.snapchat.android.WoodAlias,WARN,Medium,P1,PLATFORM,Exported activity alias without permission,[],"{""detail"": ""Activity Alias com.snapchat.android.WoodAlias is exported but does not declare android:permission.""}",Restrict the component with signature-level permissions or mark it non-exported unless explicitly required.,BASE-IPC-COMP-NO-ACL,8.0,PLATFORM,ipc_components,,,b26403489f8c0c15c9ec845fc5050634a690bb3c94ef21cefada446239dc97fa,2026-07-09 11:20:14,PLATFORM,PLATFORM-IPC-1
225707,6278,ipc_activity-alias_open_com.snapchat.android.XrayGhostAlias,WARN,Medium,P1,PLATFORM,Exported activity alias without permission,[],"{""detail"": ""Activity Alias com.snapchat.android.XrayGhostAlias is exported but does not declare android:permission.""}",Restrict the component with signature-level permissions or mark it non-exported unless explicitly required.,BASE-IPC-COMP-NO-ACL,8.0,PLATFORM,ipc_components,,,983c116129f94cd48b3ccfc4920298490f86f55653ee239669bb9036b594dfc7,2026-07-09 11:20:14,PLATFORM,PLATFORM-IPC-1
225708,6278,ipc_activity-alias_open_com.snapchat.android.YellowIridescentAlias,WARN,Medium,P1,PLATFORM,Exported activity alias without permission,[],"{""detail"": ""Activity Alias com.snapchat.android.YellowIridescentAlias is exported but does not declare android:permission.""}",Restrict the component with signature-level permissions or mark it non-exported unless explicitly required.,BASE-IPC-COMP-NO-ACL,8.0,PLATFORM,ipc_components,,,d50e1f5ed7f3b709da8427b3bef32b4f8f65a8013d3b89fa7c8e7a69d3f7bb35,2026-07-09 11:20:14,PLATFORM,PLATFORM-IPC-1
225709,6278,ipc_activity-alias_open_com.snapchat.android.ZombieGhostAlias,WARN,Medium,P1,PLATFORM,Exported activity alias without permission,[],"{""detail"": ""Activity Alias com.snapchat.android.ZombieGhostAlias is exported but does not declare android:permission.""}",Restrict the component with signature-level permissions or mark it non-exported unless explicitly required.,BASE-IPC-COMP-NO-ACL,8.0,PLATFORM,ipc_components,,,bbd24ca5b66eda1a3b6632143715a227793083700396793c4432faf9ae20819d,2026-07-09 11:20:14,PLATFORM,PLATFORM-IPC-1
225710,6278,ipc_activity-alias_open_com.snapchat.android.LandingPageActivity,WARN,Medium,P1,PLATFORM,Exported activity alias without permission,[],"{""detail"": ""Activity Alias com.snapchat.android.LandingPageActivity is exported but does not declare android:permission.""}",Restrict the component with signature-level permissions or mark it non-exported unless explicitly required.,BASE-IPC-COMP-NO-ACL,8.0,PLATFORM,ipc_components,,,38fd86dacd64a40b8a13a706478d0a5ee9ae51558b0e2b2b891765fc076030d3,2026-07-09 11:20:14,PLATFORM,PLATFORM-IPC-1
225711,6278,ipc_service_open_androidx.browser.customtabs.PostMessageService,WARN,Medium,P1,PLATFORM,Exported service without permission,[],"{""detail"": ""Service androidx.browser.customtabs.PostMessageService is exported but does not declare android:permission.""}",Restrict the component with signature-level permissions or mark it non-exported unless explicitly required.,BASE-IPC-COMP-NO-ACL,8.0,PLATFORM,ipc_components,,,755dca2e8ebac30e23c4a83025e4f1a40740014b12781d571afa468a0fa80aa5,2026-07-09 11:20:14,PLATFORM,PLATFORM-IPC-1
225712,6278,ipc_receiver_weak_permission_androidx.profileinstaller.ProfileInstallReceiver,WARN,Medium,P1,PLATFORM,Weak permission guard on exported receiver,[],"{""detail"": ""Receiver androidx.profileinstaller.ProfileInstallReceiver uses android.permission.DUMP (protectionLevel=unspecified), which is insufficient for exported components.""}",Protect the component with a signature-level permission or mark it non-exported.,,,PLATFORM,ipc_components,,,a1011e55cd81e1a5efa21cd3531f8f576789e1e4757a87011b59740f80197b8d,2026-07-09 11:20:14,PLATFORM,
225713,6278,ipc_activity_open_com.facebook.CustomTabActivity,WARN,Medium,P1,PLATFORM,Exported activity without permission,[],"{""detail"": ""Activity com.facebook.CustomTabActivity is exported but does not declare android:permission.""}",Restrict the component with signature-level permissions or mark it non-exported unless explicitly required.,BASE-IPC-COMP-NO-ACL,8.0,PLATFORM,ipc_components,,,f336aaec87d3972139271c9f7ef40e98388abc5a281b3ed123351887b46a2fd1,2026-07-09 11:20:14,PLATFORM,PLATFORM-IPC-1
225714,6278,ipc_service_permission_androidx.work.impl.background.systemjob.SystemJobService,INFO,Low,P2,PLATFORM,Exported service gated by android.permission.BIND_JOB_SERVICE,[],"{""detail"": ""Exported service relies on android.permission.BIND_JOB_SERVICE (protectionLevel=signature).""}",Document the permission contract and monitor for unexpected callers.,BASE-IPC-EXPORTED-WITH-PERM,2.5,PLATFORM,ipc_components,,,010feff1d370cdde2b30a44baa245760ecc86f7b41a538afeb48267dd5a387b4,2026-07-09 11:20:14,PLATFORM,PLATFORM-IPC-1
225715,6278,ipc_receiver_weak_permission_androidx.work.impl.diagnostics.DiagnosticsReceiver,WARN,Medium,P1,PLATFORM,Weak permission guard on exported receiver,[],"{""detail"": ""Receiver androidx.work.impl.diagnostics.DiagnosticsReceiver uses android.permission.DUMP (protectionLevel=unspecified), which is insufficient for exported components.""}",Protect the component with a signature-level permission or mark it non-exported.,,,PLATFORM,ipc_components,,,9941e0eccdf7d3b4774f715de75a66f6bc0c3a6738cde28ebf468fc203a6652b,2026-07-09 11:20:14,PLATFORM,
225716,6278,ipc_receiver_weak_permission_com.amazon.A3L.messaging.ADM.messaging.A3LMessagingADMPlatformListener,WARN,Medium,P1,PLATFORM,Weak permission guard on exported receiver,[],"{""detail"": ""Receiver com.amazon.A3L.messaging.ADM.messaging.A3LMessagingADMPlatformListener uses com.amazon.device.messaging.permission.SEND (protectionLevel=unspecified), which is insufficient for exported components.""}",Protect the component with a signature-level permission or mark it non-exported.,,,PLATFORM,ipc_components,,,09d160a5776f35e84ca64da0cf52446a0a2eda4d178d5cd106e605aeb433cc37,2026-07-09 11:20:14,PLATFORM,
225717,6278,ipc_receiver_weak_permission_com.google.firebase.iid.FirebaseInstanceIdReceiver,WARN,Medium,P1,PLATFORM,Weak permission guard on exported receiver,[],"{""detail"": ""Receiver com.google.firebase.iid.FirebaseInstanceIdReceiver uses com.google.android.c2dm.permission.SEND (protectionLevel=unspecified), which is insufficient for exported components.""}",Protect the component with a signature-level permission or mark it non-exported.,,,PLATFORM,ipc_components,,,801a80d1d4bf8adabab2d6125f2ede620061207fdfa45b7458a8fc4129d8acec,2026-07-09 11:20:14,PLATFORM,
225718,6278,ipc_activity_open_com.braintreepayments.api.BraintreeBrowserSwitchActivity,WARN,Medium,P1,PLATFORM,Exported activity without permission,[],"{""detail"": ""Activity com.braintreepayments.api.BraintreeBrowserSwitchActivity is exported but does not declare android:permission.""}",Restrict the component with signature-level permissions or mark it non-exported unless explicitly required.,BASE-IPC-COMP-NO-ACL,8.0,PLATFORM,ipc_components,,,2662a75dcd662b062d6808424412095c9270756f9334386f6383ecfd0a14888a,2026-07-09 11:20:14,PLATFORM,PLATFORM-IPC-1
225719,6278,ipc_receiver_open_com.snap.identity.lib.whatsappotp.WhatsappOtpCodeReceiver,WARN,Medium,P1,PLATFORM,Exported receiver without permission,[],"{""detail"": ""Receiver com.snap.identity.lib.whatsappotp.WhatsappOtpCodeReceiver is exported but does not declare android:permission.""}",Restrict the component with signature-level permissions or mark it non-exported unless explicitly required.,BASE-IPC-COMP-NO-ACL,8.0,PLATFORM,ipc_components,,,48a83e565a6c2a31d7857539f2b4851981dd7dfa4a8572b792e6abd42ec998dd,2026-07-09 11:20:14,PLATFORM,PLATFORM-IPC-1
225720,6278,ipc_receiver_open_com.snap.identity.lib.whatsappotp.WhatsappOtpErrorReceiver,WARN,Medium,P1,PLATFORM,Exported receiver without permission,[],"{""detail"": ""Receiver com.snap.identity.lib.whatsappotp.WhatsappOtpErrorReceiver is exported but does not declare android:permission.""}",Restrict the component with signature-level permissions or mark it non-exported unless explicitly required.,BASE-IPC-COMP-NO-ACL,8.0,PLATFORM,ipc_components,,,d9bf7a52ec22ff9ab21fefa26c2c4889fd37cefea898a52f9b8966aadc3c44f9,2026-07-09 11:20:14,PLATFORM,PLATFORM-IPC-1
225721,6278,ipc_receiver_open_com.snap.notification.channels.NotificationBlockStateBroadcastReceiver,WARN,Medium,P1,PLATFORM,Exported receiver without permission,[],"{""detail"": ""Receiver com.snap.notification.channels.NotificationBlockStateBroadcastReceiver is exported but does not declare android:permission.""}",Restrict the component with signature-level permissions or mark it non-exported unless explicitly required.,BASE-IPC-COMP-NO-ACL,8.0,PLATFORM,ipc_components,,,7b0a719e8f9703517d4f2798591fa7dbf7390d082dd11d37140f2e57105c962e,2026-07-09 11:20:14,PLATFORM,PLATFORM-IPC-1
225722,6278,ipc_service_permission_com.snap.shortcuts.list.SnapChooserTargetService,INFO,Low,P2,PLATFORM,Exported service gated by android.permission.BIND_CHOOSER_TARGET_SERVICE,[],"{""detail"": ""Exported service relies on android.permission.BIND_CHOOSER_TARGET_SERVICE (protectionLevel=signature).""}",Document the permission contract and monitor for unexpected callers.,BASE-IPC-EXPORTED-WITH-PERM,2.5,PLATFORM,ipc_components,,,0af190b7447fa2820edab5cc6b0eb777639827f2aa3d63080f8ba09da26beec8,2026-07-09 11:20:14,PLATFORM,PLATFORM-IPC-1
225723,6278,ipc_activity_open_com.spotify.sdk.android.auth.browser.RedirectUriReceiverActivity,WARN,Medium,P1,PLATFORM,Exported activity without permission,[],"{""detail"": ""Activity com.spotify.sdk.android.auth.browser.RedirectUriReceiverActivity is exported but does not declare android:permission.""}",Restrict the component with signature-level permissions or mark it non-exported unless explicitly required.,BASE-IPC-COMP-NO-ACL,8.0,PLATFORM,ipc_components,,,176a1879017acc05b0c5709d2269dfa226b56fcfcb5cd3a28431ffe1c8087335,2026-07-09 11:20:14,PLATFORM,PLATFORM-IPC-1
225724,6278,ipc_activity_open_com.amazon.identity.auth.device.workflow.WorkflowActivity,WARN,Medium,P1,PLATFORM,Exported activity without permission,[],"{""detail"": ""Activity com.amazon.identity.auth.device.workflow.WorkflowActivity is exported but does not declare android:permission.""}",Restrict the component with signature-level permissions or mark it non-exported unless explicitly required.,BASE-IPC-COMP-NO-ACL,8.0,PLATFORM,ipc_components,,,87798b3ff525b4c951617fa1eab1ab7effdf60205f634a07ff48f9ee49f91a68,2026-07-09 11:20:14,PLATFORM,PLATFORM-IPC-1
225725,6278,ipc_service_open_com.snap.identity.enhancedcontacts.core.SnapAndroidAccountAuthenticatorService,WARN,Medium,P1,PLATFORM,Exported service without permission,[],"{""detail"": ""Service com.snap.identity.enhancedcontacts.core.SnapAndroidAccountAuthenticatorService is exported but does not declare android:permission.""}",Restrict the component with signature-level permissions or mark it non-exported unless explicitly required.,BASE-IPC-COMP-NO-ACL,8.0,PLATFORM,ipc_components,,,e25a50781f4d294e6076bd446d6003725dfd8ef6ff3633f398fd83af74035161,2026-07-09 11:20:14,PLATFORM,PLATFORM-IPC-1
225726,6278,ipc_service_open_com.snap.identity.enhancedcontacts.core.EnhancedContactsSyncService,WARN,Medium,P1,PLATFORM,Exported service without permission,[],"{""detail"": ""Service com.snap.identity.enhancedcontacts.core.EnhancedContactsSyncService is exported but does not declare android:permission.""}",Restrict the component with signature-level permissions or mark it non-exported unless explicitly required.,BASE-IPC-COMP-NO-ACL,8.0,PLATFORM,ipc_components,,,db99369e2e4f0d7c26502f19179d57950ede7313090a138cc86ea1286d186446,2026-07-09 11:20:14,PLATFORM,PLATFORM-IPC-1
225727,6278,ipc_receiver_open_com.razorpay.RzpTokenReceiver,WARN,Medium,P1,PLATFORM,Exported receiver without permission,[],"{""detail"": ""Receiver com.razorpay.RzpTokenReceiver is exported but does not declare android:permission.""}",Restrict the component with signature-level permissions or mark it non-exported unless explicitly required.,BASE-IPC-COMP-NO-ACL,8.0,PLATFORM,ipc_components,,,ce357b34a976ce70f302481ae785b9f9d28754de85943945d505e994d378b9a8,2026-07-09 11:20:14,PLATFORM,PLATFORM-IPC-1
225728,6278,ipc_service_permission_com.snap.keyboard.lib.SnapKeyboardIME,INFO,Low,P2,PLATFORM,Exported service gated by android.permission.BIND_INPUT_METHOD,[],"{""detail"": ""Exported service relies on android.permission.BIND_INPUT_METHOD (protectionLevel=signature).""}",Document the permission contract and monitor for unexpected callers.,BASE-IPC-EXPORTED-WITH-PERM,2.5,PLATFORM,ipc_components,,,a59fa867a4623579272e0dcc7ddbc904ad68f3b07c6b1708f027e1536255b9d8,2026-07-09 11:20:14,PLATFORM,PLATFORM-IPC-1
225729,6278,ipc_receiver_open_com.snap.widgets.core.BestFriendsWidgetProvider,WARN,Medium,P1,PLATFORM,Exported receiver without permission,[],"{""detail"": ""Receiver com.snap.widgets.core.BestFriendsWidgetProvider is exported but does not declare android:permission.""}",Restrict the component with signature-level permissions or mark it non-exported unless explicitly required.,BASE-IPC-COMP-NO-ACL,8.0,PLATFORM,ipc_components,,,b424de0d4e24c9a3941ad5216dde6beed74b0bfbf7dde458359141d3f642d405,2026-07-09 11:20:14,PLATFORM,PLATFORM-IPC-1
225730,6278,ipc_receiver_open_com.snap.widgets.core.mapwidget.MapWidgetProvider,WARN,Medium,P1,PLATFORM,Exported receiver without permission,[],"{""detail"": ""Receiver com.snap.widgets.core.mapwidget.MapWidgetProvider is exported but does not declare android:permission.""}",Restrict the component with signature-level permissions or mark it non-exported unless explicitly required.,BASE-IPC-COMP-NO-ACL,8.0,PLATFORM,ipc_components,,,583024c88e00b542305fd665a72a2d5d189cca9c8ac29c198562cbde83a4f32a,2026-07-09 11:20:14,PLATFORM,PLATFORM-IPC-1
225731,6278,ipc_activity_open_com.snap.widgets.core.mapwidget.MapWidgetConfigActivity,WARN,Medium,P1,PLATFORM,Exported activity without permission,[],"{""detail"": ""Activity com.snap.widgets.core.mapwidget.MapWidgetConfigActivity is exported but does not declare android:permission.""}",Restrict the component with signature-level permissions or mark it non-exported unless explicitly required.,BASE-IPC-COMP-NO-ACL,8.0,PLATFORM,ipc_components,,,fbb1b6ae45af53042287c9ccd7088bd6ad6f531c0e75c4e3cd1b022c2cd254a1,2026-07-09 11:20:14,PLATFORM,PLATFORM-IPC-1
225732,6278,ipc_receiver_open_androidx.core.telecom.internal.MuteStateReceiver,WARN,Medium,P1,PLATFORM,Exported receiver without permission,[],"{""detail"": ""Receiver androidx.core.telecom.internal.MuteStateReceiver is exported but does not declare android:permission.""}",Restrict the component with signature-level permissions or mark it non-exported unless explicitly required.,BASE-IPC-COMP-NO-ACL,8.0,PLATFORM,ipc_components,,,594a5224ef269bbcf4a3a213b8590b5894b586e28a3696e2ea749dc1c691c473,2026-07-09 11:20:14,PLATFORM,PLATFORM-IPC-1
225733,6278,ipc_service_permission_androidx.core.telecom.internal.JetpackConnectionService,INFO,Low,P2,PLATFORM,Exported service gated by android.permission.BIND_TELECOM_CONNECTION_SERVICE,[],"{""detail"": ""Exported service relies on android.permission.BIND_TELECOM_CONNECTION_SERVICE (protectionLevel=signature/privileged).""}",Document the permission contract and monitor for unexpected callers.,BASE-IPC-EXPORTED-WITH-PERM,2.5,PLATFORM,ipc_components,,,7a45fc21bd8fdd8b769d284d30bf894cd5d50227f985ba708b632b5de11cbe43,2026-07-09 11:20:14,PLATFORM,PLATFORM-IPC-1
225734,6278,ipc_service_weak_permission_com.google.android.gms.auth.api.signin.RevocationBoundService,WARN,Medium,P1,PLATFORM,Weak permission guard on exported service,[],"{""detail"": ""Service com.google.android.gms.auth.api.signin.RevocationBoundService uses com.google.android.gms.auth.api.signin.permission.REVOCATION_NOTIFICATION (protectionLevel=unspecified), which is insufficient for exported components.""}",Protect the component with a signature-level permission or mark it non-exported.,,,PLATFORM,ipc_components,,,333620b6726a9959216b7d765dc48d0cdfd4b817f914fe21914e4a734b970792,2026-07-09 11:20:14,PLATFORM,
225735,6278,ipc_receiver_weak_permission_com.snap.ms.authapiphone.gms.GoogleSmsRetrieverV2,WARN,Medium,P1,PLATFORM,Weak permission guard on exported receiver,[],"{""detail"": ""Receiver com.snap.ms.authapiphone.gms.GoogleSmsRetrieverV2 uses com.google.android.gms.auth.api.phone.permission.SEND (protectionLevel=unspecified), which is insufficient for exported components.""}",Protect the component with a signature-level permission or mark it non-exported.,,,PLATFORM,ipc_components,,,db40d65fd05e52a759a86509640557f8690b518cac42419db77d809336dce2ec,2026-07-09 11:20:14,PLATFORM,
225736,6278,ipc_activity_open_com.snap.catalina.core.CatalinaActivity,WARN,Medium,P1,PLATFORM,Exported activity without permission,[],"{""detail"": ""Activity com.snap.catalina.core.CatalinaActivity is exported but does not declare android:permission.""}",Restrict the component with signature-level permissions or mark it non-exported unless explicitly required.,BASE-IPC-COMP-NO-ACL,8.0,PLATFORM,ipc_components,,,11fddf505529ee76c45574d3c3645e7b5a274026961c0c326243bc3822bd0f46,2026-07-09 11:20:14,PLATFORM,PLATFORM-IPC-1
225737,6278,domain_verification_misconfigured_autoverify,WARN,Medium,P1,PLATFORM,android:autoVerify is declared on filters that are unlikely to verify,"[""app_links"", ""auto_verify"", ""misconfiguration""]","{""path"": ""/home/secadmin/Laughlin/GitHub/ScytaleDroid/data/store/apk/sha256/bb/bb170d00bf8e3a3a0bb9d4e38432826ad2d562087477a92a0cc9e28aae8e98aa.apk!AndroidManifest.xml::activity:com.spotify.sdk.android.auth.browser.RedirectUriReceiverActivity#intent-filter[1]"", ""detail"": ""1 autoVerify filter(s) do not match the expected App Links shape (VIEW + BROWSABLE + DEFAULT + HTTPS host), so verification may never succeed."", ""entries"": [{""description"": ""activity com.spotify.sdk.android.auth.browser.RedirectUriReceiverActivity"", ""location"": ""/home/secadmin/Laughlin/GitHub/ScytaleDroid/data/store/apk/sha256/bb/bb170d00bf8e3a3a0bb9d4e38432826ad2d562087477a92a0cc9e28aae8e98aa.apk!AndroidManifest.xml::activity:com.spotify.sdk.android.auth.browser.RedirectUriReceiverActivity#intent-filter[1]""}]}","Restrict android:autoVerify to real web-link handlers with VIEW, BROWSABLE, DEFAULT, and lowercase HTTPS host declarations.",,,PLATFORM,domain_verification,,,63f81e3581b391787b7ba05d6ace470d4d4f49e2a8246defc784b8fad06e2bea,2026-07-09 11:20:14,PLATFORM,
225738,6278,domain_verification_case_sensitive_manifest_values,INFO,Low,P2,PLATFORM,App link scheme or host uses uppercase characters,"[""app_links"", ""case_sensitive"", ""manifest""]","{""path"": ""/home/secadmin/Laughlin/GitHub/ScytaleDroid/data/store/apk/sha256/bb/bb170d00bf8e3a3a0bb9d4e38432826ad2d562087477a92a0cc9e28aae8e98aa.apk!AndroidManifest.xml::activity:com.facebook.CustomTabActivity#intent-filter[1]"", ""detail"": ""Android scheme and host matching is case-sensitive. Uppercase manifest values can break deep-link matching and verification unexpectedly."", ""entries"": [{""description"": ""activity com.facebook.CustomTabActivity"", ""location"": ""/home/secadmin/Laughlin/GitHub/ScytaleDroid/data/store/apk/sha256/bb/bb170d00bf8e3a3a0bb9d4e38432826ad2d562087477a92a0cc9e28aae8e98aa.apk!AndroidManifest.xml::activity:com.facebook.CustomTabActivity#intent-filter[1]""}]}",Normalize app-link schemes and hosts to lowercase in AndroidManifest.xml.,,,PLATFORM,domain_verification,,,0e475dfb2b0de91195eeb9fd86cdd63d194ed460aff363322887e84034659e45,2026-07-09 11:20:14,PLATFORM,
225739,6278,storage_allow_backup,WARN,Medium,P1,STORAGE,Application allows Android backup,[],"{""detail"": ""android:allowBackup is true; user data may leak via adb backup.""}",Disable backups or provide custom BackupAgent filtering secrets.,,,STORAGE,storage_backup,,,b9cd119277283edf2e7f596f5768300bcfef5ff9148da23ee73f1590fd01c6ce,2026-07-09 11:20:14,STORAGE,
225740,6278,storage_legacy_external,WARN,Medium,P1,STORAGE,Legacy external storage requested,[],"{""detail"": ""requestLegacyExternalStorage=true keeps scoped storage disabled.""}",Adopt scoped storage or justify legacy flag for backwards compatibility.,BASE-STO-LEGACY,3.9,STORAGE,storage_backup,,,cec868bb8d34b55d4d2efee6ea48714483e7f1ede6c5bd058d5a325bbf6b7f80,2026-07-09 11:20:14,STORAGE,STORAGE-2
225741,6278,storage_sensitive_keys,INFO,Low,P2,STORAGE,Potential sensitive preference keys,[],"{""path"": ""/home/secadmin/Laughlin/GitHub/ScytaleDroid/data/store/apk/sha256/bb/bb170d00bf8e3a3a0bb9d4e38432826ad2d562087477a92a0cc9e28aae8e98aa.apk!string[classes2.dex]"", ""detail"": ""Keys referencing tokens/secrets detected in resources or code."", ""entries"": [{""description"": ""Potential sensitive key 'AND new.AtzAccessTokenId !='"", ""hash_short"": ""#h:5011926a"", ""location"": ""/home/secadmin/Laughlin/GitHub/ScytaleDroid/data/store/apk/sha256/bb/bb170d00bf8e3a3a0bb9d4e38432826ad2d562087477a92a0cc9e28aae8e98aa.apk!string[classes2.dex]""}, {""description"": ""Potential sensitive key 'AND new.AtzAccessTokenId <'"", ""hash_short"": ""#h:ed725597"", ""location"": ""/home/secadmin/Laughlin/GitHub/ScytaleDroid/data/store/apk/sha256/bb/bb170d00bf8e3a3a0bb9d4e38432826ad2d562087477a92a0cc9e28aae8e98aa.apk!string[classes2.dex]""}, {""description"": ""Potential sensitive key 'AND new.AtzRefreshTokenId !='"", ""hash_short"": ""#h:b4f4017a"", ""location"": ""/home/secadmin/Laughlin/GitHub/ScytaleDroid/data/store/apk/sha256/bb/bb170d00bf8e3a3a0bb9d4e38432826ad2d562087477a92a0cc9e28aae8e98aa.apk!string[classes2.dex]""}, {""description"": ""Potential sensitive key 'AND new.AtzRefreshTokenId <'"", ""hash_short"": ""#h:944a0378"", ""location"": ""/home/secadmin/Laughlin/GitHub/ScytaleDroid/data/store/apk/sha256/bb/bb170d00bf8e3a3a0bb9d4e38432826ad2d562087477a92a0cc9e28aae8e98aa.apk!string[classes2.dex]""}, {""description"": ""Potential sensitive key 'atzToken='"", ""hash_short"": ""#h:5cef9275"", ""location"": ""/home/secadmin/Laughlin/GitHub/ScytaleDroid/data/store/apk/sha256/bb/bb170d00bf8e3a3a0bb9d4e38432826ad2d562087477a92a0cc9e28aae8e98aa.apk!string[classes2.dex]""}]}",Ensure sensitive tokens are encrypted or stored within Android Keystore-backed preferences.,,,STORAGE,storage_backup,,,ae3110cf915810fe2650b52b145309536eccc8a28058a2da3b267410e433f1cf,2026-07-09 11:20:14,STORAGE,
225742,6278,dfir_permission_hypothesis,INFO,Info,NOTE,PRIVACY,Permissions imply sensitive runtime stores,[],"{""detail"": ""Dangerous permissions map to likely on-device data locations.""}",Plan minimal adb pulls to validate the presence of these artefacts after dynamic testing.,,,PRIVACY,dfir_hints,,,636d01ce20e111541057203bd363f5e2cdb7bd0ab2b7842a4e8d2a47d12c2fbd,2026-07-09 11:20:14,PRIVACY,
225743,6278,webview_javascript_enabled,INFO,Low,P2,NETWORK,JavaScript explicitly enabled,"[""webview"", ""javascript_enabled""]","{""path"": ""/home/secadmin/Laughlin/GitHub/ScytaleDroid/data/store/apk/sha256/bb/bb170d00bf8e3a3a0bb9d4e38432826ad2d562087477a92a0cc9e28aae8e98aa.apk!string[classes2.dex]"", ""detail"": ""WebView JavaScript execution increases XSS risk; review content sources."", ""entries"": [{""description"": ""javascript_enabled in classes2.dex"", ""hash_short"": ""#h:3038483d"", ""location"": ""/home/secadmin/Laughlin/GitHub/ScytaleDroid/data/store/apk/sha256/bb/bb170d00bf8e3a3a0bb9d4e38432826ad2d562087477a92a0cc9e28aae8e98aa.apk!string[classes2.dex]""}]}",Only enable JavaScript for trusted content and disable for other views.,,,NETWORK,webview_hygiene,,,6214640d7ec4982d04494ea13085238970a30cd1b3381a42b9247fa746ac6c6c,2026-07-09 11:20:14,NETWORK,
225744,6278,crypto_des_usage,FAIL,High,P0,CRYPTO,DES cipher usage,"[""crypto"", ""des_usage""]","{""path"": ""/home/secadmin/Laughlin/GitHub/ScytaleDroid/data/store/apk/sha256/bb/bb170d00bf8e3a3a0bb9d4e38432826ad2d562087477a92a0cc9e28aae8e98aa.apk!string[classes2.dex]"", ""detail"": ""DES is cryptographically broken and should not protect secrets. (3 occurrences)"", ""entries"": [{""description"": ""des_usage → classes2.dex"", ""hash_short"": ""#h:e8a7437e"", ""location"": ""/home/secadmin/Laughlin/GitHub/ScytaleDroid/data/store/apk/sha256/bb/bb170d00bf8e3a3a0bb9d4e38432826ad2d562087477a92a0cc9e28aae8e98aa.apk!string[classes2.dex]""}, {""description"": ""des_usage → classes2.dex"", ""hash_short"": ""#h:3a73e6c4"", ""location"": ""/home/secadmin/Laughlin/GitHub/ScytaleDroid/data/store/apk/sha256/bb/bb170d00bf8e3a3a0bb9d4e38432826ad2d562087477a92a0cc9e28aae8e98aa.apk!string[classes2.dex]""}]}",Replace DES with AES-256 or modern primitives.,,,CRYPTO,crypto_hygiene,,,6ad5ca69ef2327f4fd6d4dce1ab77f5a7fde7fe5260beb2762226eeac12bac89,2026-07-09 11:20:14,CRYPTO,
225745,6278,crypto_md5_digest,WARN,Medium,P1,CRYPTO,MD5 message digest,"[""crypto"", ""md5_digest""]","{""path"": ""/home/secadmin/Laughlin/GitHub/ScytaleDroid/data/store/apk/sha256/bb/bb170d00bf8e3a3a0bb9d4e38432826ad2d562087477a92a0cc9e28aae8e98aa.apk!string[classes2.dex]"", ""detail"": ""MD5 is collision-prone and unsuitable for integrity. (4 occurrences)"", ""entries"": [{""description"": ""md5_digest → classes2.dex"", ""hash_short"": ""#h:e7685f4a"", ""location"": ""/home/secadmin/Laughlin/GitHub/ScytaleDroid/data/store/apk/sha256/bb/bb170d00bf8e3a3a0bb9d4e38432826ad2d562087477a92a0cc9e28aae8e98aa.apk!string[classes2.dex]""}, {""description"": ""md5_digest → classes2.dex"", ""hash_short"": ""#h:d714d054"", ""location"": ""/home/secadmin/Laughlin/GitHub/ScytaleDroid/data/store/apk/sha256/bb/bb170d00bf8e3a3a0bb9d4e38432826ad2d562087477a92a0cc9e28aae8e98aa.apk!string[classes2.dex]""}]}",Use SHA-256 or better message digests.,,,CRYPTO,crypto_hygiene,,,3fc7b9bff583963ad8a06385356ce2fbaa26a5a8558b9fab679f4e934bb7f66e,2026-07-09 11:20:14,CRYPTO,
225746,6278,crypto_sha1_digest,WARN,Medium,P1,CRYPTO,SHA-1 message digest,"[""crypto"", ""sha1_digest""]","{""path"": ""/home/secadmin/Laughlin/GitHub/ScytaleDroid/data/store/apk/sha256/bb/bb170d00bf8e3a3a0bb9d4e38432826ad2d562087477a92a0cc9e28aae8e98aa.apk!string[classes2.dex]"", ""detail"": ""SHA-1 collisions are practical; avoid for security decisions."", ""entries"": [{""description"": ""sha1_digest → classes2.dex"", ""hash_short"": ""#h:4690219b"", ""location"": ""/home/secadmin/Laughlin/GitHub/ScytaleDroid/data/store/apk/sha256/bb/bb170d00bf8e3a3a0bb9d4e38432826ad2d562087477a92a0cc9e28aae8e98aa.apk!string[classes2.dex]""}, {""description"": ""sha1_digest → classes2.dex"", ""hash_short"": ""#h:2bf4366b"", ""location"": ""/home/secadmin/Laughlin/GitHub/ScytaleDroid/data/store/apk/sha256/bb/bb170d00bf8e3a3a0bb9d4e38432826ad2d562087477a92a0cc9e28aae8e98aa.apk!string[classes2.dex]""}]}",Use SHA-256 or SHA-3 families for hashing.,,,CRYPTO,crypto_hygiene,,,e6fc26508453f9b1e917f3ee68d4dbf9edb8ac0ad2b40f053c963a0073cebc9b,2026-07-09 11:20:14,CRYPTO,
225747,6278,sdk_inventory_tracker_namespace_overlap,INFO,Info,NOTE,PRIVACY,Static namespace overlap with tracker/SDK reference intel,"[""sdk_inventory"", ""tracker_intel"", ""namespace_overlap""]","{""path"": ""classes2.dex@8041080"", ""detail"": ""3 tracker reference entries overlapped namespace-like strings inside the APK. This is contextual evidence only and should be verified against code paths."", ""entries"": [{""description"": ""Endpoint root-domain overlapping tracker network signature"", ""hash_short"": ""7f552aca"", ""location"": ""classes2.dex@8041080""}, {""description"": ""Endpoint root-domain overlapping tracker network signature"", ""hash_short"": ""b65102ee"", ""location"": ""resources.arsc@na""}]}",,,,PRIVACY,sdk_inventory,,,1e4c6c3d92a42bc9082e3ccfe69a766cf22daff2d77ed7ae6387f455301c725c,2026-07-09 11:20:14,PRIVACY,
225748,6278,sdk_inventory_tracker_network_overlap,INFO,Info,NOTE,NETWORK,Endpoint overlap with tracker network reference intel,"[""sdk_inventory"", ""tracker_intel"", ""network_overlap""]","{""path"": ""classes2.dex@8041080"", ""detail"": ""12 tracker reference entries overlapped root domains from extracted HTTP(S) strings. This indicates contextual network similarity, not confirmed tracking behavior."", ""entries"": [{""description"": ""Endpoint root-domain overlapping tracker network signature"", ""hash_short"": ""7f552aca"", ""location"": ""classes2.dex@8041080""}, {""description"": ""Endpoint root-domain overlapping tracker network signature"", ""hash_short"": ""7f552aca"", ""location"": ""classes2.dex@8040725""}]}",,,,NETWORK,sdk_inventory,,,28e2aee498440f2b3fe4a060fd45350d06c53172273d4b425b13512522c421f6,2026-07-09 11:20:14,NETWORK,
225749,6278,obfuscation_hints,WARN,Low,P2,RESILIENCE,Obfuscation indicators detected,"[""obfuscation"", ""anti-analysis""]","{""path"": ""classes2.dex"", ""detail"": ""DEX/class naming patterns and dynamic-loading hints suggest obfuscation or packing."", ""entries"": [{""description"": ""class-like string: 2/pF"", ""location"": ""classes2.dex""}, {""description"": ""class-like string: 2/pF"", ""location"": ""classes2.dex""}, {""description"": ""class-like string: 2/pF2"", ""location"": ""classes2.dex""}, {""description"": ""class-like string: 5/pF8"", ""location"": ""classes2.dex""}, {""description"": ""class-like string: 5/4a"", ""location"": ""classes2.dex""}]}",Use deobfuscation-aware tooling and verify behavior with dynamic analysis.,,,RESILIENCE,obfuscation_signals,,,20d684f4e71605a82737f3eb8ce17042a7c556104acabe4248cc606fa76af557,2026-07-09 11:20:14,RESILIENCE,
225750,6278,diff_http_endpoints,WARN,Medium,P1,NETWORK,New HTTP endpoints discovered,[],"{""path"": ""report://350ad52adf49ef6c33790aab3c5c589bff89f2be750c7727d58d093efb204c39.json"", ""detail"": ""Cleartext HTTP endpoints were added compared to the previous analysis."", ""entries"": [{""description"": ""Baseline network surface"", ""location"": ""report://350ad52adf49ef6c33790aab3c5c589bff89f2be750c7727d58d093efb204c39.json""}]}",Ensure these endpoints are protected by TLS or remove them from release builds.,BASE-CLR-001,4.5,NETWORK,correlation_engine,,,095e6efcfbf8eeb852311c10ed9faaefb0a4e2e7e2e13d4fe3945f25ce4b29a7,2026-07-09 11:20:14,NETWORK,NETWORK-1
225751,6278,risk_profile,WARN,High,P0,OTHER,Correlation priority — Critical,"[""risk_profile_downgraded""]","{""detail"": ""Correlation priority score 35308 (Critical); synthetic prioritization signal.""}",Prioritise remediation of the contributing findings that raised this synthetic priority score.,,,OTHER,correlation_engine,,,e6fc30c5fc9a82dabb75cff1b779ad5f9cde2461ae5fb19e2198129bcdcd3fd2,2026-07-09 11:20:14,OTHER,
226665,6302,manifest_cleartext_enabled,WARN,Medium,P1,NETWORK,Cleartext traffic permitted,[],"{""path"": ""/home/secadmin/Laughlin/GitHub/ScytaleDroid/data/store/apk/sha256/00/00f90f17c1ba4ff417db23c82177e3727957360fe4844d0ecaf525ff4e20fbb0.apk!AndroidManifest.xml"", ""detail"": ""android:usesCleartextTraffic is true. Cleartext endpoints should be limited to debug hosts and audited."", ""entries"": [{""description"": ""application@usesCleartextTraffic"", ""location"": ""/home/secadmin/Laughlin/GitHub/ScytaleDroid/data/store/apk/sha256/00/00f90f17c1ba4ff417db23c82177e3727957360fe4844d0ecaf525ff4e20fbb0.apk!AndroidManifest.xml""}]}",Disable cleartext traffic or scope it to a debug-only network security config.,BASE-CLR-001,4.5,NETWORK,manifest_baseline,,,414f2f641d00fa84e8c582dd9bafee0c846b3b80c13042ea3cd3b610da4b5346,2026-07-09 11:22:00,NETWORK,NETWORK-1
226666,6302,manifest_exported_weak_guards,WARN,Medium,P1,PLATFORM,Exported components use weak guards,[],"{""path"": ""/home/secadmin/Laughlin/GitHub/ScytaleDroid/data/store/apk/sha256/00/00f90f17c1ba4ff417db23c82177e3727957360fe4844d0ecaf525ff4e20fbb0.apk!AndroidManifest.xml"", ""detail"": ""Exported components rely on normal/dangerous permissions or no guard at all: androidx.profileinstaller.ProfileInstallReceiver, com.google.android.gms.auth.api.signin.RevocationBoundService, com.google.firebase.iid.FirebaseInstanceIdReceiver, org.telegra..."", ""entries"": [{""description"": ""component@permission"", ""location"": ""/home/secadmin/Laughlin/GitHub/ScytaleDroid/data/store/apk/sha256/00/00f90f17c1ba4ff417db23c82177e3727957360fe4844d0ecaf525ff4e20fbb0.apk!AndroidManifest.xml""}]}",Protect exported components with signature-level permissions or mark them non-exported.,,,PLATFORM,manifest_baseline,,,e56a14927084b7c637d27aab05d647471d2de86664554bf3385e2329ffa4339f,2026-07-09 11:22:00,PLATFORM,
226667,6302,manifest_backup_and_exports,WARN,Medium,P1,STORAGE,Backup plus exported weak components,[],"{""path"": ""/home/secadmin/Laughlin/GitHub/ScytaleDroid/data/store/apk/sha256/00/00f90f17c1ba4ff417db23c82177e3727957360fe4844d0ecaf525ff4e20fbb0.apk!AndroidManifest.xml"", ""detail"": ""android:allowBackup is enabled while exported components lack strong permission guards (androidx.profileinstaller.ProfileInstallReceiver, com.google.android.gms.auth.api.signin.RevocationBoundService, com.google.firebase.iid.FirebaseInstanceIdReceiver, ..."", ""entries"": [{""description"": ""application@allowBackup"", ""location"": ""/home/secadmin/Laughlin/GitHub/ScytaleDroid/data/store/apk/sha256/00/00f90f17c1ba4ff417db23c82177e3727957360fe4844d0ecaf525ff4e20fbb0.apk!AndroidManifest.xml""}]}",Disable auto-backup or harden exported components with signature-level permissions.,,,STORAGE,manifest_baseline,,,d746d98f780a5d8e61d9870a19b712af6545a47c9cb9fbe43f761e3d52462864,2026-07-09 11:22:00,STORAGE,
226668,6302,manifest_backup_enabled,WARN,Medium,P1,STORAGE,Auto-backup enabled,[],"{""path"": ""/home/secadmin/Laughlin/GitHub/ScytaleDroid/data/store/apk/sha256/00/00f90f17c1ba4ff417db23c82177e3727957360fe4844d0ecaf525ff4e20fbb0.apk!AndroidManifest.xml"", ""detail"": ""Application data can be exported via Android's backup channel (android:allowBackup not set to false)."", ""entries"": [{""description"": ""application@allowBackup"", ""location"": ""/home/secadmin/Laughlin/GitHub/ScytaleDroid/data/store/apk/sha256/00/00f90f17c1ba4ff417db23c82177e3727957360fe4844d0ecaf525ff4e20fbb0.apk!AndroidManifest.xml""}]}",Set android:allowBackup=false or provide an explicit backup configuration that excludes sensitive data.,,,STORAGE,manifest_baseline,,,d4b684c36538f483a0734ffda8967e8464193ec6596c737728c7a1d0db01a365,2026-07-09 11:22:00,STORAGE,
226669,6302,manifest_legacy_external_storage,WARN,Medium,P1,STORAGE,Legacy external storage requested,[],"{""path"": ""/home/secadmin/Laughlin/GitHub/ScytaleDroid/data/store/apk/sha256/00/00f90f17c1ba4ff417db23c82177e3727957360fe4844d0ecaf525ff4e20fbb0.apk!AndroidManifest.xml"", ""detail"": ""android:requestLegacyExternalStorage is true. This bypasses scoped storage protections and should be phased out."", ""entries"": [{""description"": ""application@requestLegacyExternalStorage"", ""location"": ""/home/secadmin/Laughlin/GitHub/ScytaleDroid/data/store/apk/sha256/00/00f90f17c1ba4ff417db23c82177e3727957360fe4844d0ecaf525ff4e20fbb0.apk!AndroidManifest.xml""}]}",Adopt scoped storage APIs and drop requestLegacyExternalStorage for production builds.,,,STORAGE,manifest_baseline,,,8ffd9476b31fa251626ecc5b62d36968f68d6a99df2fcc1537fbc3aa442e6a41,2026-07-09 11:22:00,STORAGE,
226670,6302,manifest_custom_permissions_review,INFO,Low,P2,PLATFORM,Review custom permission protection levels,[],"{""path"": ""/home/secadmin/Laughlin/GitHub/ScytaleDroid/data/store/apk/sha256/00/00f90f17c1ba4ff417db23c82177e3727957360fe4844d0ecaf525ff4e20fbb0.apk!AndroidManifest.xml"", ""detail"": ""Custom permissions use uncommon protection levels: org.telegram.messenger.DYNAMIC_RECEIVER_NOT_EXPORTED_PERMISSION, org.telegram.messenger.permission.MAPS_RECEIVE"", ""entries"": [{""description"": ""permission@protectionLevel"", ""location"": ""/home/secadmin/Laughlin/GitHub/ScytaleDroid/data/store/apk/sha256/00/00f90f17c1ba4ff417db23c82177e3727957360fe4844d0ecaf525ff4e20fbb0.apk!AndroidManifest.xml""}]}",Verify the custom protection levels only grant access to trusted callers.,,,PLATFORM,manifest_baseline,,,dfdfc9018595baee82845f03fe83474741674d2221af8e23e56f4a61e1a85688,2026-07-09 11:22:00,PLATFORM,
226671,6302,manifest_task_affinity_custom,INFO,Low,P2,PLATFORM,Custom task affinities present,[],"{""path"": ""/home/secadmin/Laughlin/GitHub/ScytaleDroid/data/store/apk/sha256/00/00f90f17c1ba4ff417db23c82177e3727957360fe4844d0ecaf525ff4e20fbb0.apk!AndroidManifest.xml"", ""detail"": ""Components override the default task affinity: org.telegram.ui.PopupNotificationActivity→<empty>, org.telegram.ui.VoIPPermissionActivity→org.telegram.messenger.voip, org.telegram.ui.VoIPFeedbackActivity→org.telegram.messenger.voip_feedback"", ""entries"": [{""description"": ""component@taskAffinity"", ""location"": ""/home/secadmin/Laughlin/GitHub/ScytaleDroid/data/store/apk/sha256/00/00f90f17c1ba4ff417db23c82177e3727957360fe4844d0ecaf525ff4e20fbb0.apk!AndroidManifest.xml""}]}",Ensure custom task affinities are required and do not leak activities into other apps.,,,PLATFORM,manifest_baseline,,,b8353b9cc90065fdedf074274adc6ed1b9c2b6ef128ba75882c3726c1e6a4a7d,2026-07-09 11:22:00,PLATFORM,
226672,6302,ipc_service_open_org.telegram.messenger.GcmPushListenerService,WARN,Medium,P1,PLATFORM,Exported service without permission,[],"{""detail"": ""Service org.telegram.messenger.GcmPushListenerService is exported but does not declare android:permission.""}",Restrict the component with signature-level permissions or mark it non-exported unless explicitly required.,BASE-IPC-COMP-NO-ACL,8.0,PLATFORM,ipc_components,,,ac1536fa602ba20ed0c79343423210e414f4b9f42b6cb30d106686c262d8d788,2026-07-09 11:22:00,PLATFORM,PLATFORM-IPC-1
226673,6302,ipc_service_open_org.telegram.messenger.GoogleVoiceClientService,WARN,Medium,P1,PLATFORM,Exported service without permission,[],"{""detail"": ""Service org.telegram.messenger.GoogleVoiceClientService is exported but does not declare android:permission.""}",Restrict the component with signature-level permissions or mark it non-exported unless explicitly required.,BASE-IPC-COMP-NO-ACL,8.0,PLATFORM,ipc_components,,,4b1c090cbdbd31fceb7b79f2dfd893322c397d6696adc4264bc44fd05a979d30,2026-07-09 11:22:00,PLATFORM,PLATFORM-IPC-1
226674,6302,ipc_activity_open_org.telegram.messenger.GoogleVoiceClientActivity,WARN,Medium,P1,PLATFORM,Exported activity without permission,[],"{""detail"": ""Activity org.telegram.messenger.GoogleVoiceClientActivity is exported but does not declare android:permission.""}",Restrict the component with signature-level permissions or mark it non-exported unless explicitly required.,BASE-IPC-COMP-NO-ACL,8.0,PLATFORM,ipc_components,,,33695e2fcaa09a841e3e0b4f692df0eafa0a1b114f12e465899dbbe5accac5ae,2026-07-09 11:22:00,PLATFORM,PLATFORM-IPC-1
226675,6302,ipc_activity_open_org.telegram.ui.LaunchActivity,WARN,Medium,P1,PLATFORM,Exported activity without permission,[],"{""detail"": ""Activity org.telegram.ui.LaunchActivity is exported but does not declare android:permission.""}",Restrict the component with signature-level permissions or mark it non-exported unless explicitly required.,BASE-IPC-COMP-NO-ACL,8.0,PLATFORM,ipc_components,,,56f5f5cb08f7e9ef0c1b929c85de5e46d4e3e60c4f5db2030087e21acc00b799,2026-07-09 11:22:00,PLATFORM,PLATFORM-IPC-1
226676,6302,ipc_activity-alias_open_org.telegram.messenger.DefaultIcon,WARN,Medium,P1,PLATFORM,Exported activity alias without permission,[],"{""detail"": ""Activity Alias org.telegram.messenger.DefaultIcon is exported but does not declare android:permission.""}",Restrict the component with signature-level permissions or mark it non-exported unless explicitly required.,BASE-IPC-COMP-NO-ACL,8.0,PLATFORM,ipc_components,,,6a33a7f7fb1aac48f35b35f95c2d4adaef1e512b7309b5ff9af84d2f0360069e,2026-07-09 11:22:00,PLATFORM,PLATFORM-IPC-1
226677,6302,ipc_activity-alias_open_org.telegram.messenger.VintageIcon,WARN,Medium,P1,PLATFORM,Exported activity alias without permission,[],"{""detail"": ""Activity Alias org.telegram.messenger.VintageIcon is exported but does not declare android:permission.""}",Restrict the component with signature-level permissions or mark it non-exported unless explicitly required.,BASE-IPC-COMP-NO-ACL,8.0,PLATFORM,ipc_components,,,60f9e60a190e19fe571fd0a7fb896aa1dcfcb2d9e845e4431f86fc93ac832b0d,2026-07-09 11:22:00,PLATFORM,PLATFORM-IPC-1
226678,6302,ipc_activity-alias_open_org.telegram.messenger.AquaIcon,WARN,Medium,P1,PLATFORM,Exported activity alias without permission,[],"{""detail"": ""Activity Alias org.telegram.messenger.AquaIcon is exported but does not declare android:permission.""}",Restrict the component with signature-level permissions or mark it non-exported unless explicitly required.,BASE-IPC-COMP-NO-ACL,8.0,PLATFORM,ipc_components,,,62d1f335b9fee6bc3d509acd8c27048c92d05739b2ef053a9a0f1ade774f02b2,2026-07-09 11:22:00,PLATFORM,PLATFORM-IPC-1
226679,6302,ipc_activity-alias_open_org.telegram.messenger.PremiumIcon,WARN,Medium,P1,PLATFORM,Exported activity alias without permission,[],"{""detail"": ""Activity Alias org.telegram.messenger.PremiumIcon is exported but does not declare android:permission.""}",Restrict the component with signature-level permissions or mark it non-exported unless explicitly required.,BASE-IPC-COMP-NO-ACL,8.0,PLATFORM,ipc_components,,,5866f9d7e5a8906b7b35e842cfa8a189ccbc2d8fac651c22285e68ae6cb86289,2026-07-09 11:22:00,PLATFORM,PLATFORM-IPC-1
226680,6302,ipc_activity-alias_open_org.telegram.messenger.TurboIcon,WARN,Medium,P1,PLATFORM,Exported activity alias without permission,[],"{""detail"": ""Activity Alias org.telegram.messenger.TurboIcon is exported but does not declare android:permission.""}",Restrict the component with signature-level permissions or mark it non-exported unless explicitly required.,BASE-IPC-COMP-NO-ACL,8.0,PLATFORM,ipc_components,,,d515fa5f78eb61eb7b60aa19cb88548f73fea64d8f6e18510fc5c15b75af32ed,2026-07-09 11:22:00,PLATFORM,PLATFORM-IPC-1
226681,6302,ipc_activity-alias_open_org.telegram.messenger.NoxIcon,WARN,Medium,P1,PLATFORM,Exported activity alias without permission,[],"{""detail"": ""Activity Alias org.telegram.messenger.NoxIcon is exported but does not declare android:permission.""}",Restrict the component with signature-level permissions or mark it non-exported unless explicitly required.,BASE-IPC-COMP-NO-ACL,8.0,PLATFORM,ipc_components,,,46ca133a20c74d401ed4afeb71d6e634a455625deb872acda6ca024d057b7167,2026-07-09 11:22:00,PLATFORM,PLATFORM-IPC-1
226682,6302,ipc_activity-alias_weak_permission_org.telegram.ui.CallsActivity,WARN,Medium,P1,PLATFORM,Weak permission guard on exported activity alias,[],"{""detail"": ""Activity Alias org.telegram.ui.CallsActivity uses android.permission.CALL_PHONE (protectionLevel=dangerous), which is insufficient for exported components.""}",Protect the component with a signature-level permission or mark it non-exported.,,,PLATFORM,ipc_components,,,9fa9f32d5ea08c713a83f02ca00f6e4dd09614ade77cac832d72b1c8533152f4,2026-07-09 11:22:00,PLATFORM,
226683,6302,ipc_activity_open_org.telegram.ui.ShareActivity,WARN,Medium,P1,PLATFORM,Exported activity without permission,[],"{""detail"": ""Activity org.telegram.ui.ShareActivity is exported but does not declare android:permission.""}",Restrict the component with signature-level permissions or mark it non-exported unless explicitly required.,BASE-IPC-COMP-NO-ACL,8.0,PLATFORM,ipc_components,,,497d4cc1587155c5eba05fca9faf05fe0cd6488bee1acaca04f90197e5fa1a37,2026-07-09 11:22:00,PLATFORM,PLATFORM-IPC-1
226684,6302,ipc_activity_open_org.telegram.ui.ExternalActionActivity,WARN,Medium,P1,PLATFORM,Exported activity without permission,[],"{""detail"": ""Activity org.telegram.ui.ExternalActionActivity is exported but does not declare android:permission.""}",Restrict the component with signature-level permissions or mark it non-exported unless explicitly required.,BASE-IPC-COMP-NO-ACL,8.0,PLATFORM,ipc_components,,,421bd78ddbeef0eac0e43bc05dbc048f04c7a52ec285920136649d0a6c60e92f,2026-07-09 11:22:00,PLATFORM,PLATFORM-IPC-1
226685,6302,ipc_activity_open_org.telegram.ui.ChatsWidgetConfigActivity,WARN,Medium,P1,PLATFORM,Exported activity without permission,[],"{""detail"": ""Activity org.telegram.ui.ChatsWidgetConfigActivity is exported but does not declare android:permission.""}",Restrict the component with signature-level permissions or mark it non-exported unless explicitly required.,BASE-IPC-COMP-NO-ACL,8.0,PLATFORM,ipc_components,,,5dc6301456bd2c451f5c97d53e8900aa1e97d98fcfe770262c24878760320e4d,2026-07-09 11:22:00,PLATFORM,PLATFORM-IPC-1
226686,6302,ipc_activity_open_org.telegram.ui.ContactsWidgetConfigActivity,WARN,Medium,P1,PLATFORM,Exported activity without permission,[],"{""detail"": ""Activity org.telegram.ui.ContactsWidgetConfigActivity is exported but does not declare android:permission.""}",Restrict the component with signature-level permissions or mark it non-exported unless explicitly required.,BASE-IPC-COMP-NO-ACL,8.0,PLATFORM,ipc_components,,,e1420c91f048dd803c5c8b490984dca86354d7bba4cdec3e808f70e3648e2298,2026-07-09 11:22:00,PLATFORM,PLATFORM-IPC-1
226687,6302,ipc_activity_open_org.telegram.messenger.OpenChatReceiver,WARN,Medium,P1,PLATFORM,Exported activity without permission,[],"{""detail"": ""Activity org.telegram.messenger.OpenChatReceiver is exported but does not declare android:permission.""}",Restrict the component with signature-level permissions or mark it non-exported unless explicitly required.,BASE-IPC-COMP-NO-ACL,8.0,PLATFORM,ipc_components,,,07291cf47738c36994ee07c4ec0ec79edfff1b7b5f7b401d2df656a08419baf8,2026-07-09 11:22:00,PLATFORM,PLATFORM-IPC-1
226688,6302,ipc_activity_open_org.telegram.messenger.OpenAttachedMenuBotReceiver,WARN,Medium,P1,PLATFORM,Exported activity without permission,[],"{""detail"": ""Activity org.telegram.messenger.OpenAttachedMenuBotReceiver is exported but does not declare android:permission.""}",Restrict the component with signature-level permissions or mark it non-exported unless explicitly required.,BASE-IPC-COMP-NO-ACL,8.0,PLATFORM,ipc_components,,,b3503417986b3950ae2cba086ed54a34a97cf39607f4fde35853dd1a3344220d,2026-07-09 11:22:00,PLATFORM,PLATFORM-IPC-1
226689,6302,ipc_receiver_open_org.telegram.messenger.SmsReceiver,WARN,Medium,P1,PLATFORM,Exported receiver without permission,[],"{""detail"": ""Receiver org.telegram.messenger.SmsReceiver is exported but does not declare android:permission.""}",Restrict the component with signature-level permissions or mark it non-exported unless explicitly required.,BASE-IPC-COMP-NO-ACL,8.0,PLATFORM,ipc_components,,,f2d2065cbe2cb805a0c5a0eb993f4375fcc02e0a06a3e2eec648ef2f4f15c3bb,2026-07-09 11:22:00,PLATFORM,PLATFORM-IPC-1
226690,6302,ipc_service_open_org.telegram.messenger.AuthenticatorService,WARN,Medium,P1,PLATFORM,Exported service without permission,[],"{""detail"": ""Service org.telegram.messenger.AuthenticatorService is exported but does not declare android:permission.""}",Restrict the component with signature-level permissions or mark it non-exported unless explicitly required.,BASE-IPC-COMP-NO-ACL,8.0,PLATFORM,ipc_components,,,ab6558c85105d18fb191a1878e5feceeb9bdc4f1233405e819099cc005094629,2026-07-09 11:22:00,PLATFORM,PLATFORM-IPC-1
226691,6302,ipc_service_open_org.telegram.messenger.ContactsSyncAdapterService,WARN,Medium,P1,PLATFORM,Exported service without permission,[],"{""detail"": ""Service org.telegram.messenger.ContactsSyncAdapterService is exported but does not declare android:permission.""}",Restrict the component with signature-level permissions or mark it non-exported unless explicitly required.,BASE-IPC-COMP-NO-ACL,8.0,PLATFORM,ipc_components,,,ed6108dddbeaa4ea3447022330029a0d9809f8ed454409b19c7ff35c1fe6e13c,2026-07-09 11:22:00,PLATFORM,PLATFORM-IPC-1
226692,6302,ipc_service_open_org.telegram.messenger.BringAppForegroundService,WARN,Medium,P1,PLATFORM,Exported service without permission,[],"{""detail"": ""Service org.telegram.messenger.BringAppForegroundService is exported but does not declare android:permission.""}",Restrict the component with signature-level permissions or mark it non-exported unless explicitly required.,BASE-IPC-COMP-NO-ACL,8.0,PLATFORM,ipc_components,,,5d450442e7d983fcda61c33054ef7e2bcdc4adf1b2130a8fa0344e29435a361a,2026-07-09 11:22:00,PLATFORM,PLATFORM-IPC-1
226693,6302,ipc_service_open_org.telegram.messenger.NotificationsService,WARN,Medium,P1,PLATFORM,Exported service without permission,[],"{""detail"": ""Service org.telegram.messenger.NotificationsService is exported but does not declare android:permission.""}",Restrict the component with signature-level permissions or mark it non-exported unless explicitly required.,BASE-IPC-COMP-NO-ACL,8.0,PLATFORM,ipc_components,,,944ad317d2f46e3ff366c0b8ff604369163753cbbdb0d3ea34cfc0ed7071e886,2026-07-09 11:22:00,PLATFORM,PLATFORM-IPC-1
226694,6302,ipc_service_open_org.telegram.messenger.VideoEncodingService,WARN,Medium,P1,PLATFORM,Exported service without permission,[],"{""detail"": ""Service org.telegram.messenger.VideoEncodingService is exported but does not declare android:permission.""}",Restrict the component with signature-level permissions or mark it non-exported unless explicitly required.,BASE-IPC-COMP-NO-ACL,8.0,PLATFORM,ipc_components,,,d7202f540f94f90d107dad344e0fee6afae6b75727638b0dde62b161f8e25c89,2026-07-09 11:22:00,PLATFORM,PLATFORM-IPC-1
226695,6302,ipc_service_open_org.telegram.ui.Stories.recorder.StoryUploadingService,WARN,Medium,P1,PLATFORM,Exported service without permission,[],"{""detail"": ""Service org.telegram.ui.Stories.recorder.StoryUploadingService is exported but does not declare android:permission.""}",Restrict the component with signature-level permissions or mark it non-exported unless explicitly required.,BASE-IPC-COMP-NO-ACL,8.0,PLATFORM,ipc_components,,,d1b617a0442ff47543ef1c84eb222dddd78a332ec803b80c6a20a6b5c5b767ce,2026-07-09 11:22:00,PLATFORM,PLATFORM-IPC-1
226696,6302,ipc_service_open_org.telegram.messenger.ImportingService,WARN,Medium,P1,PLATFORM,Exported service without permission,[],"{""detail"": ""Service org.telegram.messenger.ImportingService is exported but does not declare android:permission.""}",Restrict the component with signature-level permissions or mark it non-exported unless explicitly required.,BASE-IPC-COMP-NO-ACL,8.0,PLATFORM,ipc_components,,,3ad56362b3edf8e6e5283e4fdc098115c14fc5bdbc27a570b3d2a1ce97f881fd,2026-07-09 11:22:00,PLATFORM,PLATFORM-IPC-1
226697,6302,ipc_service_open_org.telegram.messenger.LocationSharingService,WARN,Medium,P1,PLATFORM,Exported service without permission,[],"{""detail"": ""Service org.telegram.messenger.LocationSharingService is exported but does not declare android:permission.""}",Restrict the component with signature-level permissions or mark it non-exported unless explicitly required.,BASE-IPC-COMP-NO-ACL,8.0,PLATFORM,ipc_components,,,9480881f35d5e6d007d0a55e853b8df70b651941b00fce5e1ee9d383099d6eb1,2026-07-09 11:22:00,PLATFORM,PLATFORM-IPC-1
226698,6302,ipc_service_open_org.telegram.messenger.MusicPlayerService,WARN,Medium,P1,PLATFORM,Exported service without permission,[],"{""detail"": ""Service org.telegram.messenger.MusicPlayerService is exported but does not declare android:permission.""}",Restrict the component with signature-level permissions or mark it non-exported unless explicitly required.,BASE-IPC-COMP-NO-ACL,8.0,PLATFORM,ipc_components,,,186a17100f1aa135ba4dc01adcfd5ccfbbd9d8e72a85a4908ab8658611e51d99,2026-07-09 11:22:00,PLATFORM,PLATFORM-IPC-1
226699,6302,ipc_service_open_org.telegram.messenger.MusicBrowserService,WARN,Medium,P1,PLATFORM,Exported service without permission,[],"{""detail"": ""Service org.telegram.messenger.MusicBrowserService is exported but does not declare android:permission.""}",Restrict the component with signature-level permissions or mark it non-exported unless explicitly required.,BASE-IPC-COMP-NO-ACL,8.0,PLATFORM,ipc_components,,,9e2c7894d2cda9a4578a25e2a184e62c4e26486fe281f6427ee9eb319f7062fd,2026-07-09 11:22:00,PLATFORM,PLATFORM-IPC-1
226700,6302,ipc_service_permission_org.telegram.messenger.voip.TelegramConnectionService,INFO,Low,P2,PLATFORM,Exported service gated by android.permission.BIND_TELECOM_CONNECTION_SERVICE,[],"{""detail"": ""Exported service relies on android.permission.BIND_TELECOM_CONNECTION_SERVICE (protectionLevel=signature/privileged).""}",Document the permission contract and monitor for unexpected callers.,BASE-IPC-EXPORTED-WITH-PERM,2.5,PLATFORM,ipc_components,,,7a45fc21bd8fdd8b769d284d30bf894cd5d50227f985ba708b632b5de11cbe43,2026-07-09 11:22:00,PLATFORM,PLATFORM-IPC-1
226701,6302,ipc_receiver_weak_permission_org.telegram.messenger.RefererReceiver,WARN,Medium,P1,PLATFORM,Weak permission guard on exported receiver,[],"{""detail"": ""Receiver org.telegram.messenger.RefererReceiver uses android.permission.INSTALL_PACKAGES (protectionLevel=unspecified), which is insufficient for exported components.""}",Protect the component with a signature-level permission or mark it non-exported.,,,PLATFORM,ipc_components,,,d84587cb129eabc2739202fb4fe4c6a404e07ab74c851536966e5b9cd3198203,2026-07-09 11:22:00,PLATFORM,
226702,6302,ipc_service_open_org.telegram.messenger.WearAuthListenerService,WARN,Medium,P1,PLATFORM,Exported service without permission,[],"{""detail"": ""Service org.telegram.messenger.WearAuthListenerService is exported but does not declare android:permission.""}",Restrict the component with signature-level permissions or mark it non-exported unless explicitly required.,BASE-IPC-COMP-NO-ACL,8.0,PLATFORM,ipc_components,,,554b096cac05cd8d84f5f7576811837bce5a94185967d6d09a4bafaa40097492,2026-07-09 11:22:00,PLATFORM,PLATFORM-IPC-1
226703,6302,ipc_provider_world_org.telegram.messenger.voip.CallNotificationSoundProvider,FAIL,High,P0,PLATFORM,Exported provider without permission — org.telegram.messenger.voip.CallNotificationSoundProvider,[],"{""detail"": ""Content provider is exported without read/write permissions, allowing external processes to query data.""}",Declare readPermission and writePermission or mark the provider as private (exported=false).,,,PLATFORM,ipc_components,,,9bb8ae3667321fbe39616893b95b97154d6d6f2cdd2b48d542d1149201abc5a7,2026-07-09 11:22:00,PLATFORM,
226704,6302,ipc_service_permission_androidx.sharetarget.ChooserTargetServiceCompat,INFO,Low,P2,PLATFORM,Exported service gated by android.permission.BIND_CHOOSER_TARGET_SERVICE,[],"{""detail"": ""Exported service relies on android.permission.BIND_CHOOSER_TARGET_SERVICE (protectionLevel=signature).""}",Document the permission contract and monitor for unexpected callers.,BASE-IPC-EXPORTED-WITH-PERM,2.5,PLATFORM,ipc_components,,,0af190b7447fa2820edab5cc6b0eb777639827f2aa3d63080f8ba09da26beec8,2026-07-09 11:22:00,PLATFORM,PLATFORM-IPC-1
226705,6302,ipc_receiver_weak_permission_com.google.firebase.iid.FirebaseInstanceIdReceiver,WARN,Medium,P1,PLATFORM,Weak permission guard on exported receiver,[],"{""detail"": ""Receiver com.google.firebase.iid.FirebaseInstanceIdReceiver uses com.google.android.c2dm.permission.SEND (protectionLevel=unspecified), which is insufficient for exported components.""}",Protect the component with a signature-level permission or mark it non-exported.,,,PLATFORM,ipc_components,,,801a80d1d4bf8adabab2d6125f2ede620061207fdfa45b7458a8fc4129d8acec,2026-07-09 11:22:00,PLATFORM,
226706,6302,ipc_service_weak_permission_com.google.android.gms.auth.api.signin.RevocationBoundService,WARN,Medium,P1,PLATFORM,Weak permission guard on exported service,[],"{""detail"": ""Service com.google.android.gms.auth.api.signin.RevocationBoundService uses com.google.android.gms.auth.api.signin.permission.REVOCATION_NOTIFICATION (protectionLevel=unspecified), which is insufficient for exported components.""}",Protect the component with a signature-level permission or mark it non-exported.,,,PLATFORM,ipc_components,,,333620b6726a9959216b7d765dc48d0cdfd4b817f914fe21914e4a734b970792,2026-07-09 11:22:00,PLATFORM,
226707,6302,ipc_receiver_weak_permission_androidx.profileinstaller.ProfileInstallReceiver,WARN,Medium,P1,PLATFORM,Weak permission guard on exported receiver,[],"{""detail"": ""Receiver androidx.profileinstaller.ProfileInstallReceiver uses android.permission.DUMP (protectionLevel=unspecified), which is insufficient for exported components.""}",Protect the component with a signature-level permission or mark it non-exported.,,,PLATFORM,ipc_components,,,a1011e55cd81e1a5efa21cd3531f8f576789e1e4757a87011b59740f80197b8d,2026-07-09 11:22:00,PLATFORM,
226708,6302,provider_world_org.telegram.messenger.voip.CallNotificationSoundProvider,FAIL,High,P0,PLATFORM,Exported provider without ACL — org.telegram.messenger.voip.CallNotificationSoundProvider,[],"{""detail"": ""Exported provider lacks read/write permissions; content is globally accessible to other apps.""}",Set readPermission/writePermission or mark the provider private.,,,PLATFORM,provider_acl,,,008494c2f7638393221f57d8441724a50de6390c1b5d5895af71896bd2330764,2026-07-09 11:22:00,PLATFORM,
226709,6302,domain_verification_missing_autoverify,WARN,Low,P2,PLATFORM,Browsable web link filters omit android:autoVerify,"[""app_links"", ""auto_verify"", ""deep_links""]","{""path"": ""/home/secadmin/Laughlin/GitHub/ScytaleDroid/data/store/apk/sha256/00/00f90f17c1ba4ff417db23c82177e3727957360fe4844d0ecaf525ff4e20fbb0.apk!AndroidManifest.xml::activity:org.telegram.ui.LaunchActivity#intent-filter[9]"", ""detail"": ""1 web link filter(s) handle http/https hosts without android:autoVerify, so Android cannot verify domain ownership and may fall back to chooser-based routing."", ""entries"": [{""description"": ""activity org.telegram.ui.LaunchActivity"", ""location"": ""/home/secadmin/Laughlin/GitHub/ScytaleDroid/data/store/apk/sha256/00/00f90f17c1ba4ff417db23c82177e3727957360fe4844d0ecaf525ff4e20fbb0.apk!AndroidManifest.xml::activity:org.telegram.ui.LaunchActivity#intent-filter[9]""}]}","Add android:autoVerify=""true"" to supported HTTPS host filters and publish matching Digital Asset Links statements at https://<host>/.well-known/assetlinks.json.",,,PLATFORM,domain_verification,,,54188dc887c168122266459646b51ad77aca8e058ef5a55644c90c1c021ffb5a,2026-07-09 11:22:00,PLATFORM,
226710,6302,storage_allow_backup,WARN,Medium,P1,STORAGE,Application allows Android backup,[],"{""detail"": ""android:allowBackup is true; user data may leak via adb backup.""}",Disable backups or provide custom BackupAgent filtering secrets.,,,STORAGE,storage_backup,,,b9cd119277283edf2e7f596f5768300bcfef5ff9148da23ee73f1590fd01c6ce,2026-07-09 11:22:00,STORAGE,
226711,6302,storage_legacy_external,WARN,Medium,P1,STORAGE,Legacy external storage requested,[],"{""detail"": ""requestLegacyExternalStorage=true keeps scoped storage disabled.""}",Adopt scoped storage or justify legacy flag for backwards compatibility.,BASE-STO-LEGACY,3.9,STORAGE,storage_backup,,,cec868bb8d34b55d4d2efee6ea48714483e7f1ede6c5bd058d5a325bbf6b7f80,2026-07-09 11:22:00,STORAGE,STORAGE-2
226712,6302,storage_sensitive_keys,INFO,Low,P2,STORAGE,Potential sensitive preference keys,[],"{""path"": ""/home/secadmin/Laughlin/GitHub/ScytaleDroid/data/store/apk/sha256/00/00f90f17c1ba4ff417db23c82177e3727957360fe4844d0ecaf525ff4e20fbb0.apk!string[resources.arsc]"", ""detail"": ""Keys referencing tokens/secrets detected in resources or code."", ""entries"": [{""description"": ""Potential sensitive key 'Secret chat'"", ""hash_short"": ""#h:4ff05f88"", ""location"": ""/home/secadmin/Laughlin/GitHub/ScytaleDroid/data/store/apk/sha256/00/00f90f17c1ba4ff417db23c82177e3727957360fe4844d0ecaf525ff4e20fbb0.apk!string[resources.arsc]""}, {""description"": ""Potential sensitive key 'Accept Secret Chats'"", ""hash_short"": ""#h:328ede65"", ""location"": ""/home/secadmin/Laughlin/GitHub/ScytaleDroid/data/store/apk/sha256/00/00f90f17c1ba4ff417db23c82177e3727957360fe4844d0ecaf525ff4e20fbb0.apk!string[resources.arsc]""}, {""description"": ""Potential sensitive key 'Use this device for Secret Chats'"", ""hash_short"": ""#h:e934962f"", ""location"": ""/home/secadmin/Laughlin/GitHub/ScytaleDroid/data/store/apk/sha256/00/00f90f17c1ba4ff417db23c82177e3727957360fe4844d0ecaf525ff4e20fbb0.apk!string[resources.arsc]""}, {""description"": ""Potential sensitive key 'Are you sure you want to clear your secr'"", ""hash_short"": ""#h:c3b3e8f7"", ""location"": ""/home/secadmin/Laughlin/GitHub/ScytaleDroid/data/store/apk/sha256/00/00f90f17c1ba4ff417db23c82177e3727957360fe4844d0ecaf525ff4e20fbb0.apk!string[resources.arsc]""}, {""description"": ""Potential sensitive key 'Are you sure you want to delete the secr'"", ""hash_short"": ""#h:56d93a82"", ""location"": ""/home/secadmin/Laughlin/GitHub/ScytaleDroid/data/store/apk/sha256/00/00f90f17c1ba4ff417db23c82177e3727957360fe4844d0ecaf525ff4e20fbb0.apk!string[resources.arsc]""}]}",Ensure sensitive tokens are encrypted or stored within Android Keystore-backed preferences.,,,STORAGE,storage_backup,,,1459bcae78e2d551e27af8b3080aa3c79b2395dff6d560778faf2199a666143a,2026-07-09 11:22:00,STORAGE,
226713,6302,dfir_permission_hypothesis,INFO,Info,NOTE,PRIVACY,Permissions imply sensitive runtime stores,[],"{""detail"": ""Dangerous permissions map to likely on-device data locations.""}",Plan minimal adb pulls to validate the presence of these artefacts after dynamic testing.,,,PRIVACY,dfir_hints,,,636d01ce20e111541057203bd363f5e2cdb7bd0ab2b7842a4e8d2a47d12c2fbd,2026-07-09 11:22:00,PRIVACY,
226714,6302,sdk_inventory_tracker_network_overlap,INFO,Info,NOTE,NETWORK,Endpoint overlap with tracker network reference intel,"[""sdk_inventory"", ""tracker_intel"", ""network_overlap""]","{""path"": ""resources.arsc@na"", ""detail"": ""3 tracker reference entries overlapped root domains from extracted HTTP(S) strings. This indicates contextual network similarity, not confirmed tracking behavior."", ""entries"": [{""description"": ""Endpoint root-domain overlapping tracker network signature"", ""hash_short"": ""fdf69e54"", ""location"": ""resources.arsc@na""}, {""description"": ""Endpoint root-domain overlapping tracker network signature"", ""hash_short"": ""fdf69e54"", ""location"": ""resources.arsc@na""}]}",,,,NETWORK,sdk_inventory,,,e417764632b362964a7be0af9d083012f87d03df92bbda1ae7044c912aa0b311,2026-07-09 11:22:00,NETWORK,
226715,6302,risk_profile,WARN,High,P0,OTHER,Correlation priority — Critical,"[""risk_profile_downgraded""]","{""detail"": ""Correlation priority score 4734 (Critical); synthetic prioritization signal.""}",Prioritise remediation of the contributing findings that raised this synthetic priority score.,,,OTHER,correlation_engine,,,6c0a4d9d451872606f0f4280cb93435ce45d773ee8d8fb986bc08585f751edb4,2026-07-09 11:22:00,OTHER,
226716,6303,manifest_exported_weak_guards,WARN,Medium,P1,PLATFORM,Exported components use weak guards,[],"{""path"": ""/home/secadmin/Laughlin/GitHub/ScytaleDroid/data/store/apk/sha256/8f/8fc3e7fc86a617ea451f93aca68e6120f24a43930e80b197a3793ad1c727deff.apk!AndroidManifest.xml"", ""detail"": ""Exported components rely on normal/dangerous permissions or no guard at all: androidx.core.telecom.internal.MuteStateReceiver, androidx.media.session.MediaButtonReceiver, androidx.profileinstaller.ProfileInstallReceiver, com.google.android.gms.auth.api...."", ""entries"": [{""description"": ""component@permission"", ""location"": ""/home/secadmin/Laughlin/GitHub/ScytaleDroid/data/store/apk/sha256/8f/8fc3e7fc86a617ea451f93aca68e6120f24a43930e80b197a3793ad1c727deff.apk!AndroidManifest.xml""}]}",Protect exported components with signature-level permissions or mark them non-exported.,,,PLATFORM,manifest_baseline,,,066ac85981ddc494eda0b5ddd82a3f157fd1eb5a107bd4c6e46aae5a2cd289ce,2026-07-09 11:22:09,PLATFORM,
226717,6303,manifest_backup_and_exports,WARN,Medium,P1,STORAGE,Backup plus exported weak components,[],"{""path"": ""/home/secadmin/Laughlin/GitHub/ScytaleDroid/data/store/apk/sha256/8f/8fc3e7fc86a617ea451f93aca68e6120f24a43930e80b197a3793ad1c727deff.apk!AndroidManifest.xml"", ""detail"": ""android:allowBackup is enabled while exported components lack strong permission guards (androidx.core.telecom.internal.MuteStateReceiver, androidx.media.session.MediaButtonReceiver, androidx.profileinstaller.ProfileInstallReceiver, com.google.android.gm..."", ""entries"": [{""description"": ""application@allowBackup"", ""location"": ""/home/secadmin/Laughlin/GitHub/ScytaleDroid/data/store/apk/sha256/8f/8fc3e7fc86a617ea451f93aca68e6120f24a43930e80b197a3793ad1c727deff.apk!AndroidManifest.xml""}]}",Disable auto-backup or harden exported components with signature-level permissions.,,,STORAGE,manifest_baseline,,,4fd3ad6cc9b826c1a8f566324d8c5802098b1998ba54c10178ba1b41c99500b6,2026-07-09 11:22:09,STORAGE,
226718,6303,manifest_backup_enabled,WARN,Medium,P1,STORAGE,Auto-backup enabled,[],"{""path"": ""/home/secadmin/Laughlin/GitHub/ScytaleDroid/data/store/apk/sha256/8f/8fc3e7fc86a617ea451f93aca68e6120f24a43930e80b197a3793ad1c727deff.apk!AndroidManifest.xml"", ""detail"": ""Application data can be exported via Android's backup channel (android:allowBackup not set to false)."", ""entries"": [{""description"": ""application@allowBackup"", ""location"": ""/home/secadmin/Laughlin/GitHub/ScytaleDroid/data/store/apk/sha256/8f/8fc3e7fc86a617ea451f93aca68e6120f24a43930e80b197a3793ad1c727deff.apk!AndroidManifest.xml""}]}",Set android:allowBackup=false or provide an explicit backup configuration that excludes sensitive data.,,,STORAGE,manifest_baseline,,,8c5b0bcec865855ed371a6a40da4e10c9493c481b869079d72312191c262af5d,2026-07-09 11:22:09,STORAGE,
226719,6303,manifest_custom_permissions_review,INFO,Low,P2,PLATFORM,Review custom permission protection levels,[],"{""path"": ""/home/secadmin/Laughlin/GitHub/ScytaleDroid/data/store/apk/sha256/8f/8fc3e7fc86a617ea451f93aca68e6120f24a43930e80b197a3793ad1c727deff.apk!AndroidManifest.xml"", ""detail"": ""Custom permissions use uncommon protection levels: org.thoughtcrime.securesms.ACCESS_SECRETS, org.thoughtcrime.securesms.DYNAMIC_RECEIVER_NOT_EXPORTED_PERMISSION"", ""entries"": [{""description"": ""permission@protectionLevel"", ""location"": ""/home/secadmin/Laughlin/GitHub/ScytaleDroid/data/store/apk/sha256/8f/8fc3e7fc86a617ea451f93aca68e6120f24a43930e80b197a3793ad1c727deff.apk!AndroidManifest.xml""}]}",Verify the custom protection levels only grant access to trusted callers.,,,PLATFORM,manifest_baseline,,,060104e693ba0381fb25bdfa9bbdad5f91630e7b2fff4de10525574b312cac6c,2026-07-09 11:22:09,PLATFORM,
226720,6303,manifest_task_affinity_custom,INFO,Low,P2,PLATFORM,Custom task affinities present,[],"{""path"": ""/home/secadmin/Laughlin/GitHub/ScytaleDroid/data/store/apk/sha256/8f/8fc3e7fc86a617ea451f93aca68e6120f24a43930e80b197a3793ad1c727deff.apk!AndroidManifest.xml"", ""detail"": ""Components override the default task affinity: org.thoughtcrime.securesms.components.webrtc.v2.WebRtcCallActivity→.calling, org.thoughtcrime.securesms.sharing.v2.ShareActivity→<empty>, org.thoughtcrime.securesms.conversation.ConversationPopupActivity→<e..."", ""entries"": [{""description"": ""component@taskAffinity"", ""location"": ""/home/secadmin/Laughlin/GitHub/ScytaleDroid/data/store/apk/sha256/8f/8fc3e7fc86a617ea451f93aca68e6120f24a43930e80b197a3793ad1c727deff.apk!AndroidManifest.xml""}]}",Ensure custom task affinities are required and do not leak activities into other apps.,,,PLATFORM,manifest_baseline,,,11d4c4af1d023ac42939f154aede30930aa7736284324a531b71b440462482ab,2026-07-09 11:22:09,PLATFORM,
226721,6303,ipc_activity_open_org.thoughtcrime.securesms.DeviceProvisioningActivity,WARN,Medium,P1,PLATFORM,Exported activity without permission,[],"{""detail"": ""Activity org.thoughtcrime.securesms.DeviceProvisioningActivity is exported but does not declare android:permission.""}",Restrict the component with signature-level permissions or mark it non-exported unless explicitly required.,BASE-IPC-COMP-NO-ACL,8.0,PLATFORM,ipc_components,,,081fa9ab4e7d1d3adb29a71e80355b1a90bbeaf555c6cc44eb1069096fb16483,2026-07-09 11:22:09,PLATFORM,PLATFORM-IPC-1
226722,6303,ipc_activity_open_org.thoughtcrime.securesms.sharing.v2.ShareActivity,WARN,Medium,P1,PLATFORM,Exported activity without permission,[],"{""detail"": ""Activity org.thoughtcrime.securesms.sharing.v2.ShareActivity is exported but does not declare android:permission.""}",Restrict the component with signature-level permissions or mark it non-exported unless explicitly required.,BASE-IPC-COMP-NO-ACL,8.0,PLATFORM,ipc_components,,,66a49d72a6a5ebfc5ab0f1573cb9998f779426927683ef39ba2cf43564830de9,2026-07-09 11:22:09,PLATFORM,PLATFORM-IPC-1
226723,6303,ipc_activity_open_org.thoughtcrime.securesms.stickers.preview.StickerPackPreviewActivity,WARN,Medium,P1,PLATFORM,Exported activity without permission,[],"{""detail"": ""Activity org.thoughtcrime.securesms.stickers.preview.StickerPackPreviewActivity is exported but does not declare android:permission.""}",Restrict the component with signature-level permissions or mark it non-exported unless explicitly required.,BASE-IPC-COMP-NO-ACL,8.0,PLATFORM,ipc_components,,,8c1cf8f34a36e1a3c112e5902178586eccb466b5f1a6e7a1b4c7d8b8ede3db63,2026-07-09 11:22:09,PLATFORM,PLATFORM-IPC-1
226724,6303,ipc_activity_open_org.thoughtcrime.securesms.deeplinks.DeepLinkEntryActivity,WARN,Medium,P1,PLATFORM,Exported activity without permission,[],"{""detail"": ""Activity org.thoughtcrime.securesms.deeplinks.DeepLinkEntryActivity is exported but does not declare android:permission.""}",Restrict the component with signature-level permissions or mark it non-exported unless explicitly required.,BASE-IPC-COMP-NO-ACL,8.0,PLATFORM,ipc_components,,,35d601eb07e3900829a7bfd1807b74f9d1d18ee658311a772dcb4fcd8bd9fb8c,2026-07-09 11:22:09,PLATFORM,PLATFORM-IPC-1
226725,6303,ipc_activity_open_org.thoughtcrime.securesms.components.settings.app.AppSettingsActivity,WARN,Medium,P1,PLATFORM,Exported activity without permission,[],"{""detail"": ""Activity org.thoughtcrime.securesms.components.settings.app.AppSettingsActivity is exported but does not declare android:permission.""}",Restrict the component with signature-level permissions or mark it non-exported unless explicitly required.,BASE-IPC-COMP-NO-ACL,8.0,PLATFORM,ipc_components,,,1b84c737a449990ba2c7f4e0b11c6cc261f6874b5edba8fc8c83c17f24a45674,2026-07-09 11:22:09,PLATFORM,PLATFORM-IPC-1
226726,6303,ipc_activity_open_org.thoughtcrime.securesms.SystemContactsEntrypointActivity,WARN,Medium,P1,PLATFORM,Exported activity without permission,[],"{""detail"": ""Activity org.thoughtcrime.securesms.SystemContactsEntrypointActivity is exported but does not declare android:permission.""}",Restrict the component with signature-level permissions or mark it non-exported unless explicitly required.,BASE-IPC-COMP-NO-ACL,8.0,PLATFORM,ipc_components,,,1f66d1e882b37cb301c9d5ca5eb57284e4b6be5d0c2400a611896b4856c0b4f1,2026-07-09 11:22:09,PLATFORM,PLATFORM-IPC-1
226727,6303,ipc_activity_weak_permission_org.thoughtcrime.securesms.webrtc.VoiceCallShare,WARN,Medium,P1,PLATFORM,Weak permission guard on exported activity,[],"{""detail"": ""Activity org.thoughtcrime.securesms.webrtc.VoiceCallShare uses android.permission.CALL_PHONE (protectionLevel=dangerous), which is insufficient for exported components.""}",Protect the component with a signature-level permission or mark it non-exported.,,,PLATFORM,ipc_components,,,26b167a62f6aa28e64ebf23be92f4af52255a547a0c568bd36c4ab1d549315b7,2026-07-09 11:22:09,PLATFORM,
226728,6303,ipc_activity_open_org.thoughtcrime.securesms.ShortcutLauncherActivity,WARN,Medium,P1,PLATFORM,Exported activity without permission,[],"{""detail"": ""Activity org.thoughtcrime.securesms.ShortcutLauncherActivity is exported but does not declare android:permission.""}",Restrict the component with signature-level permissions or mark it non-exported unless explicitly required.,BASE-IPC-COMP-NO-ACL,8.0,PLATFORM,ipc_components,,,c400ec7316201c99aefeef2304c8b57b09b6222cfddd59ba5e25c1cd9c2262b2,2026-07-09 11:22:09,PLATFORM,PLATFORM-IPC-1
226729,6303,ipc_activity-alias_open_org.thoughtcrime.securesms.RoutingActivityAltWeather,WARN,Medium,P1,PLATFORM,Exported activity alias without permission,[],"{""detail"": ""Activity Alias org.thoughtcrime.securesms.RoutingActivityAltWeather is exported but does not declare android:permission.""}",Restrict the component with signature-level permissions or mark it non-exported unless explicitly required.,BASE-IPC-COMP-NO-ACL,8.0,PLATFORM,ipc_components,,,7d44cec3c550b7487fed0edabbffa3690d7a1bf1726577e007a6f0abcf1156f8,2026-07-09 11:22:09,PLATFORM,PLATFORM-IPC-1
226730,6303,ipc_activity-alias_open_org.thoughtcrime.securesms.RoutingActivityAltWaves,WARN,Medium,P1,PLATFORM,Exported activity alias without permission,[],"{""detail"": ""Activity Alias org.thoughtcrime.securesms.RoutingActivityAltWaves is exported but does not declare android:permission.""}",Restrict the component with signature-level permissions or mark it non-exported unless explicitly required.,BASE-IPC-COMP-NO-ACL,8.0,PLATFORM,ipc_components,,,8bf3bc8f142ba5aaf52fb72588d94ad6133d1b6f6c140f1b755dbf456ddc1587,2026-07-09 11:22:09,PLATFORM,PLATFORM-IPC-1
226731,6303,ipc_activity-alias_open_org.thoughtcrime.securesms.RoutingActivityAltWhite,WARN,Medium,P1,PLATFORM,Exported activity alias without permission,[],"{""detail"": ""Activity Alias org.thoughtcrime.securesms.RoutingActivityAltWhite is exported but does not declare android:permission.""}",Restrict the component with signature-level permissions or mark it non-exported unless explicitly required.,BASE-IPC-COMP-NO-ACL,8.0,PLATFORM,ipc_components,,,d0e516ce2aca645b739c55c0e621e254b9936cd86020f1a3a633b33dd71a9fe6,2026-07-09 11:22:09,PLATFORM,PLATFORM-IPC-1
226732,6303,ipc_activity-alias_open_org.thoughtcrime.securesms.RoutingActivityAltDarkVariant,WARN,Medium,P1,PLATFORM,Exported activity alias without permission,[],"{""detail"": ""Activity Alias org.thoughtcrime.securesms.RoutingActivityAltDarkVariant is exported but does not declare android:permission.""}",Restrict the component with signature-level permissions or mark it non-exported unless explicitly required.,BASE-IPC-COMP-NO-ACL,8.0,PLATFORM,ipc_components,,,cfd4a84871124bdbbefeafbcb439bccb536dfad90ed67f216f55eb815f2294ee,2026-07-09 11:22:09,PLATFORM,PLATFORM-IPC-1
226733,6303,ipc_activity-alias_open_org.thoughtcrime.securesms.RoutingActivityAltDark,WARN,Medium,P1,PLATFORM,Exported activity alias without permission,[],"{""detail"": ""Activity Alias org.thoughtcrime.securesms.RoutingActivityAltDark is exported but does not declare android:permission.""}",Restrict the component with signature-level permissions or mark it non-exported unless explicitly required.,BASE-IPC-COMP-NO-ACL,8.0,PLATFORM,ipc_components,,,79cb40cbf5918283c78daaefb8537d36efd45e6002622e7a1ec6bab3dbbbdcee,2026-07-09 11:22:09,PLATFORM,PLATFORM-IPC-1
226734,6303,ipc_activity-alias_open_org.thoughtcrime.securesms.RoutingActivityAltColor,WARN,Medium,P1,PLATFORM,Exported activity alias without permission,[],"{""detail"": ""Activity Alias org.thoughtcrime.securesms.RoutingActivityAltColor is exported but does not declare android:permission.""}",Restrict the component with signature-level permissions or mark it non-exported unless explicitly required.,BASE-IPC-COMP-NO-ACL,8.0,PLATFORM,ipc_components,,,352921653797eb391324e0d241333cd5015d21672687ee236ed0fddd62e7c5eb,2026-07-09 11:22:09,PLATFORM,PLATFORM-IPC-1
226735,6303,ipc_activity-alias_open_org.thoughtcrime.securesms.RoutingActivityAltNotes,WARN,Medium,P1,PLATFORM,Exported activity alias without permission,[],"{""detail"": ""Activity Alias org.thoughtcrime.securesms.RoutingActivityAltNotes is exported but does not declare android:permission.""}",Restrict the component with signature-level permissions or mark it non-exported unless explicitly required.,BASE-IPC-COMP-NO-ACL,8.0,PLATFORM,ipc_components,,,65d3185b115410618d09c5764163c44f05bd8a6f42aa652fe53225899ee621e8,2026-07-09 11:22:09,PLATFORM,PLATFORM-IPC-1
226736,6303,ipc_activity-alias_open_org.thoughtcrime.securesms.RoutingActivityAltNews,WARN,Medium,P1,PLATFORM,Exported activity alias without permission,[],"{""detail"": ""Activity Alias org.thoughtcrime.securesms.RoutingActivityAltNews is exported but does not declare android:permission.""}",Restrict the component with signature-level permissions or mark it non-exported unless explicitly required.,BASE-IPC-COMP-NO-ACL,8.0,PLATFORM,ipc_components,,,5e249e2ef728e684e699cf9b6da3f7a20f4407dbba995d8141a65e5a977e55dc,2026-07-09 11:22:09,PLATFORM,PLATFORM-IPC-1
226737,6303,ipc_activity-alias_open_org.thoughtcrime.securesms.RoutingActivityAltChat,WARN,Medium,P1,PLATFORM,Exported activity alias without permission,[],"{""detail"": ""Activity Alias org.thoughtcrime.securesms.RoutingActivityAltChat is exported but does not declare android:permission.""}",Restrict the component with signature-level permissions or mark it non-exported unless explicitly required.,BASE-IPC-COMP-NO-ACL,8.0,PLATFORM,ipc_components,,,b8d7061494d7012bb8d5acd3f1518e93085bc04b41f9289d7946e368b983aa2f,2026-07-09 11:22:09,PLATFORM,PLATFORM-IPC-1
226738,6303,ipc_activity-alias_open_org.thoughtcrime.securesms.RoutingActivityAltBubbles,WARN,Medium,P1,PLATFORM,Exported activity alias without permission,[],"{""detail"": ""Activity Alias org.thoughtcrime.securesms.RoutingActivityAltBubbles is exported but does not declare android:permission.""}",Restrict the component with signature-level permissions or mark it non-exported unless explicitly required.,BASE-IPC-COMP-NO-ACL,8.0,PLATFORM,ipc_components,,,0d1827ab64a311ac69e92c9d9896fb20b32828ecdc406b48c1b09402dbec01fd,2026-07-09 11:22:09,PLATFORM,PLATFORM-IPC-1
226739,6303,ipc_activity-alias_open_org.thoughtcrime.securesms.RoutingActivityAltYellow,WARN,Medium,P1,PLATFORM,Exported activity alias without permission,[],"{""detail"": ""Activity Alias org.thoughtcrime.securesms.RoutingActivityAltYellow is exported but does not declare android:permission.""}",Restrict the component with signature-level permissions or mark it non-exported unless explicitly required.,BASE-IPC-COMP-NO-ACL,8.0,PLATFORM,ipc_components,,,80d8d0ed8bf831c285e36c18bb35c0c56a70402ad02a9f193a71357b43402fbe,2026-07-09 11:22:09,PLATFORM,PLATFORM-IPC-1
226740,6303,ipc_activity-alias_open_org.thoughtcrime.securesms.RoutingActivity,WARN,Medium,P1,PLATFORM,Exported activity alias without permission,[],"{""detail"": ""Activity Alias org.thoughtcrime.securesms.RoutingActivity is exported but does not declare android:permission.""}",Restrict the component with signature-level permissions or mark it non-exported unless explicitly required.,BASE-IPC-COMP-NO-ACL,8.0,PLATFORM,ipc_components,,,b07828dc335d57be8c2db811c231371709ff580b625c1ad494dd2c80571e4c13,2026-07-09 11:22:09,PLATFORM,PLATFORM-IPC-1
226741,6303,ipc_service_open_org.thoughtcrime.securesms.components.voice.VoiceNotePlaybackService,WARN,Medium,P1,PLATFORM,Exported service without permission,[],"{""detail"": ""Service org.thoughtcrime.securesms.components.voice.VoiceNotePlaybackService is exported but does not declare android:permission.""}",Restrict the component with signature-level permissions or mark it non-exported unless explicitly required.,BASE-IPC-COMP-NO-ACL,8.0,PLATFORM,ipc_components,,,47d5b56d772bf5c0370d5ee4a7c0ddef51a1129ef170b0aa3be35986a3e1b252,2026-07-09 11:22:09,PLATFORM,PLATFORM-IPC-1
226742,6303,ipc_receiver_open_androidx.media.session.MediaButtonReceiver,WARN,Medium,P1,PLATFORM,Exported receiver without permission,[],"{""detail"": ""Receiver androidx.media.session.MediaButtonReceiver is exported but does not declare android:permission.""}",Restrict the component with signature-level permissions or mark it non-exported unless explicitly required.,BASE-IPC-COMP-NO-ACL,8.0,PLATFORM,ipc_components,,,8616f679bcef15b428dc7805cb8c2d8043bee980053f960d20582c8a8742894f,2026-07-09 11:22:09,PLATFORM,PLATFORM-IPC-1
226743,6303,ipc_service_open_org.thoughtcrime.securesms.service.AccountAuthenticatorService,WARN,Medium,P1,PLATFORM,Exported service without permission,[],"{""detail"": ""Service org.thoughtcrime.securesms.service.AccountAuthenticatorService is exported but does not declare android:permission.""}",Restrict the component with signature-level permissions or mark it non-exported unless explicitly required.,BASE-IPC-COMP-NO-ACL,8.0,PLATFORM,ipc_components,,,0660a7187a4260f81d3806e7d952c40821df893c4fce1aa87b1b796bd0fcd59c,2026-07-09 11:22:09,PLATFORM,PLATFORM-IPC-1
226744,6303,ipc_service_open_org.thoughtcrime.securesms.service.ContactsSyncAdapterService,WARN,Medium,P1,PLATFORM,Exported service without permission,[],"{""detail"": ""Service org.thoughtcrime.securesms.service.ContactsSyncAdapterService is exported but does not declare android:permission.""}",Restrict the component with signature-level permissions or mark it non-exported unless explicitly required.,BASE-IPC-COMP-NO-ACL,8.0,PLATFORM,ipc_components,,,6f4b12543200a98ce92783bd8fb27eb1b2485f92c1b02540b9378a3bd10d1bc9,2026-07-09 11:22:09,PLATFORM,PLATFORM-IPC-1
226745,6303,ipc_receiver_open_org.thoughtcrime.securesms.service.PanicResponderListener,WARN,Medium,P1,PLATFORM,Exported receiver without permission,[],"{""detail"": ""Receiver org.thoughtcrime.securesms.service.PanicResponderListener is exported but does not declare android:permission.""}",Restrict the component with signature-level permissions or mark it non-exported unless explicitly required.,BASE-IPC-COMP-NO-ACL,8.0,PLATFORM,ipc_components,,,e961b5441a34f17892155feac40b30b9dae7b511f8940edb6020232036d2101f,2026-07-09 11:22:09,PLATFORM,PLATFORM-IPC-1
226746,6303,ipc_service_weak_permission_com.google.android.gms.auth.api.signin.RevocationBoundService,WARN,Medium,P1,PLATFORM,Weak permission guard on exported service,[],"{""detail"": ""Service com.google.android.gms.auth.api.signin.RevocationBoundService uses com.google.android.gms.auth.api.signin.permission.REVOCATION_NOTIFICATION (protectionLevel=unspecified), which is insufficient for exported components.""}",Protect the component with a signature-level permission or mark it non-exported.,,,PLATFORM,ipc_components,,,333620b6726a9959216b7d765dc48d0cdfd4b817f914fe21914e4a734b970792,2026-07-09 11:22:09,PLATFORM,
226747,6303,ipc_receiver_weak_permission_com.google.firebase.iid.FirebaseInstanceIdReceiver,WARN,Medium,P1,PLATFORM,Weak permission guard on exported receiver,[],"{""detail"": ""Receiver com.google.firebase.iid.FirebaseInstanceIdReceiver uses com.google.android.c2dm.permission.SEND (protectionLevel=unspecified), which is insufficient for exported components.""}",Protect the component with a signature-level permission or mark it non-exported.,,,PLATFORM,ipc_components,,,801a80d1d4bf8adabab2d6125f2ede620061207fdfa45b7458a8fc4129d8acec,2026-07-09 11:22:09,PLATFORM,
226748,6303,ipc_receiver_open_androidx.core.telecom.internal.MuteStateReceiver,WARN,Medium,P1,PLATFORM,Exported receiver without permission,[],"{""detail"": ""Receiver androidx.core.telecom.internal.MuteStateReceiver is exported but does not declare android:permission.""}",Restrict the component with signature-level permissions or mark it non-exported unless explicitly required.,BASE-IPC-COMP-NO-ACL,8.0,PLATFORM,ipc_components,,,594a5224ef269bbcf4a3a213b8590b5894b586e28a3696e2ea749dc1c691c473,2026-07-09 11:22:09,PLATFORM,PLATFORM-IPC-1
226749,6303,ipc_service_permission_androidx.core.telecom.internal.JetpackConnectionService,INFO,Low,P2,PLATFORM,Exported service gated by android.permission.BIND_TELECOM_CONNECTION_SERVICE,[],"{""detail"": ""Exported service relies on android.permission.BIND_TELECOM_CONNECTION_SERVICE (protectionLevel=signature/privileged).""}",Document the permission contract and monitor for unexpected callers.,BASE-IPC-EXPORTED-WITH-PERM,2.5,PLATFORM,ipc_components,,,7a45fc21bd8fdd8b769d284d30bf894cd5d50227f985ba708b632b5de11cbe43,2026-07-09 11:22:09,PLATFORM,PLATFORM-IPC-1
226750,6303,ipc_service_permission_androidx.sharetarget.ChooserTargetServiceCompat,INFO,Low,P2,PLATFORM,Exported service gated by android.permission.BIND_CHOOSER_TARGET_SERVICE,[],"{""detail"": ""Exported service relies on android.permission.BIND_CHOOSER_TARGET_SERVICE (protectionLevel=signature).""}",Document the permission contract and monitor for unexpected callers.,BASE-IPC-EXPORTED-WITH-PERM,2.5,PLATFORM,ipc_components,,,0af190b7447fa2820edab5cc6b0eb777639827f2aa3d63080f8ba09da26beec8,2026-07-09 11:22:09,PLATFORM,PLATFORM-IPC-1
226751,6303,ipc_receiver_weak_permission_androidx.profileinstaller.ProfileInstallReceiver,WARN,Medium,P1,PLATFORM,Weak permission guard on exported receiver,[],"{""detail"": ""Receiver androidx.profileinstaller.ProfileInstallReceiver uses android.permission.DUMP (protectionLevel=unspecified), which is insufficient for exported components.""}",Protect the component with a signature-level permission or mark it non-exported.,,,PLATFORM,ipc_components,,,a1011e55cd81e1a5efa21cd3531f8f576789e1e4757a87011b59740f80197b8d,2026-07-09 11:22:09,PLATFORM,
226752,6303,storage_allow_backup,WARN,Medium,P1,STORAGE,Application allows Android backup,[],"{""detail"": ""android:allowBackup is true; user data may leak via adb backup.""}",Disable backups or provide custom BackupAgent filtering secrets.,,,STORAGE,storage_backup,,,b9cd119277283edf2e7f596f5768300bcfef5ff9148da23ee73f1590fd01c6ce,2026-07-09 11:22:09,STORAGE,
226753,6303,dfir_permission_hypothesis,INFO,Info,NOTE,PRIVACY,Permissions imply sensitive runtime stores,[],"{""detail"": ""Dangerous permissions map to likely on-device data locations.""}",Plan minimal adb pulls to validate the presence of these artefacts after dynamic testing.,,,PRIVACY,dfir_hints,,,636d01ce20e111541057203bd363f5e2cdb7bd0ab2b7842a4e8d2a47d12c2fbd,2026-07-09 11:22:09,PRIVACY,
226754,6303,crypto_md5_digest,WARN,Medium,P1,CRYPTO,MD5 message digest,"[""crypto"", ""md5_digest""]","{""path"": ""/home/secadmin/Laughlin/GitHub/ScytaleDroid/data/store/apk/sha256/8f/8fc3e7fc86a617ea451f93aca68e6120f24a43930e80b197a3793ad1c727deff.apk!string[res/raw/boost_smile.json]"", ""detail"": ""MD5 is collision-prone and unsuitable for integrity."", ""entries"": [{""description"": ""md5_digest → res/raw/boost_smile.json"", ""hash_short"": ""#h:e996294b"", ""location"": ""/home/secadmin/Laughlin/GitHub/ScytaleDroid/data/store/apk/sha256/8f/8fc3e7fc86a617ea451f93aca68e6120f24a43930e80b197a3793ad1c727deff.apk!string[res/raw/boost_smile.json]""}]}",Use SHA-256 or better message digests.,,,CRYPTO,crypto_hygiene,,,ad4516957156c6393a88416a2f4387a5951f54e38ff13df7b737069a93aaa8ae,2026-07-09 11:22:09,CRYPTO,
226755,6303,risk_profile,WARN,High,P0,OTHER,Correlation priority — Critical,"[""risk_profile_downgraded""]","{""detail"": ""Correlation priority score 3704 (Critical); synthetic prioritization signal.""}",Prioritise remediation of the contributing findings that raised this synthetic priority score.,,,OTHER,correlation_engine,,,ed66b3b4524b36a1eadf6faded7ec22a4c838dab4b05ad00818529f16704c0d4,2026-07-09 11:22:09,OTHER,
