package,dynamic_run_id,source,domain,count
bbc.mobile.news.ww,0d59f4ef-1a4e-4da3-88fa-4e8088939e46,top_dns,census-app.scorecardresearch.com,26
bbc.mobile.news.ww,0d59f4ef-1a4e-4da3-88fa-4e8088939e46,top_dns,ichef.bbci.co.uk,24
bbc.mobile.news.ww,0d59f4ef-1a4e-4da3-88fa-4e8088939e46,top_dns,api.live.bbcx-internal.com,22
bbc.mobile.news.ww,0d59f4ef-1a4e-4da3-88fa-4e8088939e46,top_dns,ctfx9v.inapps.appsflyersdk.com,10
bbc.mobile.news.ww,0d59f4ef-1a4e-4da3-88fa-4e8088939e46,top_dns,cdn.optimizely.com,8
bbc.mobile.news.ww,0d59f4ef-1a4e-4da3-88fa-4e8088939e46,top_dns,pub.doubleverify.com,8
bbc.mobile.news.ww,0d59f4ef-1a4e-4da3-88fa-4e8088939e46,top_dns,bbc-global-app.api.bbc.com,8
bbc.mobile.news.ww,0d59f4ef-1a4e-4da3-88fa-4e8088939e46,top_dns,a1.api.bbc.com,8
bbc.mobile.news.ww,0d59f4ef-1a4e-4da3-88fa-4e8088939e46,top_dns,googleads.g.doubleclick.net,8
bbc.mobile.news.ww,0d59f4ef-1a4e-4da3-88fa-4e8088939e46,top_dns,www.bbc.com,6
bbc.mobile.news.ww,0d59f4ef-1a4e-4da3-88fa-4e8088939e46,top_sni,api.permutive.app,36
bbc.mobile.news.ww,0d59f4ef-1a4e-4da3-88fa-4e8088939e46,top_sni,api.live.bbcx-internal.com,33
bbc.mobile.news.ww,0d59f4ef-1a4e-4da3-88fa-4e8088939e46,top_sni,census-app.scorecardresearch.com,22
bbc.mobile.news.ww,0d59f4ef-1a4e-4da3-88fa-4e8088939e46,top_sni,ichef.bbci.co.uk,18
bbc.mobile.news.ww,0d59f4ef-1a4e-4da3-88fa-4e8088939e46,top_sni,tpsc-ue1.doubleverify.com,11
bbc.mobile.news.ww,0d59f4ef-1a4e-4da3-88fa-4e8088939e46,top_sni,api.permutive.com,9
bbc.mobile.news.ww,0d59f4ef-1a4e-4da3-88fa-4e8088939e46,top_sni,pub.doubleverify.com,8
bbc.mobile.news.ww,0d59f4ef-1a4e-4da3-88fa-4e8088939e46,top_sni,googleads.g.doubleclick.net,8
bbc.mobile.news.ww,0d59f4ef-1a4e-4da3-88fa-4e8088939e46,top_sni,bbc-global-app.api.bbc.com,7
bbc.mobile.news.ww,0d59f4ef-1a4e-4da3-88fa-4e8088939e46,top_sni,ctfx9v.inapps.appsflyersdk.com,6
bbc.mobile.news.ww,21fbdaf6-39f7-446e-bc8b-cc542fda5597,top_dns,census-app.scorecardresearch.com,12
bbc.mobile.news.ww,21fbdaf6-39f7-446e-bc8b-cc542fda5597,top_dns,api.live.bbcx-internal.com,10
bbc.mobile.news.ww,21fbdaf6-39f7-446e-bc8b-cc542fda5597,top_dns,ctfx9v.inapps.appsflyersdk.com,8
bbc.mobile.news.ww,21fbdaf6-39f7-446e-bc8b-cc542fda5597,top_dns,tps.doubleverify.com,8
bbc.mobile.news.ww,21fbdaf6-39f7-446e-bc8b-cc542fda5597,top_dns,ichef.bbci.co.uk,8
bbc.mobile.news.ww,21fbdaf6-39f7-446e-bc8b-cc542fda5597,top_dns,bbc-global-app.api.bbc.com,6
bbc.mobile.news.ww,21fbdaf6-39f7-446e-bc8b-cc542fda5597,top_dns,a1.api.bbc.com,6
bbc.mobile.news.ww,21fbdaf6-39f7-446e-bc8b-cc542fda5597,top_dns,cdn.optimizely.com,4
bbc.mobile.news.ww,21fbdaf6-39f7-446e-bc8b-cc542fda5597,top_dns,www.bbc.com,4
bbc.mobile.news.ww,21fbdaf6-39f7-446e-bc8b-cc542fda5597,top_dns,elb.the-ozone-project.com,4
bbc.mobile.news.ww,21fbdaf6-39f7-446e-bc8b-cc542fda5597,top_sni,api.permutive.app,27
bbc.mobile.news.ww,21fbdaf6-39f7-446e-bc8b-cc542fda5597,top_sni,tpsc-ue1.doubleverify.com,23
bbc.mobile.news.ww,21fbdaf6-39f7-446e-bc8b-cc542fda5597,top_sni,googleads.g.doubleclick.net,18
bbc.mobile.news.ww,21fbdaf6-39f7-446e-bc8b-cc542fda5597,top_sni,census-app.scorecardresearch.com,17
bbc.mobile.news.ww,21fbdaf6-39f7-446e-bc8b-cc542fda5597,top_sni,api.live.bbcx-internal.com,12
bbc.mobile.news.ww,21fbdaf6-39f7-446e-bc8b-cc542fda5597,top_sni,tps.doubleverify.com,10
bbc.mobile.news.ww,21fbdaf6-39f7-446e-bc8b-cc542fda5597,top_sni,fonts.gstatic.com,8
bbc.mobile.news.ww,21fbdaf6-39f7-446e-bc8b-cc542fda5597,top_sni,rr3---sn-bvvbaxivnuxqjvhj5nu-hn2l.googlevideo.com,8
bbc.mobile.news.ww,21fbdaf6-39f7-446e-bc8b-cc542fda5597,top_sni,r4---sn-vgqsrn6y.c.2mdn.net,8
bbc.mobile.news.ww,21fbdaf6-39f7-446e-bc8b-cc542fda5597,top_sni,elb.the-ozone-project.com,6
bbc.mobile.news.ww,4c2becbc-4819-42b2-ae26-8d4b61dd90c8,top_dns,cdn.optimizely.com,4
bbc.mobile.news.ww,4c2becbc-4819-42b2-ae26-8d4b61dd90c8,top_dns,device-api.urbanairship.com,4
bbc.mobile.news.ww,4c2becbc-4819-42b2-ae26-8d4b61dd90c8,top_dns,ichef.bbci.co.uk,4
bbc.mobile.news.ww,4c2becbc-4819-42b2-ae26-8d4b61dd90c8,top_dns,tpsc-ue1.doubleverify.com,4
bbc.mobile.news.ww,4c2becbc-4819-42b2-ae26-8d4b61dd90c8,top_dns,combine.urbanairship.com,4
bbc.mobile.news.ww,4c2becbc-4819-42b2-ae26-8d4b61dd90c8,top_dns,feature-flags.live.bbcx-internal.com,2
bbc.mobile.news.ww,4c2becbc-4819-42b2-ae26-8d4b61dd90c8,top_dns,federated-id.live.api.bbc.co.uk,2
bbc.mobile.news.ww,4c2becbc-4819-42b2-ae26-8d4b61dd90c8,top_dns,www.bbc.com,2
bbc.mobile.news.ww,4c2becbc-4819-42b2-ae26-8d4b61dd90c8,top_dns,map-remote-config.files.bbci.co.uk,2
bbc.mobile.news.ww,4c2becbc-4819-42b2-ae26-8d4b61dd90c8,top_dns,idcta.api.bbc.com,2
bbc.mobile.news.ww,4c2becbc-4819-42b2-ae26-8d4b61dd90c8,top_sni,api.live.bbcx-internal.com,8
bbc.mobile.news.ww,4c2becbc-4819-42b2-ae26-8d4b61dd90c8,top_sni,bbc-global-app.api.bbc.com,4
bbc.mobile.news.ww,4c2becbc-4819-42b2-ae26-8d4b61dd90c8,top_sni,ichef.bbci.co.uk,4
bbc.mobile.news.ww,4c2becbc-4819-42b2-ae26-8d4b61dd90c8,top_sni,pagead2.googlesyndication.com,4
bbc.mobile.news.ww,4c2becbc-4819-42b2-ae26-8d4b61dd90c8,top_sni,cdn.optimizely.com,3
bbc.mobile.news.ww,4c2becbc-4819-42b2-ae26-8d4b61dd90c8,top_sni,census-app.scorecardresearch.com,3
bbc.mobile.news.ww,4c2becbc-4819-42b2-ae26-8d4b61dd90c8,top_sni,googleads.g.doubleclick.net,3
bbc.mobile.news.ww,4c2becbc-4819-42b2-ae26-8d4b61dd90c8,top_sni,creative-assets.everesttech.net,3
bbc.mobile.news.ww,4c2becbc-4819-42b2-ae26-8d4b61dd90c8,top_sni,device-api.urbanairship.com,2
bbc.mobile.news.ww,4c2becbc-4819-42b2-ae26-8d4b61dd90c8,top_sni,cdn.permutive.app,2
bbc.mobile.news.ww,4df84076-5821-45f4-a87e-48aa8138ad63,top_dns,idcta.api.bbc.com,4
bbc.mobile.news.ww,4df84076-5821-45f4-a87e-48aa8138ad63,top_dns,cdn.optimizely.com,4
bbc.mobile.news.ww,4df84076-5821-45f4-a87e-48aa8138ad63,top_dns,device-api.urbanairship.com,4
bbc.mobile.news.ww,4df84076-5821-45f4-a87e-48aa8138ad63,top_dns,combine.urbanairship.com,4
bbc.mobile.news.ww,4df84076-5821-45f4-a87e-48aa8138ad63,top_dns,logx.optimizely.com,2
bbc.mobile.news.ww,4df84076-5821-45f4-a87e-48aa8138ad63,top_dns,xproxy.api.bbc.com,2
bbc.mobile.news.ww,4df84076-5821-45f4-a87e-48aa8138ad63,top_dns,census-app.scorecardresearch.com,2
bbc.mobile.news.ww,4df84076-5821-45f4-a87e-48aa8138ad63,top_dns,udm.scorecardresearch.com,2
bbc.mobile.news.ww,4df84076-5821-45f4-a87e-48aa8138ad63,top_dns,pub.doubleverify.com,2
bbc.mobile.news.ww,4df84076-5821-45f4-a87e-48aa8138ad63,top_dns,mybbc-analytics.files.bbci.co.uk,2
bbc.mobile.news.ww,4df84076-5821-45f4-a87e-48aa8138ad63,top_sni,bbc-global-app.api.bbc.com,9
bbc.mobile.news.ww,4df84076-5821-45f4-a87e-48aa8138ad63,top_sni,api.live.bbcx-internal.com,8
bbc.mobile.news.ww,4df84076-5821-45f4-a87e-48aa8138ad63,top_sni,cdn.optimizely.com,3
bbc.mobile.news.ww,4df84076-5821-45f4-a87e-48aa8138ad63,top_sni,census-app.scorecardresearch.com,3
bbc.mobile.news.ww,4df84076-5821-45f4-a87e-48aa8138ad63,top_sni,idcta.api.bbc.com,2
bbc.mobile.news.ww,4df84076-5821-45f4-a87e-48aa8138ad63,top_sni,logx.optimizely.com,2
bbc.mobile.news.ww,4df84076-5821-45f4-a87e-48aa8138ad63,top_sni,device-api.urbanairship.com,2
bbc.mobile.news.ww,4df84076-5821-45f4-a87e-48aa8138ad63,top_sni,cdn.permutive.app,2
bbc.mobile.news.ww,4df84076-5821-45f4-a87e-48aa8138ad63,top_sni,pagead2.googlesyndication.com,2
bbc.mobile.news.ww,4df84076-5821-45f4-a87e-48aa8138ad63,top_sni,combine.urbanairship.com,2
bbc.mobile.news.ww,5463c962-016c-4d1e-b81b-661977a76452,top_dns,census-app.scorecardresearch.com,16
bbc.mobile.news.ww,5463c962-016c-4d1e-b81b-661977a76452,top_dns,ichef.bbci.co.uk,10
bbc.mobile.news.ww,5463c962-016c-4d1e-b81b-661977a76452,top_dns,api.live.bbcx-internal.com,10
bbc.mobile.news.ww,5463c962-016c-4d1e-b81b-661977a76452,top_dns,tps.doubleverify.com,6
bbc.mobile.news.ww,5463c962-016c-4d1e-b81b-661977a76452,top_dns,remote-data.urbanairship.com,4
bbc.mobile.news.ww,5463c962-016c-4d1e-b81b-661977a76452,top_dns,ctfx9v.launches.appsflyersdk.com,4
bbc.mobile.news.ww,5463c962-016c-4d1e-b81b-661977a76452,top_dns,a1.api.bbc.com,4
bbc.mobile.news.ww,5463c962-016c-4d1e-b81b-661977a76452,top_dns,combine.urbanairship.com,4
bbc.mobile.news.ww,5463c962-016c-4d1e-b81b-661977a76452,top_dns,ctfx9v.inapps.appsflyersdk.com,4
bbc.mobile.news.ww,5463c962-016c-4d1e-b81b-661977a76452,top_dns,googleads.g.doubleclick.net,4
bbc.mobile.news.ww,5463c962-016c-4d1e-b81b-661977a76452,top_sni,census-app.scorecardresearch.com,30
bbc.mobile.news.ww,5463c962-016c-4d1e-b81b-661977a76452,top_sni,googleads.g.doubleclick.net,19
bbc.mobile.news.ww,5463c962-016c-4d1e-b81b-661977a76452,top_sni,tpsc-ue1.doubleverify.com,18
bbc.mobile.news.ww,5463c962-016c-4d1e-b81b-661977a76452,top_sni,api.live.bbcx-internal.com,12
bbc.mobile.news.ww,5463c962-016c-4d1e-b81b-661977a76452,top_sni,ichef.bbci.co.uk,8
bbc.mobile.news.ww,5463c962-016c-4d1e-b81b-661977a76452,top_sni,tps.doubleverify.com,8
bbc.mobile.news.ww,5463c962-016c-4d1e-b81b-661977a76452,top_sni,tpc.googlesyndication.com,6
bbc.mobile.news.ww,5463c962-016c-4d1e-b81b-661977a76452,top_sni,bbc-global-app.api.bbc.com,5
bbc.mobile.news.ww,5463c962-016c-4d1e-b81b-661977a76452,top_sni,buy-eu.piano.io,5
bbc.mobile.news.ww,5463c962-016c-4d1e-b81b-661977a76452,top_sni,elb.the-ozone-project.com,4
bbc.mobile.news.ww,5d77ac7f-25d7-4eeb-ab17-d8858a9f4210,top_dns,c2-eu.piano.io,4
bbc.mobile.news.ww,5d77ac7f-25d7-4eeb-ab17-d8858a9f4210,top_dns,device-api.urbanairship.com,4
bbc.mobile.news.ww,5d77ac7f-25d7-4eeb-ab17-d8858a9f4210,top_dns,ctfx9v.inapps.appsflyersdk.com,4
bbc.mobile.news.ww,5d77ac7f-25d7-4eeb-ab17-d8858a9f4210,top_dns,combine.urbanairship.com,4
bbc.mobile.news.ww,5d77ac7f-25d7-4eeb-ab17-d8858a9f4210,top_dns,census-app.scorecardresearch.com,4
bbc.mobile.news.ww,5d77ac7f-25d7-4eeb-ab17-d8858a9f4210,top_dns,api.permutive.com,2
bbc.mobile.news.ww,5d77ac7f-25d7-4eeb-ab17-d8858a9f4210,top_dns,ping.chartbeat.net,2
bbc.mobile.news.ww,5d77ac7f-25d7-4eeb-ab17-d8858a9f4210,top_dns,remote-data.urbanairship.com,2
bbc.mobile.news.ww,5d77ac7f-25d7-4eeb-ab17-d8858a9f4210,top_dns,ctfx9v.launches.appsflyersdk.com,2
bbc.mobile.news.ww,5d77ac7f-25d7-4eeb-ab17-d8858a9f4210,top_dns,elb.the-ozone-project.com,2
bbc.mobile.news.ww,5d77ac7f-25d7-4eeb-ab17-d8858a9f4210,top_sni,googleads.g.doubleclick.net,10
bbc.mobile.news.ww,5d77ac7f-25d7-4eeb-ab17-d8858a9f4210,top_sni,tpsc-ue1.doubleverify.com,8
bbc.mobile.news.ww,5d77ac7f-25d7-4eeb-ab17-d8858a9f4210,top_sni,census-app.scorecardresearch.com,5
bbc.mobile.news.ww,5d77ac7f-25d7-4eeb-ab17-d8858a9f4210,top_sni,pagead2.googlesyndication.com,4
bbc.mobile.news.ww,5d77ac7f-25d7-4eeb-ab17-d8858a9f4210,top_sni,ctfx9v.inapps.appsflyersdk.com,3
bbc.mobile.news.ww,5d77ac7f-25d7-4eeb-ab17-d8858a9f4210,top_sni,elb.the-ozone-project.com,3
bbc.mobile.news.ww,5d77ac7f-25d7-4eeb-ab17-d8858a9f4210,top_sni,api.permutive.app,3
bbc.mobile.news.ww,5d77ac7f-25d7-4eeb-ab17-d8858a9f4210,top_sni,fonts.gstatic.com,3
bbc.mobile.news.ww,5d77ac7f-25d7-4eeb-ab17-d8858a9f4210,top_sni,csi.gstatic.com,3
bbc.mobile.news.ww,5d77ac7f-25d7-4eeb-ab17-d8858a9f4210,top_sni,tps.doubleverify.com,3
bbc.mobile.news.ww,63abb795-47c7-4517-a2a5-7ecb712a8798,top_dns,ichef.bbci.co.uk,6
bbc.mobile.news.ww,63abb795-47c7-4517-a2a5-7ecb712a8798,top_dns,api.live.bbcx-internal.com,6
bbc.mobile.news.ww,63abb795-47c7-4517-a2a5-7ecb712a8798,top_dns,census-app.scorecardresearch.com,6
bbc.mobile.news.ww,63abb795-47c7-4517-a2a5-7ecb712a8798,top_dns,remote-data.urbanairship.com,4
bbc.mobile.news.ww,63abb795-47c7-4517-a2a5-7ecb712a8798,top_dns,ctfx9v.launches.appsflyersdk.com,4
bbc.mobile.news.ww,63abb795-47c7-4517-a2a5-7ecb712a8798,top_dns,elb.the-ozone-project.com,4
bbc.mobile.news.ww,63abb795-47c7-4517-a2a5-7ecb712a8798,top_dns,a1.api.bbc.com,4
bbc.mobile.news.ww,63abb795-47c7-4517-a2a5-7ecb712a8798,top_dns,combine.urbanairship.com,4
bbc.mobile.news.ww,63abb795-47c7-4517-a2a5-7ecb712a8798,top_dns,ping.chartbeat.net,4
bbc.mobile.news.ww,63abb795-47c7-4517-a2a5-7ecb712a8798,top_dns,bbc-global-app.api.bbc.com,4
bbc.mobile.news.ww,63abb795-47c7-4517-a2a5-7ecb712a8798,top_sni,api.permutive.app,14
bbc.mobile.news.ww,63abb795-47c7-4517-a2a5-7ecb712a8798,top_sni,api.live.bbcx-internal.com,12
bbc.mobile.news.ww,63abb795-47c7-4517-a2a5-7ecb712a8798,top_sni,googleads.g.doubleclick.net,11
bbc.mobile.news.ww,63abb795-47c7-4517-a2a5-7ecb712a8798,top_sni,bbc-global-app.api.bbc.com,8
bbc.mobile.news.ww,63abb795-47c7-4517-a2a5-7ecb712a8798,top_sni,ichef.bbci.co.uk,6
bbc.mobile.news.ww,63abb795-47c7-4517-a2a5-7ecb712a8798,top_sni,tpsc-ue1.doubleverify.com,6
bbc.mobile.news.ww,63abb795-47c7-4517-a2a5-7ecb712a8798,top_sni,census-app.scorecardresearch.com,5
bbc.mobile.news.ww,63abb795-47c7-4517-a2a5-7ecb712a8798,top_sni,pagead2.googlesyndication.com,4
bbc.mobile.news.ww,63abb795-47c7-4517-a2a5-7ecb712a8798,top_sni,buy-eu.piano.io,4
bbc.mobile.news.ww,63abb795-47c7-4517-a2a5-7ecb712a8798,top_sni,fonts.gstatic.com,4
bbc.mobile.news.ww,69b85892-6192-49f6-aaba-29d076a9493d,top_dns,bbc-global-app.api.bbc.com,4
bbc.mobile.news.ww,69b85892-6192-49f6-aaba-29d076a9493d,top_dns,combine.urbanairship.com,4
bbc.mobile.news.ww,69b85892-6192-49f6-aaba-29d076a9493d,top_dns,api.permutive.com,2
bbc.mobile.news.ww,69b85892-6192-49f6-aaba-29d076a9493d,top_dns,c2-eu.piano.io,2
bbc.mobile.news.ww,69b85892-6192-49f6-aaba-29d076a9493d,top_dns,ping.chartbeat.net,2
bbc.mobile.news.ww,69b85892-6192-49f6-aaba-29d076a9493d,top_dns,buy-eu.piano.io,2
bbc.mobile.news.ww,69b85892-6192-49f6-aaba-29d076a9493d,top_dns,census-app.scorecardresearch.com,2
bbc.mobile.news.ww,69b85892-6192-49f6-aaba-29d076a9493d,top_dns,ctfx9v.inapps.appsflyersdk.com,2
bbc.mobile.news.ww,69b85892-6192-49f6-aaba-29d076a9493d,top_dns,a1.api.bbc.com,2
bbc.mobile.news.ww,69b85892-6192-49f6-aaba-29d076a9493d,top_dns,logx.optimizely.com,2
bbc.mobile.news.ww,69b85892-6192-49f6-aaba-29d076a9493d,top_sni,bbc-global-app.api.bbc.com,6
bbc.mobile.news.ww,69b85892-6192-49f6-aaba-29d076a9493d,top_sni,tpc.googlesyndication.com,5
bbc.mobile.news.ww,69b85892-6192-49f6-aaba-29d076a9493d,top_sni,ichef.bbci.co.uk,3
bbc.mobile.news.ww,69b85892-6192-49f6-aaba-29d076a9493d,top_sni,pagead2.googlesyndication.com,3
bbc.mobile.news.ww,69b85892-6192-49f6-aaba-29d076a9493d,top_sni,cdn.privacy-mgmt.com,2
bbc.mobile.news.ww,69b85892-6192-49f6-aaba-29d076a9493d,top_sni,device-api.urbanairship.com,2
bbc.mobile.news.ww,69b85892-6192-49f6-aaba-29d076a9493d,top_sni,cdn.permutive.app,2
bbc.mobile.news.ww,69b85892-6192-49f6-aaba-29d076a9493d,top_sni,combine.urbanairship.com,2
bbc.mobile.news.ww,69b85892-6192-49f6-aaba-29d076a9493d,top_sni,api.permutive.com,1
bbc.mobile.news.ww,69b85892-6192-49f6-aaba-29d076a9493d,top_sni,c2-eu.piano.io,1
bbc.mobile.news.ww,6cef2149-1a81-4f35-8389-881f24e32f6a,top_dns,combine.urbanairship.com,4
bbc.mobile.news.ww,6cef2149-1a81-4f35-8389-881f24e32f6a,top_dns,firebaselogging.googleapis.com,2
bbc.mobile.news.ww,6cef2149-1a81-4f35-8389-881f24e32f6a,top_dns,logx.optimizely.com,2
bbc.mobile.news.ww,6cef2149-1a81-4f35-8389-881f24e32f6a,top_dns,bbc-global-app.api.bbc.com,2
bbc.mobile.news.ww,6cef2149-1a81-4f35-8389-881f24e32f6a,top_dns,idcta.api.bbc.com,2
bbc.mobile.news.ww,6cef2149-1a81-4f35-8389-881f24e32f6a,top_dns,remote-data.urbanairship.com,2
bbc.mobile.news.ww,6cef2149-1a81-4f35-8389-881f24e32f6a,top_dns,device-api.urbanairship.com,2
bbc.mobile.news.ww,6cef2149-1a81-4f35-8389-881f24e32f6a,top_dns,ctfx9v.inapps.appsflyersdk.com,2
bbc.mobile.news.ww,6cef2149-1a81-4f35-8389-881f24e32f6a,top_dns,ctfx9v.launches.appsflyersdk.com,2
bbc.mobile.news.ww,6cef2149-1a81-4f35-8389-881f24e32f6a,top_dns,elb.the-ozone-project.com,2
bbc.mobile.news.ww,6cef2149-1a81-4f35-8389-881f24e32f6a,top_sni,bbc-global-app.api.bbc.com,5
bbc.mobile.news.ww,6cef2149-1a81-4f35-8389-881f24e32f6a,top_sni,logx.optimizely.com,2
bbc.mobile.news.ww,6cef2149-1a81-4f35-8389-881f24e32f6a,top_sni,device-api.urbanairship.com,2
bbc.mobile.news.ww,6cef2149-1a81-4f35-8389-881f24e32f6a,top_sni,ctfx9v.inapps.appsflyersdk.com,2
bbc.mobile.news.ww,6cef2149-1a81-4f35-8389-881f24e32f6a,top_sni,cdn.permutive.app,2
bbc.mobile.news.ww,6cef2149-1a81-4f35-8389-881f24e32f6a,top_sni,pagead2.googlesyndication.com,2
bbc.mobile.news.ww,6cef2149-1a81-4f35-8389-881f24e32f6a,top_sni,combine.urbanairship.com,2
bbc.mobile.news.ww,6cef2149-1a81-4f35-8389-881f24e32f6a,top_sni,firebaselogging.googleapis.com,1
bbc.mobile.news.ww,6cef2149-1a81-4f35-8389-881f24e32f6a,top_sni,idcta.api.bbc.com,1
bbc.mobile.news.ww,6cef2149-1a81-4f35-8389-881f24e32f6a,top_sni,remote-data.urbanairship.com,1
bbc.mobile.news.ww,a7f93c59-307e-45a4-8357-bd0b90f46621,top_dns,census-app.scorecardresearch.com,20
bbc.mobile.news.ww,a7f93c59-307e-45a4-8357-bd0b90f46621,top_dns,ichef.bbci.co.uk,10
bbc.mobile.news.ww,a7f93c59-307e-45a4-8357-bd0b90f46621,top_dns,api.live.bbcx-internal.com,10
bbc.mobile.news.ww,a7f93c59-307e-45a4-8357-bd0b90f46621,top_dns,ping.chartbeat.net,8
bbc.mobile.news.ww,a7f93c59-307e-45a4-8357-bd0b90f46621,top_dns,ctfx9v.launches.appsflyersdk.com,6
bbc.mobile.news.ww,a7f93c59-307e-45a4-8357-bd0b90f46621,top_dns,elb.the-ozone-project.com,6
bbc.mobile.news.ww,a7f93c59-307e-45a4-8357-bd0b90f46621,top_dns,combine.urbanairship.com,6
bbc.mobile.news.ww,a7f93c59-307e-45a4-8357-bd0b90f46621,top_dns,a1.api.bbc.com,4
bbc.mobile.news.ww,a7f93c59-307e-45a4-8357-bd0b90f46621,top_dns,logx.optimizely.com,4
bbc.mobile.news.ww,a7f93c59-307e-45a4-8357-bd0b90f46621,top_dns,remote-data.urbanairship.com,4
bbc.mobile.news.ww,a7f93c59-307e-45a4-8357-bd0b90f46621,top_sni,census-app.scorecardresearch.com,37
bbc.mobile.news.ww,a7f93c59-307e-45a4-8357-bd0b90f46621,top_sni,googleads.g.doubleclick.net,22
bbc.mobile.news.ww,a7f93c59-307e-45a4-8357-bd0b90f46621,top_sni,tpsc-ue1.doubleverify.com,22
bbc.mobile.news.ww,a7f93c59-307e-45a4-8357-bd0b90f46621,top_sni,api.live.bbcx-internal.com,16
bbc.mobile.news.ww,a7f93c59-307e-45a4-8357-bd0b90f46621,top_sni,fw.adsafeprotected.com,8
bbc.mobile.news.ww,a7f93c59-307e-45a4-8357-bd0b90f46621,top_sni,elb.the-ozone-project.com,7
bbc.mobile.news.ww,a7f93c59-307e-45a4-8357-bd0b90f46621,top_sni,api.permutive.app,7
bbc.mobile.news.ww,a7f93c59-307e-45a4-8357-bd0b90f46621,top_sni,ichef.bbci.co.uk,6
bbc.mobile.news.ww,a7f93c59-307e-45a4-8357-bd0b90f46621,top_sni,api.permutive.com,6
bbc.mobile.news.ww,a7f93c59-307e-45a4-8357-bd0b90f46621,top_sni,combine.urbanairship.com,6
com.cnn.mobile.android.phone,01b0bed5-f6c9-4532-977e-d6d18149ff2f,top_dns,smetrics.cnn.com,6
com.cnn.mobile.android.phone,01b0bed5-f6c9-4532-977e-d6d18149ff2f,top_dns,collector.cdp.cnn.com,4
com.cnn.mobile.android.phone,01b0bed5-f6c9-4532-977e-d6d18149ff2f,top_dns,media.cnn.com,4
com.cnn.mobile.android.phone,01b0bed5-f6c9-4532-977e-d6d18149ff2f,top_dns,combine.urbanairship.com,4
com.cnn.mobile.android.phone,01b0bed5-f6c9-4532-977e-d6d18149ff2f,top_dns,ping.chartbeat.net,2
com.cnn.mobile.android.phone,01b0bed5-f6c9-4532-977e-d6d18149ff2f,top_dns,audience.cnn.com,2
com.cnn.mobile.android.phone,01b0bed5-f6c9-4532-977e-d6d18149ff2f,top_dns,remote-data.urbanairship.com,2
com.cnn.mobile.android.phone,01b0bed5-f6c9-4532-977e-d6d18149ff2f,top_dns,tpc.googlesyndication.com,2
com.cnn.mobile.android.phone,01b0bed5-f6c9-4532-977e-d6d18149ff2f,top_dns,pagead2.googlesyndication.com,2
com.cnn.mobile.android.phone,01b0bed5-f6c9-4532-977e-d6d18149ff2f,top_dns,www.googletagservices.com,2
com.cnn.mobile.android.phone,01b0bed5-f6c9-4532-977e-d6d18149ff2f,top_sni,csi.gstatic.com,4
com.cnn.mobile.android.phone,01b0bed5-f6c9-4532-977e-d6d18149ff2f,top_sni,media.cnn.com,3
com.cnn.mobile.android.phone,01b0bed5-f6c9-4532-977e-d6d18149ff2f,top_sni,smetrics.cnn.com,3
com.cnn.mobile.android.phone,01b0bed5-f6c9-4532-977e-d6d18149ff2f,top_sni,pagead2.googlesyndication.com,3
com.cnn.mobile.android.phone,01b0bed5-f6c9-4532-977e-d6d18149ff2f,top_sni,combine.urbanairship.com,3
com.cnn.mobile.android.phone,01b0bed5-f6c9-4532-977e-d6d18149ff2f,top_sni,collector.cdp.cnn.com,2
com.cnn.mobile.android.phone,01b0bed5-f6c9-4532-977e-d6d18149ff2f,top_sni,audience.cnn.com,2
com.cnn.mobile.android.phone,01b0bed5-f6c9-4532-977e-d6d18149ff2f,top_sni,tpc.googlesyndication.com,2
com.cnn.mobile.android.phone,01b0bed5-f6c9-4532-977e-d6d18149ff2f,top_sni,googleads.g.doubleclick.net,2
com.cnn.mobile.android.phone,01b0bed5-f6c9-4532-977e-d6d18149ff2f,top_sni,ping.chartbeat.net,1
com.cnn.mobile.android.phone,0210315c-e4aa-46cf-87b3-345c73a4c5c8,top_dns,collector.cdp.cnn.com,4
com.cnn.mobile.android.phone,0210315c-e4aa-46cf-87b3-345c73a4c5c8,top_dns,combine.urbanairship.com,4
com.cnn.mobile.android.phone,0210315c-e4aa-46cf-87b3-345c73a4c5c8,top_dns,audience.cnn.com,2
com.cnn.mobile.android.phone,0210315c-e4aa-46cf-87b3-345c73a4c5c8,top_dns,ping.chartbeat.net,2
com.cnn.mobile.android.phone,0210315c-e4aa-46cf-87b3-345c73a4c5c8,top_dns,firebaseremoteconfig.googleapis.com,2
com.cnn.mobile.android.phone,0210315c-e4aa-46cf-87b3-345c73a4c5c8,top_dns,firebaselogging-pa.googleapis.com,2
com.cnn.mobile.android.phone,0210315c-e4aa-46cf-87b3-345c73a4c5c8,top_dns,firebaselogging.googleapis.com,2
com.cnn.mobile.android.phone,0210315c-e4aa-46cf-87b3-345c73a4c5c8,top_dns,www.cnn.com,2
com.cnn.mobile.android.phone,0210315c-e4aa-46cf-87b3-345c73a4c5c8,top_sni,collector.cdp.cnn.com,2
com.cnn.mobile.android.phone,0210315c-e4aa-46cf-87b3-345c73a4c5c8,top_sni,audience.cnn.com,2
com.cnn.mobile.android.phone,0210315c-e4aa-46cf-87b3-345c73a4c5c8,top_sni,combine.urbanairship.com,2
com.cnn.mobile.android.phone,0210315c-e4aa-46cf-87b3-345c73a4c5c8,top_sni,ping.chartbeat.net,1
com.cnn.mobile.android.phone,0210315c-e4aa-46cf-87b3-345c73a4c5c8,top_sni,firebaseremoteconfig.googleapis.com,1
com.cnn.mobile.android.phone,0210315c-e4aa-46cf-87b3-345c73a4c5c8,top_sni,firebaselogging-pa.googleapis.com,1
com.cnn.mobile.android.phone,0210315c-e4aa-46cf-87b3-345c73a4c5c8,top_sni,firebaselogging.googleapis.com,1
com.cnn.mobile.android.phone,0210315c-e4aa-46cf-87b3-345c73a4c5c8,top_sni,www.cnn.com,1
com.cnn.mobile.android.phone,0f353ecf-ef04-4729-9d5c-e098f2ca5afd,top_dns,audience.cnn.com,8
com.cnn.mobile.android.phone,0f353ecf-ef04-4729-9d5c-e098f2ca5afd,top_dns,www.cnn.com,6
com.cnn.mobile.android.phone,0f353ecf-ef04-4729-9d5c-e098f2ca5afd,top_dns,collector.cdp.cnn.com,4
com.cnn.mobile.android.phone,0f353ecf-ef04-4729-9d5c-e098f2ca5afd,top_dns,firebaselogging-pa.googleapis.com,4
com.cnn.mobile.android.phone,0f353ecf-ef04-4729-9d5c-e098f2ca5afd,top_dns,combine.urbanairship.com,4
com.cnn.mobile.android.phone,0f353ecf-ef04-4729-9d5c-e098f2ca5afd,top_dns,ping.chartbeat.net,2
com.cnn.mobile.android.phone,0f353ecf-ef04-4729-9d5c-e098f2ca5afd,top_dns,firebaseremoteconfig.googleapis.com,2
com.cnn.mobile.android.phone,0f353ecf-ef04-4729-9d5c-e098f2ca5afd,top_dns,firebaselogging.googleapis.com,2
com.cnn.mobile.android.phone,0f353ecf-ef04-4729-9d5c-e098f2ca5afd,top_dns,media.cnn.com,2
com.cnn.mobile.android.phone,0f353ecf-ef04-4729-9d5c-e098f2ca5afd,top_dns,pagead2.googlesyndication.com,2
com.cnn.mobile.android.phone,0f353ecf-ef04-4729-9d5c-e098f2ca5afd,top_sni,googleads.g.doubleclick.net,8
com.cnn.mobile.android.phone,0f353ecf-ef04-4729-9d5c-e098f2ca5afd,top_sni,media.cnn.com,5
com.cnn.mobile.android.phone,0f353ecf-ef04-4729-9d5c-e098f2ca5afd,top_sni,pixel.adsafeprotected.com,4
com.cnn.mobile.android.phone,0f353ecf-ef04-4729-9d5c-e098f2ca5afd,top_sni,www.cnn.com,3
com.cnn.mobile.android.phone,0f353ecf-ef04-4729-9d5c-e098f2ca5afd,top_sni,pagead2.googlesyndication.com,3
com.cnn.mobile.android.phone,0f353ecf-ef04-4729-9d5c-e098f2ca5afd,top_sni,dt.adsafeprotected.com,3
com.cnn.mobile.android.phone,0f353ecf-ef04-4729-9d5c-e098f2ca5afd,top_sni,audience.cnn.com,2
com.cnn.mobile.android.phone,0f353ecf-ef04-4729-9d5c-e098f2ca5afd,top_sni,collector.cdp.cnn.com,2
com.cnn.mobile.android.phone,0f353ecf-ef04-4729-9d5c-e098f2ca5afd,top_sni,firebaselogging-pa.googleapis.com,2
com.cnn.mobile.android.phone,0f353ecf-ef04-4729-9d5c-e098f2ca5afd,top_sni,combine.urbanairship.com,2
com.cnn.mobile.android.phone,439428e8-af05-490c-9f82-bfe4984aa46c,top_dns,audience.cnn.com,16
com.cnn.mobile.android.phone,439428e8-af05-490c-9f82-bfe4984aa46c,top_dns,media.cnn.com,10
com.cnn.mobile.android.phone,439428e8-af05-490c-9f82-bfe4984aa46c,top_dns,collector.cdp.cnn.com,6
com.cnn.mobile.android.phone,439428e8-af05-490c-9f82-bfe4984aa46c,top_dns,combine.urbanairship.com,6
com.cnn.mobile.android.phone,439428e8-af05-490c-9f82-bfe4984aa46c,top_dns,smetrics.cnn.com,6
com.cnn.mobile.android.phone,439428e8-af05-490c-9f82-bfe4984aa46c,top_dns,ping.chartbeat.net,4
com.cnn.mobile.android.phone,439428e8-af05-490c-9f82-bfe4984aa46c,top_dns,firebaselogging.googleapis.com,4
com.cnn.mobile.android.phone,439428e8-af05-490c-9f82-bfe4984aa46c,top_dns,firebaselogging-pa.googleapis.com,4
com.cnn.mobile.android.phone,439428e8-af05-490c-9f82-bfe4984aa46c,top_dns,mobile.adsafeprotected.com,4
com.cnn.mobile.android.phone,439428e8-af05-490c-9f82-bfe4984aa46c,top_dns,www.cnn.com,4
com.cnn.mobile.android.phone,439428e8-af05-490c-9f82-bfe4984aa46c,top_sni,media.cnn.com,8
com.cnn.mobile.android.phone,439428e8-af05-490c-9f82-bfe4984aa46c,top_sni,smetrics.cnn.com,6
com.cnn.mobile.android.phone,439428e8-af05-490c-9f82-bfe4984aa46c,top_sni,collector.cdp.cnn.com,5
com.cnn.mobile.android.phone,439428e8-af05-490c-9f82-bfe4984aa46c,top_sni,pagead2.googlesyndication.com,5
com.cnn.mobile.android.phone,439428e8-af05-490c-9f82-bfe4984aa46c,top_sni,firebaselogging-pa.googleapis.com,4
com.cnn.mobile.android.phone,439428e8-af05-490c-9f82-bfe4984aa46c,top_sni,googleads.g.doubleclick.net,4
com.cnn.mobile.android.phone,439428e8-af05-490c-9f82-bfe4984aa46c,top_sni,pixel.adsafeprotected.com,4
com.cnn.mobile.android.phone,439428e8-af05-490c-9f82-bfe4984aa46c,top_sni,securepubads.g.doubleclick.net,4
com.cnn.mobile.android.phone,439428e8-af05-490c-9f82-bfe4984aa46c,top_sni,audience.cnn.com,3
com.cnn.mobile.android.phone,439428e8-af05-490c-9f82-bfe4984aa46c,top_sni,combine.urbanairship.com,3
com.cnn.mobile.android.phone,765ae61a-1967-433c-baa6-b80e5347b20c,top_dns,audience.cnn.com,6
com.cnn.mobile.android.phone,765ae61a-1967-433c-baa6-b80e5347b20c,top_dns,collector.cdp.cnn.com,6
com.cnn.mobile.android.phone,765ae61a-1967-433c-baa6-b80e5347b20c,top_dns,www.cnn.com,6
com.cnn.mobile.android.phone,765ae61a-1967-433c-baa6-b80e5347b20c,top_dns,ping.chartbeat.net,4
com.cnn.mobile.android.phone,765ae61a-1967-433c-baa6-b80e5347b20c,top_dns,pixel.adsafeprotected.com,4
com.cnn.mobile.android.phone,765ae61a-1967-433c-baa6-b80e5347b20c,top_dns,smetrics.cnn.com,2
com.cnn.mobile.android.phone,765ae61a-1967-433c-baa6-b80e5347b20c,top_dns,pagead2.googlesyndication.com,2
com.cnn.mobile.android.phone,765ae61a-1967-433c-baa6-b80e5347b20c,top_dns,googleads.g.doubleclick.net,2
com.cnn.mobile.android.phone,765ae61a-1967-433c-baa6-b80e5347b20c,top_dns,securepubads.g.doubleclick.net,2
com.cnn.mobile.android.phone,765ae61a-1967-433c-baa6-b80e5347b20c,top_dns,jsconfig.adsafeprotected.com,2
com.cnn.mobile.android.phone,765ae61a-1967-433c-baa6-b80e5347b20c,top_sni,googleads.g.doubleclick.net,8
com.cnn.mobile.android.phone,765ae61a-1967-433c-baa6-b80e5347b20c,top_sni,politics-explorer-tiles-static.cnn.io,6
com.cnn.mobile.android.phone,765ae61a-1967-433c-baa6-b80e5347b20c,top_sni,pixel.adsafeprotected.com,5
com.cnn.mobile.android.phone,765ae61a-1967-433c-baa6-b80e5347b20c,top_sni,config.mapbox.com,5
com.cnn.mobile.android.phone,765ae61a-1967-433c-baa6-b80e5347b20c,top_sni,audience.cnn.com,4
com.cnn.mobile.android.phone,765ae61a-1967-433c-baa6-b80e5347b20c,top_sni,pagead2.googlesyndication.com,4
com.cnn.mobile.android.phone,765ae61a-1967-433c-baa6-b80e5347b20c,top_sni,collector.cdp.cnn.com,3
com.cnn.mobile.android.phone,765ae61a-1967-433c-baa6-b80e5347b20c,top_sni,dt.adsafeprotected.com,3
com.cnn.mobile.android.phone,765ae61a-1967-433c-baa6-b80e5347b20c,top_sni,ping.chartbeat.net,2
com.cnn.mobile.android.phone,765ae61a-1967-433c-baa6-b80e5347b20c,top_sni,smetrics.cnn.com,2
com.cnn.mobile.android.phone,833a1d8a-f602-49e9-af2a-3e66d1d98c48,top_dns,smetrics.cnn.com,6
com.cnn.mobile.android.phone,833a1d8a-f602-49e9-af2a-3e66d1d98c48,top_dns,media.cnn.com,6
com.cnn.mobile.android.phone,833a1d8a-f602-49e9-af2a-3e66d1d98c48,top_dns,www.cnn.com,4
com.cnn.mobile.android.phone,833a1d8a-f602-49e9-af2a-3e66d1d98c48,top_dns,collector.cdp.cnn.com,4
com.cnn.mobile.android.phone,833a1d8a-f602-49e9-af2a-3e66d1d98c48,top_dns,combine.urbanairship.com,4
com.cnn.mobile.android.phone,833a1d8a-f602-49e9-af2a-3e66d1d98c48,top_dns,securepubads.g.doubleclick.net,4
com.cnn.mobile.android.phone,833a1d8a-f602-49e9-af2a-3e66d1d98c48,top_dns,mobile.adsafeprotected.com,4
com.cnn.mobile.android.phone,833a1d8a-f602-49e9-af2a-3e66d1d98c48,top_dns,www.dianomi.com,4
com.cnn.mobile.android.phone,833a1d8a-f602-49e9-af2a-3e66d1d98c48,top_dns,audience.cnn.com,2
com.cnn.mobile.android.phone,833a1d8a-f602-49e9-af2a-3e66d1d98c48,top_dns,default.any-any.prd.api.discomax.com,2
com.cnn.mobile.android.phone,833a1d8a-f602-49e9-af2a-3e66d1d98c48,top_sni,media.cnn.com,5
com.cnn.mobile.android.phone,833a1d8a-f602-49e9-af2a-3e66d1d98c48,top_sni,googleads.g.doubleclick.net,5
com.cnn.mobile.android.phone,833a1d8a-f602-49e9-af2a-3e66d1d98c48,top_sni,pagead2.googlesyndication.com,4
com.cnn.mobile.android.phone,833a1d8a-f602-49e9-af2a-3e66d1d98c48,top_sni,smetrics.cnn.com,3
com.cnn.mobile.android.phone,833a1d8a-f602-49e9-af2a-3e66d1d98c48,top_sni,combine.urbanairship.com,3
com.cnn.mobile.android.phone,833a1d8a-f602-49e9-af2a-3e66d1d98c48,top_sni,dt.adsafeprotected.com,3
com.cnn.mobile.android.phone,833a1d8a-f602-49e9-af2a-3e66d1d98c48,top_sni,audience.cnn.com,2
com.cnn.mobile.android.phone,833a1d8a-f602-49e9-af2a-3e66d1d98c48,top_sni,collector.cdp.cnn.com,2
com.cnn.mobile.android.phone,833a1d8a-f602-49e9-af2a-3e66d1d98c48,top_sni,static.admaster.cc,2
com.cnn.mobile.android.phone,833a1d8a-f602-49e9-af2a-3e66d1d98c48,top_sni,tracenep.admaster.cc,2
com.cnn.mobile.android.phone,84b46fff-3009-4aa3-a7e7-87436b7855fd,top_dns,www.cnn.com,12
com.cnn.mobile.android.phone,84b46fff-3009-4aa3-a7e7-87436b7855fd,top_dns,media.cnn.com,8
com.cnn.mobile.android.phone,84b46fff-3009-4aa3-a7e7-87436b7855fd,top_dns,smetrics.cnn.com,6
com.cnn.mobile.android.phone,84b46fff-3009-4aa3-a7e7-87436b7855fd,top_dns,mobile.adsafeprotected.com,6
com.cnn.mobile.android.phone,84b46fff-3009-4aa3-a7e7-87436b7855fd,top_dns,firebaselogging-pa.googleapis.com,4
com.cnn.mobile.android.phone,84b46fff-3009-4aa3-a7e7-87436b7855fd,top_dns,pixel.adsafeprotected.com,4
com.cnn.mobile.android.phone,84b46fff-3009-4aa3-a7e7-87436b7855fd,top_dns,googleads.g.doubleclick.net,4
com.cnn.mobile.android.phone,84b46fff-3009-4aa3-a7e7-87436b7855fd,top_dns,securepubads.g.doubleclick.net,4
com.cnn.mobile.android.phone,84b46fff-3009-4aa3-a7e7-87436b7855fd,top_dns,gpp-decoder.dianomi.workers.dev,4
com.cnn.mobile.android.phone,84b46fff-3009-4aa3-a7e7-87436b7855fd,top_dns,fonts.gstatic.com,4
com.cnn.mobile.android.phone,84b46fff-3009-4aa3-a7e7-87436b7855fd,top_sni,googleads.g.doubleclick.net,8
com.cnn.mobile.android.phone,84b46fff-3009-4aa3-a7e7-87436b7855fd,top_sni,politics-explorer-tiles-static.cnn.io,7
com.cnn.mobile.android.phone,84b46fff-3009-4aa3-a7e7-87436b7855fd,top_sni,firebaselogging-pa.googleapis.com,5
com.cnn.mobile.android.phone,84b46fff-3009-4aa3-a7e7-87436b7855fd,top_sni,media.cnn.com,5
com.cnn.mobile.android.phone,84b46fff-3009-4aa3-a7e7-87436b7855fd,top_sni,pagead2.googlesyndication.com,5
com.cnn.mobile.android.phone,84b46fff-3009-4aa3-a7e7-87436b7855fd,top_sni,pixel.adsafeprotected.com,5
com.cnn.mobile.android.phone,84b46fff-3009-4aa3-a7e7-87436b7855fd,top_sni,api.mapbox.com,5
com.cnn.mobile.android.phone,84b46fff-3009-4aa3-a7e7-87436b7855fd,top_sni,config.mapbox.com,5
com.cnn.mobile.android.phone,84b46fff-3009-4aa3-a7e7-87436b7855fd,top_sni,dt.adsafeprotected.com,4
com.cnn.mobile.android.phone,84b46fff-3009-4aa3-a7e7-87436b7855fd,top_sni,gpp-decoder.dianomi.workers.dev,4
com.cnn.mobile.android.phone,86addff3-891d-4e0a-8311-7e3d370f115d,top_dns,collector.cdp.cnn.com,10
com.cnn.mobile.android.phone,86addff3-891d-4e0a-8311-7e3d370f115d,top_dns,ping.chartbeat.net,8
com.cnn.mobile.android.phone,86addff3-891d-4e0a-8311-7e3d370f115d,top_dns,media.cnn.com,8
com.cnn.mobile.android.phone,86addff3-891d-4e0a-8311-7e3d370f115d,top_dns,audience.cnn.com,4
com.cnn.mobile.android.phone,86addff3-891d-4e0a-8311-7e3d370f115d,top_dns,smetrics.cnn.com,4
com.cnn.mobile.android.phone,86addff3-891d-4e0a-8311-7e3d370f115d,top_dns,pagead2.googlesyndication.com,4
com.cnn.mobile.android.phone,86addff3-891d-4e0a-8311-7e3d370f115d,top_dns,www.googletagservices.com,4
com.cnn.mobile.android.phone,86addff3-891d-4e0a-8311-7e3d370f115d,top_dns,tpc.googlesyndication.com,4
com.cnn.mobile.android.phone,86addff3-891d-4e0a-8311-7e3d370f115d,top_dns,combine.urbanairship.com,4
com.cnn.mobile.android.phone,86addff3-891d-4e0a-8311-7e3d370f115d,top_dns,www.cnn.com,4
com.cnn.mobile.android.phone,86addff3-891d-4e0a-8311-7e3d370f115d,top_sni,pixel.adsafeprotected.com,12
com.cnn.mobile.android.phone,86addff3-891d-4e0a-8311-7e3d370f115d,top_sni,googleads.g.doubleclick.net,10
com.cnn.mobile.android.phone,86addff3-891d-4e0a-8311-7e3d370f115d,top_sni,dt.adsafeprotected.com,7
com.cnn.mobile.android.phone,86addff3-891d-4e0a-8311-7e3d370f115d,top_sni,collector.cdp.cnn.com,6
com.cnn.mobile.android.phone,86addff3-891d-4e0a-8311-7e3d370f115d,top_sni,cdnjs.cloudflare.com,6
com.cnn.mobile.android.phone,86addff3-891d-4e0a-8311-7e3d370f115d,top_sni,audience.cnn.com,5
com.cnn.mobile.android.phone,86addff3-891d-4e0a-8311-7e3d370f115d,top_sni,pagead2.googlesyndication.com,5
com.cnn.mobile.android.phone,86addff3-891d-4e0a-8311-7e3d370f115d,top_sni,fonts.gstatic.com,5
com.cnn.mobile.android.phone,86addff3-891d-4e0a-8311-7e3d370f115d,top_sni,cdn.ampproject.org,5
com.cnn.mobile.android.phone,86addff3-891d-4e0a-8311-7e3d370f115d,top_sni,ping.chartbeat.net,4
com.cnn.mobile.android.phone,9099bb51-fcd2-406d-ae03-1e8968c73734,top_dns,collector.cdp.cnn.com,4
com.cnn.mobile.android.phone,9099bb51-fcd2-406d-ae03-1e8968c73734,top_dns,smetrics.cnn.com,4
com.cnn.mobile.android.phone,9099bb51-fcd2-406d-ae03-1e8968c73734,top_dns,media.cnn.com,4
com.cnn.mobile.android.phone,9099bb51-fcd2-406d-ae03-1e8968c73734,top_dns,ping.chartbeat.net,2
com.cnn.mobile.android.phone,9099bb51-fcd2-406d-ae03-1e8968c73734,top_dns,audience.cnn.com,2
com.cnn.mobile.android.phone,9099bb51-fcd2-406d-ae03-1e8968c73734,top_dns,remote-data.urbanairship.com,2
com.cnn.mobile.android.phone,9099bb51-fcd2-406d-ae03-1e8968c73734,top_dns,tpc.googlesyndication.com,2
com.cnn.mobile.android.phone,9099bb51-fcd2-406d-ae03-1e8968c73734,top_dns,pagead2.googlesyndication.com,2
com.cnn.mobile.android.phone,9099bb51-fcd2-406d-ae03-1e8968c73734,top_dns,pixel.adsafeprotected.com,2
com.cnn.mobile.android.phone,9099bb51-fcd2-406d-ae03-1e8968c73734,top_dns,googleads.g.doubleclick.net,2
com.cnn.mobile.android.phone,9099bb51-fcd2-406d-ae03-1e8968c73734,top_sni,pagead2.googlesyndication.com,4
com.cnn.mobile.android.phone,9099bb51-fcd2-406d-ae03-1e8968c73734,top_sni,googleads.g.doubleclick.net,4
com.cnn.mobile.android.phone,9099bb51-fcd2-406d-ae03-1e8968c73734,top_sni,combine.urbanairship.com,3
com.cnn.mobile.android.phone,9099bb51-fcd2-406d-ae03-1e8968c73734,top_sni,www.gstatic.com,3
com.cnn.mobile.android.phone,9099bb51-fcd2-406d-ae03-1e8968c73734,top_sni,media.cnn.com,3
com.cnn.mobile.android.phone,9099bb51-fcd2-406d-ae03-1e8968c73734,top_sni,collector.cdp.cnn.com,2
com.cnn.mobile.android.phone,9099bb51-fcd2-406d-ae03-1e8968c73734,top_sni,audience.cnn.com,2
com.cnn.mobile.android.phone,9099bb51-fcd2-406d-ae03-1e8968c73734,top_sni,smetrics.cnn.com,2
com.cnn.mobile.android.phone,9099bb51-fcd2-406d-ae03-1e8968c73734,top_sni,tpc.googlesyndication.com,2
com.cnn.mobile.android.phone,9099bb51-fcd2-406d-ae03-1e8968c73734,top_sni,pixel.adsafeprotected.com,2
com.cnn.mobile.android.phone,9190dab5-8e17-4317-b17d-0f35cb5e730a,top_dns,collector.cdp.cnn.com,6
com.cnn.mobile.android.phone,9190dab5-8e17-4317-b17d-0f35cb5e730a,top_dns,smetrics.cnn.com,6
com.cnn.mobile.android.phone,9190dab5-8e17-4317-b17d-0f35cb5e730a,top_dns,ping.chartbeat.net,4
com.cnn.mobile.android.phone,9190dab5-8e17-4317-b17d-0f35cb5e730a,top_dns,audience.cnn.com,4
com.cnn.mobile.android.phone,9190dab5-8e17-4317-b17d-0f35cb5e730a,top_dns,media.cnn.com,4
com.cnn.mobile.android.phone,9190dab5-8e17-4317-b17d-0f35cb5e730a,top_dns,googleads.g.doubleclick.net,4
com.cnn.mobile.android.phone,9190dab5-8e17-4317-b17d-0f35cb5e730a,top_dns,fonts.gstatic.com,4
com.cnn.mobile.android.phone,9190dab5-8e17-4317-b17d-0f35cb5e730a,top_dns,ssbsync.smartadserver.com,4
com.cnn.mobile.android.phone,9190dab5-8e17-4317-b17d-0f35cb5e730a,top_dns,combine.urbanairship.com,4
com.cnn.mobile.android.phone,9190dab5-8e17-4317-b17d-0f35cb5e730a,top_dns,remote-data.urbanairship.com,2
com.cnn.mobile.android.phone,9190dab5-8e17-4317-b17d-0f35cb5e730a,top_sni,googleads.g.doubleclick.net,7
com.cnn.mobile.android.phone,9190dab5-8e17-4317-b17d-0f35cb5e730a,top_sni,politics-explorer-tiles-static.cnn.io,6
com.cnn.mobile.android.phone,9190dab5-8e17-4317-b17d-0f35cb5e730a,top_sni,collector.cdp.cnn.com,5
com.cnn.mobile.android.phone,9190dab5-8e17-4317-b17d-0f35cb5e730a,top_sni,pagead2.googlesyndication.com,5
com.cnn.mobile.android.phone,9190dab5-8e17-4317-b17d-0f35cb5e730a,top_sni,pixel.adsafeprotected.com,5
com.cnn.mobile.android.phone,9190dab5-8e17-4317-b17d-0f35cb5e730a,top_sni,smetrics.cnn.com,4
com.cnn.mobile.android.phone,9190dab5-8e17-4317-b17d-0f35cb5e730a,top_sni,media.cnn.com,4
com.cnn.mobile.android.phone,9190dab5-8e17-4317-b17d-0f35cb5e730a,top_sni,securepubads.g.doubleclick.net,4
com.cnn.mobile.android.phone,9190dab5-8e17-4317-b17d-0f35cb5e730a,top_sni,dt.adsafeprotected.com,4
com.cnn.mobile.android.phone,9190dab5-8e17-4317-b17d-0f35cb5e730a,top_sni,ping.chartbeat.net,3
com.cnn.mobile.android.phone,d4fb719e-c899-487e-9b8c-8d228e287b69,top_dns,collector.cdp.cnn.com,4
com.cnn.mobile.android.phone,d4fb719e-c899-487e-9b8c-8d228e287b69,top_dns,smetrics.cnn.com,4
com.cnn.mobile.android.phone,d4fb719e-c899-487e-9b8c-8d228e287b69,top_dns,googleads.g.doubleclick.net,4
com.cnn.mobile.android.phone,d4fb719e-c899-487e-9b8c-8d228e287b69,top_dns,securepubads.g.doubleclick.net,4
com.cnn.mobile.android.phone,d4fb719e-c899-487e-9b8c-8d228e287b69,top_dns,mobile.adsafeprotected.com,4
com.cnn.mobile.android.phone,d4fb719e-c899-487e-9b8c-8d228e287b69,top_dns,ping.chartbeat.net,2
com.cnn.mobile.android.phone,d4fb719e-c899-487e-9b8c-8d228e287b69,top_dns,audience.cnn.com,2
com.cnn.mobile.android.phone,d4fb719e-c899-487e-9b8c-8d228e287b69,top_dns,remote-data.urbanairship.com,2
com.cnn.mobile.android.phone,d4fb719e-c899-487e-9b8c-8d228e287b69,top_dns,pagead2.googlesyndication.com,2
com.cnn.mobile.android.phone,d4fb719e-c899-487e-9b8c-8d228e287b69,top_dns,pixel.adsafeprotected.com,2
com.cnn.mobile.android.phone,d4fb719e-c899-487e-9b8c-8d228e287b69,top_sni,pagead2.googlesyndication.com,4
com.cnn.mobile.android.phone,d4fb719e-c899-487e-9b8c-8d228e287b69,top_sni,smetrics.cnn.com,3
com.cnn.mobile.android.phone,d4fb719e-c899-487e-9b8c-8d228e287b69,top_sni,googleads.g.doubleclick.net,3
com.cnn.mobile.android.phone,d4fb719e-c899-487e-9b8c-8d228e287b69,top_sni,collector.cdp.cnn.com,2
com.cnn.mobile.android.phone,d4fb719e-c899-487e-9b8c-8d228e287b69,top_sni,audience.cnn.com,2
com.cnn.mobile.android.phone,d4fb719e-c899-487e-9b8c-8d228e287b69,top_sni,pixel.adsafeprotected.com,2
com.cnn.mobile.android.phone,d4fb719e-c899-487e-9b8c-8d228e287b69,top_sni,securepubads.g.doubleclick.net,2
com.cnn.mobile.android.phone,d4fb719e-c899-487e-9b8c-8d228e287b69,top_sni,mobile.adsafeprotected.com,2
com.cnn.mobile.android.phone,d4fb719e-c899-487e-9b8c-8d228e287b69,top_sni,dt.adsafeprotected.com,2
com.cnn.mobile.android.phone,d4fb719e-c899-487e-9b8c-8d228e287b69,top_sni,combine.urbanairship.com,2
com.cnn.mobile.android.phone,d7f84ff5-a1f5-4895-b7ba-c08ab7da51ad,top_dns,audience.cnn.com,8
com.cnn.mobile.android.phone,d7f84ff5-a1f5-4895-b7ba-c08ab7da51ad,top_dns,collector.cdp.cnn.com,6
com.cnn.mobile.android.phone,d7f84ff5-a1f5-4895-b7ba-c08ab7da51ad,top_dns,combine.urbanairship.com,6
com.cnn.mobile.android.phone,d7f84ff5-a1f5-4895-b7ba-c08ab7da51ad,top_dns,smetrics.cnn.com,6
com.cnn.mobile.android.phone,d7f84ff5-a1f5-4895-b7ba-c08ab7da51ad,top_dns,remote-data.urbanairship.com,4
com.cnn.mobile.android.phone,d7f84ff5-a1f5-4895-b7ba-c08ab7da51ad,top_dns,googleads.g.doubleclick.net,4
com.cnn.mobile.android.phone,d7f84ff5-a1f5-4895-b7ba-c08ab7da51ad,top_dns,ping.chartbeat.net,2
com.cnn.mobile.android.phone,d7f84ff5-a1f5-4895-b7ba-c08ab7da51ad,top_dns,firebaseremoteconfig.googleapis.com,2
com.cnn.mobile.android.phone,d7f84ff5-a1f5-4895-b7ba-c08ab7da51ad,top_dns,media.cnn.com,2
com.cnn.mobile.android.phone,d7f84ff5-a1f5-4895-b7ba-c08ab7da51ad,top_dns,tpc.googlesyndication.com,2
com.cnn.mobile.android.phone,d7f84ff5-a1f5-4895-b7ba-c08ab7da51ad,top_sni,googleads.g.doubleclick.net,6
com.cnn.mobile.android.phone,d7f84ff5-a1f5-4895-b7ba-c08ab7da51ad,top_sni,collector.cdp.cnn.com,4
com.cnn.mobile.android.phone,d7f84ff5-a1f5-4895-b7ba-c08ab7da51ad,top_sni,pixel.adsafeprotected.com,4
com.cnn.mobile.android.phone,d7f84ff5-a1f5-4895-b7ba-c08ab7da51ad,top_sni,combine.urbanairship.com,3
com.cnn.mobile.android.phone,d7f84ff5-a1f5-4895-b7ba-c08ab7da51ad,top_sni,smetrics.cnn.com,3
com.cnn.mobile.android.phone,d7f84ff5-a1f5-4895-b7ba-c08ab7da51ad,top_sni,pagead2.googlesyndication.com,3
com.cnn.mobile.android.phone,d7f84ff5-a1f5-4895-b7ba-c08ab7da51ad,top_sni,dt.adsafeprotected.com,3
com.cnn.mobile.android.phone,d7f84ff5-a1f5-4895-b7ba-c08ab7da51ad,top_sni,fonts.gstatic.com,3
com.cnn.mobile.android.phone,d7f84ff5-a1f5-4895-b7ba-c08ab7da51ad,top_sni,audience.cnn.com,2
com.cnn.mobile.android.phone,d7f84ff5-a1f5-4895-b7ba-c08ab7da51ad,top_sni,remote-data.urbanairship.com,2
com.facebook.katana,0416dc61-5ff0-4271-9d41-a3588588f606,top_dns,graph.facebook.com,6
com.facebook.katana,0416dc61-5ff0-4271-9d41-a3588588f606,top_dns,z-m-gateway.facebook.com,2
com.facebook.katana,0416dc61-5ff0-4271-9d41-a3588588f606,top_dns,scontent.ffcm1-2.fna.fbcdn.net,2
com.facebook.katana,0416dc61-5ff0-4271-9d41-a3588588f606,top_dns,scontent.ffcm1-1.fna.fbcdn.net,2
com.facebook.katana,0416dc61-5ff0-4271-9d41-a3588588f606,top_dns,edge-mqtt.facebook.com,2
com.facebook.katana,0416dc61-5ff0-4271-9d41-a3588588f606,top_dns,payments-graph.facebook.com,2
com.facebook.katana,0416dc61-5ff0-4271-9d41-a3588588f606,top_dns,a7c1bbfa-ee8f-460d-bb6b-72d9d9cab4a3-netseer-ipaddr-assoc.xz.fbcdn.net,2
com.facebook.katana,0416dc61-5ff0-4271-9d41-a3588588f606,top_dns,chat-e2ee-mini.facebook.com,2
com.facebook.katana,0416dc61-5ff0-4271-9d41-a3588588f606,top_dns,mobile.facebook.com,2
com.facebook.katana,0416dc61-5ff0-4271-9d41-a3588588f606,top_dns,a7c1bbfa-ee8f-460d-bb6b-72d9d9cab4a3-netseer-ipaddr-assoc.xy.fbcdn.net,2
com.facebook.katana,0416dc61-5ff0-4271-9d41-a3588588f606,top_sni,payments-graph.facebook.com,4
com.facebook.katana,0416dc61-5ff0-4271-9d41-a3588588f606,top_sni,graph.facebook.com,3
com.facebook.katana,0416dc61-5ff0-4271-9d41-a3588588f606,top_sni,z-m-gateway.facebook.com,1
com.facebook.katana,0416dc61-5ff0-4271-9d41-a3588588f606,top_sni,scontent.ffcm1-2.fna.fbcdn.net,1
com.facebook.katana,0416dc61-5ff0-4271-9d41-a3588588f606,top_sni,scontent.ffcm1-1.fna.fbcdn.net,1
com.facebook.katana,0416dc61-5ff0-4271-9d41-a3588588f606,top_sni,edge-mqtt.facebook.com,1
com.facebook.katana,0416dc61-5ff0-4271-9d41-a3588588f606,top_sni,a7c1bbfa-ee8f-460d-bb6b-72d9d9cab4a3-netseer-ipaddr-assoc.xz.fbcdn.net,1
com.facebook.katana,0416dc61-5ff0-4271-9d41-a3588588f606,top_sni,mobile.facebook.com,1
com.facebook.katana,0416dc61-5ff0-4271-9d41-a3588588f606,top_sni,traffic-nts-ip-assoc.xz.fbcdn.net,1
com.facebook.katana,1b37dbc2-d891-44f5-902d-243c6970f52a,top_dns,graph.facebook.com,10
com.facebook.katana,1b37dbc2-d891-44f5-902d-243c6970f52a,top_dns,lookaside.facebook.com,6
com.facebook.katana,1b37dbc2-d891-44f5-902d-243c6970f52a,top_dns,payments-graph.facebook.com,4
com.facebook.katana,1b37dbc2-d891-44f5-902d-243c6970f52a,top_dns,connect.facebook.net,4
com.facebook.katana,1b37dbc2-d891-44f5-902d-243c6970f52a,top_dns,www.facebook.com,4
com.facebook.katana,1b37dbc2-d891-44f5-902d-243c6970f52a,top_dns,genai-graph.facebook.com,4
com.facebook.katana,1b37dbc2-d891-44f5-902d-243c6970f52a,top_dns,z-m-gateway.facebook.com,2
com.facebook.katana,1b37dbc2-d891-44f5-902d-243c6970f52a,top_dns,edge-mqtt.facebook.com,2
com.facebook.katana,1b37dbc2-d891-44f5-902d-243c6970f52a,top_dns,web.facebook.com,2
com.facebook.katana,1b37dbc2-d891-44f5-902d-243c6970f52a,top_dns,chat-e2ee-mini.facebook.com,2
com.facebook.katana,1b37dbc2-d891-44f5-902d-243c6970f52a,top_sni,connect.facebook.net,14
com.facebook.katana,1b37dbc2-d891-44f5-902d-243c6970f52a,top_sni,www.infosecworldusa.com,8
com.facebook.katana,1b37dbc2-d891-44f5-902d-243c6970f52a,top_sni,payments-graph.facebook.com,7
com.facebook.katana,1b37dbc2-d891-44f5-902d-243c6970f52a,top_sni,static.ffcm1-1.fna.fbcdn.net,6
com.facebook.katana,1b37dbc2-d891-44f5-902d-243c6970f52a,top_sni,scontent.ffcm1-1.fna.fbcdn.net,6
com.facebook.katana,1b37dbc2-d891-44f5-902d-243c6970f52a,top_sni,fonts.gstatic.com,6
com.facebook.katana,1b37dbc2-d891-44f5-902d-243c6970f52a,top_sni,assets.swoogo.com,6
com.facebook.katana,1b37dbc2-d891-44f5-902d-243c6970f52a,top_sni,scontent.ffcm1-2.fna.fbcdn.net,5
com.facebook.katana,1b37dbc2-d891-44f5-902d-243c6970f52a,top_sni,lookaside.facebook.com,5
com.facebook.katana,1b37dbc2-d891-44f5-902d-243c6970f52a,top_sni,graph.facebook.com,5
com.facebook.katana,1fdafb45-49f1-4889-b825-d1f2b1a39278,top_dns,graph.facebook.com,4
com.facebook.katana,1fdafb45-49f1-4889-b825-d1f2b1a39278,top_dns,z-m-gateway.facebook.com,2
com.facebook.katana,1fdafb45-49f1-4889-b825-d1f2b1a39278,top_dns,edge-mqtt.facebook.com,2
com.facebook.katana,1fdafb45-49f1-4889-b825-d1f2b1a39278,top_dns,static.xx.fbcdn.net,2
com.facebook.katana,1fdafb45-49f1-4889-b825-d1f2b1a39278,top_dns,payments-graph.facebook.com,2
com.facebook.katana,1fdafb45-49f1-4889-b825-d1f2b1a39278,top_dns,a57392fb-89b5-4c18-9499-8c3372a422e8-netseer-ipaddr-assoc.xz.fbcdn.net,2
com.facebook.katana,1fdafb45-49f1-4889-b825-d1f2b1a39278,top_dns,a57392fb-89b5-4c18-9499-8c3372a422e8-netseer-ipaddr-assoc.xy.fbcdn.net,2
com.facebook.katana,1fdafb45-49f1-4889-b825-d1f2b1a39278,top_dns,chat-e2ee-mini.facebook.com,2
com.facebook.katana,1fdafb45-49f1-4889-b825-d1f2b1a39278,top_dns,mobile.facebook.com,2
com.facebook.katana,1fdafb45-49f1-4889-b825-d1f2b1a39278,top_dns,traffic-nts-ip-assoc.xz.fbcdn.net,2
com.facebook.katana,1fdafb45-49f1-4889-b825-d1f2b1a39278,top_sni,payments-graph.facebook.com,4
com.facebook.katana,1fdafb45-49f1-4889-b825-d1f2b1a39278,top_sni,web.facebook.com,2
com.facebook.katana,1fdafb45-49f1-4889-b825-d1f2b1a39278,top_sni,graph.facebook.com,2
com.facebook.katana,1fdafb45-49f1-4889-b825-d1f2b1a39278,top_sni,z-m-gateway.facebook.com,1
com.facebook.katana,1fdafb45-49f1-4889-b825-d1f2b1a39278,top_sni,edge-mqtt.facebook.com,1
com.facebook.katana,1fdafb45-49f1-4889-b825-d1f2b1a39278,top_sni,static.xx.fbcdn.net,1
com.facebook.katana,1fdafb45-49f1-4889-b825-d1f2b1a39278,top_sni,a57392fb-89b5-4c18-9499-8c3372a422e8-netseer-ipaddr-assoc.xz.fbcdn.net,1
com.facebook.katana,1fdafb45-49f1-4889-b825-d1f2b1a39278,top_sni,mobile.facebook.com,1
com.facebook.katana,1fdafb45-49f1-4889-b825-d1f2b1a39278,top_sni,traffic-nts-ip-assoc.xz.fbcdn.net,1
com.facebook.katana,1fdafb45-49f1-4889-b825-d1f2b1a39278,top_sni,connect.facebook.net,1
com.facebook.katana,57364e51-4e48-419c-bcf4-1793d184f59f,top_dns,graph.facebook.com,12
com.facebook.katana,57364e51-4e48-419c-bcf4-1793d184f59f,top_dns,www.facebook.com,8
com.facebook.katana,57364e51-4e48-419c-bcf4-1793d184f59f,top_dns,edge-mqtt.facebook.com,4
com.facebook.katana,57364e51-4e48-419c-bcf4-1793d184f59f,top_dns,lookaside.facebook.com,4
com.facebook.katana,57364e51-4e48-419c-bcf4-1793d184f59f,top_dns,z-m-gateway.facebook.com,2
com.facebook.katana,57364e51-4e48-419c-bcf4-1793d184f59f,top_dns,chat-e2ee-mini.facebook.com,2
com.facebook.katana,57364e51-4e48-419c-bcf4-1793d184f59f,top_dns,web.facebook.com,2
com.facebook.katana,57364e51-4e48-419c-bcf4-1793d184f59f,top_dns,scontent.ffcm1-1.fna.fbcdn.net,2
com.facebook.katana,57364e51-4e48-419c-bcf4-1793d184f59f,top_dns,traffic-nts-ip-assoc.xz.fbcdn.net,2
com.facebook.katana,57364e51-4e48-419c-bcf4-1793d184f59f,top_dns,traffic-nts-ip-assoc.xy.fbcdn.net,2
com.facebook.katana,57364e51-4e48-419c-bcf4-1793d184f59f,top_sni,graph.facebook.com,8
com.facebook.katana,57364e51-4e48-419c-bcf4-1793d184f59f,top_sni,scontent.ffcm1-1.fna.fbcdn.net,7
com.facebook.katana,57364e51-4e48-419c-bcf4-1793d184f59f,top_sni,scontent.ffcm1-2.fna.fbcdn.net,7
com.facebook.katana,57364e51-4e48-419c-bcf4-1793d184f59f,top_sni,st1.zoom.us,7
com.facebook.katana,57364e51-4e48-419c-bcf4-1793d184f59f,top_sni,us02st1.zoom.us,6
com.facebook.katana,57364e51-4e48-419c-bcf4-1793d184f59f,top_sni,lookaside.facebook.com,4
com.facebook.katana,57364e51-4e48-419c-bcf4-1793d184f59f,top_sni,us02web.zoom.us,4
com.facebook.katana,57364e51-4e48-419c-bcf4-1793d184f59f,top_sni,payments-graph.facebook.com,3
com.facebook.katana,57364e51-4e48-419c-bcf4-1793d184f59f,top_sni,edge-mqtt.facebook.com,2
com.facebook.katana,57364e51-4e48-419c-bcf4-1793d184f59f,top_sni,web.facebook.com,2
com.facebook.katana,71ee87ee-614a-4045-a704-9e3a0b17ac40,top_dns,graph.facebook.com,16
com.facebook.katana,71ee87ee-614a-4045-a704-9e3a0b17ac40,top_dns,www.facebook.com,6
com.facebook.katana,71ee87ee-614a-4045-a704-9e3a0b17ac40,top_dns,edge-mqtt.facebook.com,4
com.facebook.katana,71ee87ee-614a-4045-a704-9e3a0b17ac40,top_dns,connect.facebook.net,4
com.facebook.katana,71ee87ee-614a-4045-a704-9e3a0b17ac40,top_dns,scontent.ffcm1-2.fna.fbcdn.net,4
com.facebook.katana,71ee87ee-614a-4045-a704-9e3a0b17ac40,top_dns,web.facebook.com,4
com.facebook.katana,71ee87ee-614a-4045-a704-9e3a0b17ac40,top_dns,z-m-gateway.facebook.com,2
com.facebook.katana,71ee87ee-614a-4045-a704-9e3a0b17ac40,top_dns,payments-graph.facebook.com,2
com.facebook.katana,71ee87ee-614a-4045-a704-9e3a0b17ac40,top_dns,70681d3a-21a6-42e0-98b6-4168ccf3cb1f-netseer-ipaddr-assoc.xz.fbcdn.net,2
com.facebook.katana,71ee87ee-614a-4045-a704-9e3a0b17ac40,top_dns,70681d3a-21a6-42e0-98b6-4168ccf3cb1f-netseer-ipaddr-assoc.xy.fbcdn.net,2
com.facebook.katana,71ee87ee-614a-4045-a704-9e3a0b17ac40,top_sni,graph.facebook.com,15
com.facebook.katana,71ee87ee-614a-4045-a704-9e3a0b17ac40,top_sni,scontent.ffcm1-1.fna.fbcdn.net,9
com.facebook.katana,71ee87ee-614a-4045-a704-9e3a0b17ac40,top_sni,scontent.ffcm1-2.fna.fbcdn.net,8
com.facebook.katana,71ee87ee-614a-4045-a704-9e3a0b17ac40,top_sni,payments-graph.facebook.com,4
com.facebook.katana,71ee87ee-614a-4045-a704-9e3a0b17ac40,top_sni,static.ffcm1-1.fna.fbcdn.net,4
com.facebook.katana,71ee87ee-614a-4045-a704-9e3a0b17ac40,top_sni,external.ffcm1-1.fna.fbcdn.net,3
com.facebook.katana,71ee87ee-614a-4045-a704-9e3a0b17ac40,top_sni,edge-mqtt.facebook.com,2
com.facebook.katana,71ee87ee-614a-4045-a704-9e3a0b17ac40,top_sni,traffic-nts-ip-assoc.xz.fbcdn.net,2
com.facebook.katana,71ee87ee-614a-4045-a704-9e3a0b17ac40,top_sni,connect.facebook.net,2
com.facebook.katana,71ee87ee-614a-4045-a704-9e3a0b17ac40,top_sni,web.facebook.com,2
com.facebook.katana,7909f4c7-24ac-4134-b0da-77b87436e875,top_dns,graph.facebook.com,8
com.facebook.katana,7909f4c7-24ac-4134-b0da-77b87436e875,top_dns,z-m-gateway.facebook.com,2
com.facebook.katana,7909f4c7-24ac-4134-b0da-77b87436e875,top_dns,scontent.ffcm1-2.fna.fbcdn.net,2
com.facebook.katana,7909f4c7-24ac-4134-b0da-77b87436e875,top_dns,edge-mqtt.facebook.com,2
com.facebook.katana,7909f4c7-24ac-4134-b0da-77b87436e875,top_dns,payments-graph.facebook.com,2
com.facebook.katana,7909f4c7-24ac-4134-b0da-77b87436e875,top_dns,5c3a854b-8b3c-429a-a8bc-d740b7842c1e-netseer-ipaddr-assoc.xz.fbcdn.net,2
com.facebook.katana,7909f4c7-24ac-4134-b0da-77b87436e875,top_dns,chat-e2ee-mini.facebook.com,2
com.facebook.katana,7909f4c7-24ac-4134-b0da-77b87436e875,top_dns,5c3a854b-8b3c-429a-a8bc-d740b7842c1e-netseer-ipaddr-assoc.xy.fbcdn.net,2
com.facebook.katana,7909f4c7-24ac-4134-b0da-77b87436e875,top_dns,traffic-nts-ip-assoc.xz.fbcdn.net,2
com.facebook.katana,7909f4c7-24ac-4134-b0da-77b87436e875,top_dns,traffic-nts-ip-assoc.xy.fbcdn.net,2
com.facebook.katana,7909f4c7-24ac-4134-b0da-77b87436e875,top_sni,payments-graph.facebook.com,4
com.facebook.katana,7909f4c7-24ac-4134-b0da-77b87436e875,top_sni,graph.facebook.com,4
com.facebook.katana,7909f4c7-24ac-4134-b0da-77b87436e875,top_sni,scontent.ffcm1-2.fna.fbcdn.net,2
com.facebook.katana,7909f4c7-24ac-4134-b0da-77b87436e875,top_sni,scontent.ffcm1-1.fna.fbcdn.net,2
com.facebook.katana,7909f4c7-24ac-4134-b0da-77b87436e875,top_sni,z-m-gateway.facebook.com,1
com.facebook.katana,7909f4c7-24ac-4134-b0da-77b87436e875,top_sni,edge-mqtt.facebook.com,1
com.facebook.katana,7909f4c7-24ac-4134-b0da-77b87436e875,top_sni,5c3a854b-8b3c-429a-a8bc-d740b7842c1e-netseer-ipaddr-assoc.xz.fbcdn.net,1
com.facebook.katana,7909f4c7-24ac-4134-b0da-77b87436e875,top_sni,traffic-nts-ip-assoc.xz.fbcdn.net,1
com.facebook.katana,7909f4c7-24ac-4134-b0da-77b87436e875,top_sni,mobile.facebook.com,1
com.facebook.katana,7909f4c7-24ac-4134-b0da-77b87436e875,top_sni,firebaselogging.googleapis.com,1
com.facebook.katana,ce203d65-1bf4-4a5e-8250-88a8e4d37e2a,top_dns,graph.facebook.com,8
com.facebook.katana,ce203d65-1bf4-4a5e-8250-88a8e4d37e2a,top_dns,www.facebook.com,4
com.facebook.katana,ce203d65-1bf4-4a5e-8250-88a8e4d37e2a,top_dns,lookaside.facebook.com,4
com.facebook.katana,ce203d65-1bf4-4a5e-8250-88a8e4d37e2a,top_dns,z-m-gateway.facebook.com,2
com.facebook.katana,ce203d65-1bf4-4a5e-8250-88a8e4d37e2a,top_dns,chat-e2ee-mini.facebook.com,2
com.facebook.katana,ce203d65-1bf4-4a5e-8250-88a8e4d37e2a,top_dns,connect.facebook.net,2
com.facebook.katana,ce203d65-1bf4-4a5e-8250-88a8e4d37e2a,top_dns,edge-mqtt.facebook.com,2
com.facebook.katana,ce203d65-1bf4-4a5e-8250-88a8e4d37e2a,top_dns,traffic-nts-ip-assoc.xz.fbcdn.net,2
com.facebook.katana,ce203d65-1bf4-4a5e-8250-88a8e4d37e2a,top_dns,traffic-nts-ip-assoc.xy.fbcdn.net,2
com.facebook.katana,ce203d65-1bf4-4a5e-8250-88a8e4d37e2a,top_dns,scontent.ffcm1-1.fna.fbcdn.net,2
com.facebook.katana,ce203d65-1bf4-4a5e-8250-88a8e4d37e2a,top_sni,scontent.ffcm1-1.fna.fbcdn.net,7
com.facebook.katana,ce203d65-1bf4-4a5e-8250-88a8e4d37e2a,top_sni,scontent.ffcm1-2.fna.fbcdn.net,7
com.facebook.katana,ce203d65-1bf4-4a5e-8250-88a8e4d37e2a,top_sni,store.fastly.steamstatic.com,7
com.facebook.katana,ce203d65-1bf4-4a5e-8250-88a8e4d37e2a,top_sni,shared.fastly.steamstatic.com,6
com.facebook.katana,ce203d65-1bf4-4a5e-8250-88a8e4d37e2a,top_sni,graph.facebook.com,4
com.facebook.katana,ce203d65-1bf4-4a5e-8250-88a8e4d37e2a,top_sni,static.ffcm1-1.fna.fbcdn.net,3
com.facebook.katana,ce203d65-1bf4-4a5e-8250-88a8e4d37e2a,top_sni,payments-graph.facebook.com,3
com.facebook.katana,ce203d65-1bf4-4a5e-8250-88a8e4d37e2a,top_sni,store.steampowered.com,3
com.facebook.katana,ce203d65-1bf4-4a5e-8250-88a8e4d37e2a,top_sni,traffic-nts-ip-assoc.xz.fbcdn.net,2
com.facebook.katana,ce203d65-1bf4-4a5e-8250-88a8e4d37e2a,top_sni,lookaside.facebook.com,2
com.facebook.katana,e868467e-50e4-4e5b-b413-6b8c611889e9,top_dns,graph.facebook.com,6
com.facebook.katana,e868467e-50e4-4e5b-b413-6b8c611889e9,top_dns,z-m-gateway.facebook.com,2
com.facebook.katana,e868467e-50e4-4e5b-b413-6b8c611889e9,top_dns,edge-mqtt.facebook.com,2
com.facebook.katana,e868467e-50e4-4e5b-b413-6b8c611889e9,top_dns,sonar6.xy.fbcdn.net,2
com.facebook.katana,e868467e-50e4-4e5b-b413-6b8c611889e9,top_dns,sonar-den2-1.xx.fbcdn.net,2
com.facebook.katana,e868467e-50e4-4e5b-b413-6b8c611889e9,top_dns,payments-graph.facebook.com,2
com.facebook.katana,e868467e-50e4-4e5b-b413-6b8c611889e9,top_dns,5c975def-281b-4abf-8565-da86b01a36c3-netseer-ipaddr-assoc.xz.fbcdn.net,2
com.facebook.katana,e868467e-50e4-4e5b-b413-6b8c611889e9,top_dns,5c975def-281b-4abf-8565-da86b01a36c3-netseer-ipaddr-assoc.xy.fbcdn.net,2
com.facebook.katana,e868467e-50e4-4e5b-b413-6b8c611889e9,top_dns,mobile.facebook.com,2
com.facebook.katana,e868467e-50e4-4e5b-b413-6b8c611889e9,top_dns,web.facebook.com,2
com.facebook.katana,e868467e-50e4-4e5b-b413-6b8c611889e9,top_sni,web.facebook.com,8
com.facebook.katana,e868467e-50e4-4e5b-b413-6b8c611889e9,top_sni,payments-graph.facebook.com,4
com.facebook.katana,e868467e-50e4-4e5b-b413-6b8c611889e9,top_sni,graph.facebook.com,3
com.facebook.katana,e868467e-50e4-4e5b-b413-6b8c611889e9,top_sni,z-m-gateway.facebook.com,1
com.facebook.katana,e868467e-50e4-4e5b-b413-6b8c611889e9,top_sni,edge-mqtt.facebook.com,1
com.facebook.katana,e868467e-50e4-4e5b-b413-6b8c611889e9,top_sni,sonar-den2-1.xx.fbcdn.net,1
com.facebook.katana,e868467e-50e4-4e5b-b413-6b8c611889e9,top_sni,5c975def-281b-4abf-8565-da86b01a36c3-netseer-ipaddr-assoc.xz.fbcdn.net,1
com.facebook.katana,e868467e-50e4-4e5b-b413-6b8c611889e9,top_sni,mobile.facebook.com,1
com.facebook.katana,e868467e-50e4-4e5b-b413-6b8c611889e9,top_sni,connect.facebook.net,1
com.facebook.katana,e868467e-50e4-4e5b-b413-6b8c611889e9,top_sni,b-graph.facebook.com,1
com.facebook.orca,1a976aa9-2fb5-436b-9246-989e2a44ecab,top_dns,edge-mqtt.facebook.com,10
com.facebook.orca,1a976aa9-2fb5-436b-9246-989e2a44ecab,top_dns,graph.facebook.com,2
com.facebook.orca,1a976aa9-2fb5-436b-9246-989e2a44ecab,top_sni,edge-mqtt.facebook.com,5
com.facebook.orca,1a976aa9-2fb5-436b-9246-989e2a44ecab,top_sni,graph.facebook.com,1
com.facebook.orca,1cbf2030-d552-4ed8-b3af-62e2c117f6f3,top_dns,edge-mqtt.facebook.com,6
com.facebook.orca,1cbf2030-d552-4ed8-b3af-62e2c117f6f3,top_dns,graph.facebook.com,6
com.facebook.orca,1cbf2030-d552-4ed8-b3af-62e2c117f6f3,top_dns,firebaselogging.googleapis.com,2
com.facebook.orca,1cbf2030-d552-4ed8-b3af-62e2c117f6f3,top_dns,b-graph.facebook.com,2
com.facebook.orca,1cbf2030-d552-4ed8-b3af-62e2c117f6f3,top_sni,edge-mqtt.facebook.com,3
com.facebook.orca,1cbf2030-d552-4ed8-b3af-62e2c117f6f3,top_sni,graph.facebook.com,3
com.facebook.orca,1cbf2030-d552-4ed8-b3af-62e2c117f6f3,top_sni,firebaselogging.googleapis.com,1
com.facebook.orca,1cbf2030-d552-4ed8-b3af-62e2c117f6f3,top_sni,b-graph.facebook.com,1
com.facebook.orca,4af635d1-7776-4216-bd63-9c71dd02f442,top_dns,graph.facebook.com,6
com.facebook.orca,4af635d1-7776-4216-bd63-9c71dd02f442,top_dns,web.facebook.com,4
com.facebook.orca,4af635d1-7776-4216-bd63-9c71dd02f442,top_dns,www.facebook.com,4
com.facebook.orca,4af635d1-7776-4216-bd63-9c71dd02f442,top_dns,gateway.facebook.com,4
com.facebook.orca,4af635d1-7776-4216-bd63-9c71dd02f442,top_dns,edge-mqtt.facebook.com,2
com.facebook.orca,4af635d1-7776-4216-bd63-9c71dd02f442,top_dns,scontent.xx.fbcdn.net,2
com.facebook.orca,4af635d1-7776-4216-bd63-9c71dd02f442,top_dns,meta.privacy-gateway.cloudflare.com,2
com.facebook.orca,4af635d1-7776-4216-bd63-9c71dd02f442,top_dns,firebaselogging.googleapis.com,2
com.facebook.orca,4af635d1-7776-4216-bd63-9c71dd02f442,top_dns,rupload.facebook.com,2
com.facebook.orca,4af635d1-7776-4216-bd63-9c71dd02f442,top_sni,graph.facebook.com,3
com.facebook.orca,4af635d1-7776-4216-bd63-9c71dd02f442,top_sni,web.facebook.com,2
com.facebook.orca,4af635d1-7776-4216-bd63-9c71dd02f442,top_sni,www.facebook.com,2
com.facebook.orca,4af635d1-7776-4216-bd63-9c71dd02f442,top_sni,gateway.facebook.com,2
com.facebook.orca,4af635d1-7776-4216-bd63-9c71dd02f442,top_sni,edge-mqtt.facebook.com,1
com.facebook.orca,4af635d1-7776-4216-bd63-9c71dd02f442,top_sni,scontent.xx.fbcdn.net,1
com.facebook.orca,4af635d1-7776-4216-bd63-9c71dd02f442,top_sni,meta.privacy-gateway.cloudflare.com,1
com.facebook.orca,4af635d1-7776-4216-bd63-9c71dd02f442,top_sni,firebaselogging.googleapis.com,1
com.facebook.orca,4af635d1-7776-4216-bd63-9c71dd02f442,top_sni,rupload.facebook.com,1
com.facebook.orca,7cfa8484-25b0-443c-8602-b1be2d5fea1f,top_dns,edge-mqtt.facebook.com,10
com.facebook.orca,7cfa8484-25b0-443c-8602-b1be2d5fea1f,top_dns,web.facebook.com,2
com.facebook.orca,7cfa8484-25b0-443c-8602-b1be2d5fea1f,top_dns,b-graph.facebook.com,2
com.facebook.orca,7cfa8484-25b0-443c-8602-b1be2d5fea1f,top_dns,firebaselogging.googleapis.com,2
com.facebook.orca,7cfa8484-25b0-443c-8602-b1be2d5fea1f,top_dns,graph.facebook.com,2
com.facebook.orca,7cfa8484-25b0-443c-8602-b1be2d5fea1f,top_sni,web.facebook.com,12
com.facebook.orca,7cfa8484-25b0-443c-8602-b1be2d5fea1f,top_sni,edge-mqtt.facebook.com,5
com.facebook.orca,7cfa8484-25b0-443c-8602-b1be2d5fea1f,top_sni,b-graph.facebook.com,1
com.facebook.orca,7cfa8484-25b0-443c-8602-b1be2d5fea1f,top_sni,firebaselogging.googleapis.com,1
com.facebook.orca,7cfa8484-25b0-443c-8602-b1be2d5fea1f,top_sni,graph.facebook.com,1
com.facebook.orca,9e2ab664-ca69-4e61-8d7a-ebac20664f01,top_dns,edge-stun.facebook.com,10
com.facebook.orca,9e2ab664-ca69-4e61-8d7a-ebac20664f01,top_dns,graph.facebook.com,6
com.facebook.orca,9e2ab664-ca69-4e61-8d7a-ebac20664f01,top_dns,edge-mqtt.facebook.com,4
com.facebook.orca,9e2ab664-ca69-4e61-8d7a-ebac20664f01,top_dns,messenger.com,4
com.facebook.orca,9e2ab664-ca69-4e61-8d7a-ebac20664f01,top_dns,web.facebook.com,2
com.facebook.orca,9e2ab664-ca69-4e61-8d7a-ebac20664f01,top_dns,payments-graph.facebook.com,2
com.facebook.orca,9e2ab664-ca69-4e61-8d7a-ebac20664f01,top_dns,b-graph.facebook.com,2
com.facebook.orca,9e2ab664-ca69-4e61-8d7a-ebac20664f01,top_dns,scontent.xx.fbcdn.net,2
com.facebook.orca,9e2ab664-ca69-4e61-8d7a-ebac20664f01,top_dns,firebaselogging.googleapis.com,2
com.facebook.orca,9e2ab664-ca69-4e61-8d7a-ebac20664f01,top_sni,web.facebook.com,4
com.facebook.orca,9e2ab664-ca69-4e61-8d7a-ebac20664f01,top_sni,edgeray_client,3
com.facebook.orca,9e2ab664-ca69-4e61-8d7a-ebac20664f01,top_sni,graph.facebook.com,3
com.facebook.orca,9e2ab664-ca69-4e61-8d7a-ebac20664f01,top_sni,edge-mqtt.facebook.com,2
com.facebook.orca,9e2ab664-ca69-4e61-8d7a-ebac20664f01,top_sni,b-graph.facebook.com,2
com.facebook.orca,9e2ab664-ca69-4e61-8d7a-ebac20664f01,top_sni,payments-graph.facebook.com,1
com.facebook.orca,9e2ab664-ca69-4e61-8d7a-ebac20664f01,top_sni,scontent.xx.fbcdn.net,1
com.facebook.orca,9e2ab664-ca69-4e61-8d7a-ebac20664f01,top_sni,firebaselogging.googleapis.com,1
com.facebook.orca,acea44f9-6630-4fcd-8ff2-cfbd5aa892fd,top_dns,edge-mqtt.facebook.com,4
com.facebook.orca,acea44f9-6630-4fcd-8ff2-cfbd5aa892fd,top_dns,graph.facebook.com,2
com.facebook.orca,acea44f9-6630-4fcd-8ff2-cfbd5aa892fd,top_dns,firebaselogging.googleapis.com,2
com.facebook.orca,acea44f9-6630-4fcd-8ff2-cfbd5aa892fd,top_sni,edge-mqtt.facebook.com,2
com.facebook.orca,acea44f9-6630-4fcd-8ff2-cfbd5aa892fd,top_sni,graph.facebook.com,1
com.facebook.orca,acea44f9-6630-4fcd-8ff2-cfbd5aa892fd,top_sni,firebaselogging.googleapis.com,1
com.facebook.orca,dd62d129-5bde-4961-91ed-a1f1e6069a59,top_dns,edge-stun.facebook.com,14
com.facebook.orca,dd62d129-5bde-4961-91ed-a1f1e6069a59,top_dns,graph.facebook.com,8
com.facebook.orca,dd62d129-5bde-4961-91ed-a1f1e6069a59,top_dns,edge-mqtt.facebook.com,4
com.facebook.orca,dd62d129-5bde-4961-91ed-a1f1e6069a59,top_dns,gateway.facebook.com,4
com.facebook.orca,dd62d129-5bde-4961-91ed-a1f1e6069a59,top_dns,messenger.com,4
com.facebook.orca,dd62d129-5bde-4961-91ed-a1f1e6069a59,top_dns,scontent.xx.fbcdn.net,2
com.facebook.orca,dd62d129-5bde-4961-91ed-a1f1e6069a59,top_dns,web.facebook.com,2
com.facebook.orca,dd62d129-5bde-4961-91ed-a1f1e6069a59,top_dns,www.facebook.com,2
com.facebook.orca,dd62d129-5bde-4961-91ed-a1f1e6069a59,top_sni,graph.facebook.com,4
com.facebook.orca,dd62d129-5bde-4961-91ed-a1f1e6069a59,top_sni,edgeray_client,4
com.facebook.orca,dd62d129-5bde-4961-91ed-a1f1e6069a59,top_sni,edge-mqtt.facebook.com,2
com.facebook.orca,dd62d129-5bde-4961-91ed-a1f1e6069a59,top_sni,gateway.facebook.com,2
com.facebook.orca,dd62d129-5bde-4961-91ed-a1f1e6069a59,top_sni,scontent.xx.fbcdn.net,1
com.facebook.orca,dd62d129-5bde-4961-91ed-a1f1e6069a59,top_sni,web.facebook.com,1
com.facebook.orca,dd62d129-5bde-4961-91ed-a1f1e6069a59,top_sni,www.facebook.com,1
com.facebook.orca,f9ca2087-877d-4533-944e-66d4531ac884,top_dns,edge-stun.facebook.com,6
com.facebook.orca,f9ca2087-877d-4533-944e-66d4531ac884,top_dns,graph.facebook.com,6
com.facebook.orca,f9ca2087-877d-4533-944e-66d4531ac884,top_dns,messenger.com,4
com.facebook.orca,f9ca2087-877d-4533-944e-66d4531ac884,top_dns,edge-mqtt.facebook.com,2
com.facebook.orca,f9ca2087-877d-4533-944e-66d4531ac884,top_dns,firebaselogging.googleapis.com,2
com.facebook.orca,f9ca2087-877d-4533-944e-66d4531ac884,top_dns,web.facebook.com,2
com.facebook.orca,f9ca2087-877d-4533-944e-66d4531ac884,top_dns,www.facebook.com,2
com.facebook.orca,f9ca2087-877d-4533-944e-66d4531ac884,top_dns,scontent.xx.fbcdn.net,2
com.facebook.orca,f9ca2087-877d-4533-944e-66d4531ac884,top_dns,lookaside.facebook.com,2
com.facebook.orca,f9ca2087-877d-4533-944e-66d4531ac884,top_sni,edgeray_client,3
com.facebook.orca,f9ca2087-877d-4533-944e-66d4531ac884,top_sni,graph.facebook.com,3
com.facebook.orca,f9ca2087-877d-4533-944e-66d4531ac884,top_sni,edge-mqtt.facebook.com,1
com.facebook.orca,f9ca2087-877d-4533-944e-66d4531ac884,top_sni,firebaselogging.googleapis.com,1
com.facebook.orca,f9ca2087-877d-4533-944e-66d4531ac884,top_sni,web.facebook.com,1
com.facebook.orca,f9ca2087-877d-4533-944e-66d4531ac884,top_sni,www.facebook.com,1
com.facebook.orca,f9ca2087-877d-4533-944e-66d4531ac884,top_sni,scontent.xx.fbcdn.net,1
com.facebook.orca,f9ca2087-877d-4533-944e-66d4531ac884,top_sni,lookaside.facebook.com,1
com.facebook.orca,ffd5c47f-e0de-4ed4-afe6-9a3f7632acef,top_dns,graph.facebook.com,6
com.facebook.orca,ffd5c47f-e0de-4ed4-afe6-9a3f7632acef,top_dns,edge-mqtt.facebook.com,4
com.facebook.orca,ffd5c47f-e0de-4ed4-afe6-9a3f7632acef,top_dns,messenger.com,2
com.facebook.orca,ffd5c47f-e0de-4ed4-afe6-9a3f7632acef,top_dns,edge-stun.facebook.com,2
com.facebook.orca,ffd5c47f-e0de-4ed4-afe6-9a3f7632acef,top_dns,lookaside.facebook.com,2
com.facebook.orca,ffd5c47f-e0de-4ed4-afe6-9a3f7632acef,top_dns,firebaselogging.googleapis.com,2
com.facebook.orca,ffd5c47f-e0de-4ed4-afe6-9a3f7632acef,top_dns,web.facebook.com,2
com.facebook.orca,ffd5c47f-e0de-4ed4-afe6-9a3f7632acef,top_dns,scontent.xx.fbcdn.net,2
com.facebook.orca,ffd5c47f-e0de-4ed4-afe6-9a3f7632acef,top_dns,www.facebook.com,2
com.facebook.orca,ffd5c47f-e0de-4ed4-afe6-9a3f7632acef,top_dns,static.xx.fbcdn.net,2
com.facebook.orca,ffd5c47f-e0de-4ed4-afe6-9a3f7632acef,top_sni,graph.facebook.com,3
com.facebook.orca,ffd5c47f-e0de-4ed4-afe6-9a3f7632acef,top_sni,edge-mqtt.facebook.com,2
com.facebook.orca,ffd5c47f-e0de-4ed4-afe6-9a3f7632acef,top_sni,lookaside.facebook.com,1
com.facebook.orca,ffd5c47f-e0de-4ed4-afe6-9a3f7632acef,top_sni,edgeray_client,1
com.facebook.orca,ffd5c47f-e0de-4ed4-afe6-9a3f7632acef,top_sni,firebaselogging.googleapis.com,1
com.facebook.orca,ffd5c47f-e0de-4ed4-afe6-9a3f7632acef,top_sni,web.facebook.com,1
com.facebook.orca,ffd5c47f-e0de-4ed4-afe6-9a3f7632acef,top_sni,scontent.xx.fbcdn.net,1
com.facebook.orca,ffd5c47f-e0de-4ed4-afe6-9a3f7632acef,top_sni,www.facebook.com,1
com.facebook.orca,ffd5c47f-e0de-4ed4-afe6-9a3f7632acef,top_sni,static.xx.fbcdn.net,1
com.guardian,2ee8bc5c-1ada-4056-8123-fd0435d282b7,top_dns,sdk.fra-01.braze.eu,6
com.guardian,2ee8bc5c-1ada-4056-8123-fd0435d282b7,top_dns,cdn.privacy-mgmt.com,6
com.guardian,2ee8bc5c-1ada-4056-8123-fd0435d282b7,top_dns,ophan.theguardian.com,6
com.guardian,2ee8bc5c-1ada-4056-8123-fd0435d282b7,top_dns,mobile.guardianapis.com,4
com.guardian,2ee8bc5c-1ada-4056-8123-fd0435d282b7,top_dns,www.theguardian.com,4
com.guardian,2ee8bc5c-1ada-4056-8123-fd0435d282b7,top_dns,api.nextgen.guardianapps.co.uk,4
com.guardian,2ee8bc5c-1ada-4056-8123-fd0435d282b7,top_dns,app.adjust.com,2
com.guardian,2ee8bc5c-1ada-4056-8123-fd0435d282b7,top_dns,cdn.permutive.app,2
com.guardian,2ee8bc5c-1ada-4056-8123-fd0435d282b7,top_dns,api.permutive.app,2
com.guardian,2ee8bc5c-1ada-4056-8123-fd0435d282b7,top_dns,secure-messaging-api.guardianapis.com,2
com.guardian,2ee8bc5c-1ada-4056-8123-fd0435d282b7,top_sni,sdk.fra-01.braze.eu,5
com.guardian,2ee8bc5c-1ada-4056-8123-fd0435d282b7,top_sni,assets.guim.co.uk,5
com.guardian,2ee8bc5c-1ada-4056-8123-fd0435d282b7,top_sni,ophan.theguardian.com,4
com.guardian,2ee8bc5c-1ada-4056-8123-fd0435d282b7,top_sni,app.adjust.com,3
com.guardian,2ee8bc5c-1ada-4056-8123-fd0435d282b7,top_sni,cdn.privacy-mgmt.com,3
com.guardian,2ee8bc5c-1ada-4056-8123-fd0435d282b7,top_sni,cdn.permutive.app,2
com.guardian,2ee8bc5c-1ada-4056-8123-fd0435d282b7,top_sni,mobile.guardianapis.com,2
com.guardian,2ee8bc5c-1ada-4056-8123-fd0435d282b7,top_sni,api.permutive.app,2
com.guardian,2ee8bc5c-1ada-4056-8123-fd0435d282b7,top_sni,www.theguardian.com,1
com.guardian,2ee8bc5c-1ada-4056-8123-fd0435d282b7,top_sni,api.nextgen.guardianapps.co.uk,1
com.guardian,4650408e-95c9-41a5-b2a6-24b79c9a2b54,top_dns,sdk.fra-01.braze.eu,6
com.guardian,4650408e-95c9-41a5-b2a6-24b79c9a2b54,top_dns,ophan.theguardian.com,6
com.guardian,4650408e-95c9-41a5-b2a6-24b79c9a2b54,top_dns,i.guim.co.uk,4
com.guardian,4650408e-95c9-41a5-b2a6-24b79c9a2b54,top_dns,www.theguardian.com,4
com.guardian,4650408e-95c9-41a5-b2a6-24b79c9a2b54,top_dns,app.adjust.com,2
com.guardian,4650408e-95c9-41a5-b2a6-24b79c9a2b54,top_dns,cdn.permutive.app,2
com.guardian,4650408e-95c9-41a5-b2a6-24b79c9a2b54,top_dns,cdn.privacy-mgmt.com,2
com.guardian,4650408e-95c9-41a5-b2a6-24b79c9a2b54,top_dns,mobile.guardianapis.com,2
com.guardian,4650408e-95c9-41a5-b2a6-24b79c9a2b54,top_dns,census-app.scorecardresearch.com,2
com.guardian,4650408e-95c9-41a5-b2a6-24b79c9a2b54,top_dns,api.permutive.app,2
com.guardian,4650408e-95c9-41a5-b2a6-24b79c9a2b54,top_sni,i.guim.co.uk,6
com.guardian,4650408e-95c9-41a5-b2a6-24b79c9a2b54,top_sni,csi.gstatic.com,6
com.guardian,4650408e-95c9-41a5-b2a6-24b79c9a2b54,top_sni,pagead2.googlesyndication.com,5
com.guardian,4650408e-95c9-41a5-b2a6-24b79c9a2b54,top_sni,sdk.fra-01.braze.eu,4
com.guardian,4650408e-95c9-41a5-b2a6-24b79c9a2b54,top_sni,stats.mainroll.com,4
com.guardian,4650408e-95c9-41a5-b2a6-24b79c9a2b54,top_sni,app.adjust.com,3
com.guardian,4650408e-95c9-41a5-b2a6-24b79c9a2b54,top_sni,ophan.theguardian.com,3
com.guardian,4650408e-95c9-41a5-b2a6-24b79c9a2b54,top_sni,discussion.theguardian.com,3
com.guardian,4650408e-95c9-41a5-b2a6-24b79c9a2b54,top_sni,cdn.permutive.app,2
com.guardian,4650408e-95c9-41a5-b2a6-24b79c9a2b54,top_sni,api.permutive.app,2
com.guardian,800ac262-2eea-4a17-b53b-bfd592d51fa6,top_dns,ophan.theguardian.com,8
com.guardian,800ac262-2eea-4a17-b53b-bfd592d51fa6,top_dns,sdk.fra-01.braze.eu,6
com.guardian,800ac262-2eea-4a17-b53b-bfd592d51fa6,top_dns,cdn.privacy-mgmt.com,4
com.guardian,800ac262-2eea-4a17-b53b-bfd592d51fa6,top_dns,app.adjust.com,2
com.guardian,800ac262-2eea-4a17-b53b-bfd592d51fa6,top_dns,cdn.permutive.app,2
com.guardian,800ac262-2eea-4a17-b53b-bfd592d51fa6,top_dns,mobile.guardianapis.com,2
com.guardian,800ac262-2eea-4a17-b53b-bfd592d51fa6,top_dns,puzzle.guardianapis.com,2
com.guardian,800ac262-2eea-4a17-b53b-bfd592d51fa6,top_dns,i.guim.co.uk,2
com.guardian,800ac262-2eea-4a17-b53b-bfd592d51fa6,top_dns,api.permutive.app,2
com.guardian,800ac262-2eea-4a17-b53b-bfd592d51fa6,top_dns,secure-messaging-api.guardianapis.com,2
com.guardian,800ac262-2eea-4a17-b53b-bfd592d51fa6,top_sni,sdk.fra-01.braze.eu,7
com.guardian,800ac262-2eea-4a17-b53b-bfd592d51fa6,top_sni,i.guim.co.uk,5
com.guardian,800ac262-2eea-4a17-b53b-bfd592d51fa6,top_sni,ophan.theguardian.com,4
com.guardian,800ac262-2eea-4a17-b53b-bfd592d51fa6,top_sni,cdn.permutive.app,2
com.guardian,800ac262-2eea-4a17-b53b-bfd592d51fa6,top_sni,cdn.privacy-mgmt.com,2
com.guardian,800ac262-2eea-4a17-b53b-bfd592d51fa6,top_sni,api.permutive.app,2
com.guardian,800ac262-2eea-4a17-b53b-bfd592d51fa6,top_sni,app.adjust.com,1
com.guardian,800ac262-2eea-4a17-b53b-bfd592d51fa6,top_sni,mobile.guardianapis.com,1
com.guardian,800ac262-2eea-4a17-b53b-bfd592d51fa6,top_sni,firebaselogging.googleapis.com,1
com.guardian,800ac262-2eea-4a17-b53b-bfd592d51fa6,top_sni,firebaselogging-pa.googleapis.com,1
com.guardian,8769f768-51ae-4e01-9b14-ae62ba34679c,top_dns,sdk.fra-01.braze.eu,6
com.guardian,8769f768-51ae-4e01-9b14-ae62ba34679c,top_dns,ophan.theguardian.com,4
com.guardian,8769f768-51ae-4e01-9b14-ae62ba34679c,top_dns,mobile.guardianapis.com,2
com.guardian,8769f768-51ae-4e01-9b14-ae62ba34679c,top_dns,www.theguardian.com,2
com.guardian,8769f768-51ae-4e01-9b14-ae62ba34679c,top_dns,api.permutive.app,2
com.guardian,8769f768-51ae-4e01-9b14-ae62ba34679c,top_dns,secure-messaging-api.guardianapis.com,2
com.guardian,8769f768-51ae-4e01-9b14-ae62ba34679c,top_dns,secure-messaging-msg.guardianapis.com,2
com.guardian,8769f768-51ae-4e01-9b14-ae62ba34679c,top_dns,firebaselogging-pa.googleapis.com,2
com.guardian,8769f768-51ae-4e01-9b14-ae62ba34679c,top_dns,firebaselogging.googleapis.com,2
com.guardian,8769f768-51ae-4e01-9b14-ae62ba34679c,top_dns,cdn.privacy-mgmt.com,2
com.guardian,8769f768-51ae-4e01-9b14-ae62ba34679c,top_sni,sdk.fra-01.braze.eu,4
com.guardian,8769f768-51ae-4e01-9b14-ae62ba34679c,top_sni,api.permutive.app,3
com.guardian,8769f768-51ae-4e01-9b14-ae62ba34679c,top_sni,ophan.theguardian.com,2
com.guardian,8769f768-51ae-4e01-9b14-ae62ba34679c,top_sni,app.adjust.com,2
com.guardian,8769f768-51ae-4e01-9b14-ae62ba34679c,top_sni,mobile.guardianapis.com,1
com.guardian,8769f768-51ae-4e01-9b14-ae62ba34679c,top_sni,firebaselogging-pa.googleapis.com,1
com.guardian,8769f768-51ae-4e01-9b14-ae62ba34679c,top_sni,firebaselogging.googleapis.com,1
com.guardian,8769f768-51ae-4e01-9b14-ae62ba34679c,top_sni,cdn.privacy-mgmt.com,1
com.guardian,881032b5-61d5-4e7a-8638-8607a95034a5,top_dns,sdk.fra-01.braze.eu,24
com.guardian,881032b5-61d5-4e7a-8638-8607a95034a5,top_dns,cdn.privacy-mgmt.com,16
com.guardian,881032b5-61d5-4e7a-8638-8607a95034a5,top_dns,ophan.theguardian.com,14
com.guardian,881032b5-61d5-4e7a-8638-8607a95034a5,top_dns,mobile.guardianapis.com,12
com.guardian,881032b5-61d5-4e7a-8638-8607a95034a5,top_dns,secure-messaging-api.guardianapis.com,10
com.guardian,881032b5-61d5-4e7a-8638-8607a95034a5,top_dns,www.theguardian.com,10
com.guardian,881032b5-61d5-4e7a-8638-8607a95034a5,top_dns,i.guim.co.uk,8
com.guardian,881032b5-61d5-4e7a-8638-8607a95034a5,top_dns,assets.guim.co.uk,6
com.guardian,881032b5-61d5-4e7a-8638-8607a95034a5,top_dns,api.nextgen.guardianapps.co.uk,6
com.guardian,881032b5-61d5-4e7a-8638-8607a95034a5,top_dns,hits-secure.theguardian.com,6
com.guardian,881032b5-61d5-4e7a-8638-8607a95034a5,top_sni,sdk.fra-01.braze.eu,21
com.guardian,881032b5-61d5-4e7a-8638-8607a95034a5,top_sni,app.adjust.com,15
com.guardian,881032b5-61d5-4e7a-8638-8607a95034a5,top_sni,api.permutive.app,11
com.guardian,881032b5-61d5-4e7a-8638-8607a95034a5,top_sni,i.guim.co.uk,10
com.guardian,881032b5-61d5-4e7a-8638-8607a95034a5,top_sni,ophan.theguardian.com,10
com.guardian,881032b5-61d5-4e7a-8638-8607a95034a5,top_sni,cdn.privacy-mgmt.com,9
com.guardian,881032b5-61d5-4e7a-8638-8607a95034a5,top_sni,mobile.guardianapis.com,5
com.guardian,881032b5-61d5-4e7a-8638-8607a95034a5,top_sni,googleads.g.doubleclick.net,5
com.guardian,881032b5-61d5-4e7a-8638-8607a95034a5,top_sni,cdn.permutive.app,4
com.guardian,881032b5-61d5-4e7a-8638-8607a95034a5,top_sni,mdtb-cf-2.ads.aps.amazon-adsystem.com,3
com.guardian,98638ca8-d2fc-4424-a5f0-1c0371def4b2,top_dns,sdk.fra-01.braze.eu,4
com.guardian,98638ca8-d2fc-4424-a5f0-1c0371def4b2,top_dns,ophan.theguardian.com,4
com.guardian,98638ca8-d2fc-4424-a5f0-1c0371def4b2,top_dns,firebaselogging-pa.googleapis.com,2
com.guardian,98638ca8-d2fc-4424-a5f0-1c0371def4b2,top_dns,app.adjust.com,2
com.guardian,98638ca8-d2fc-4424-a5f0-1c0371def4b2,top_dns,cdn.permutive.app,2
com.guardian,98638ca8-d2fc-4424-a5f0-1c0371def4b2,top_dns,cdn.privacy-mgmt.com,2
com.guardian,98638ca8-d2fc-4424-a5f0-1c0371def4b2,top_dns,firebaselogging.googleapis.com,2
com.guardian,98638ca8-d2fc-4424-a5f0-1c0371def4b2,top_dns,mobile.guardianapis.com,2
com.guardian,98638ca8-d2fc-4424-a5f0-1c0371def4b2,top_dns,api.permutive.app,2
com.guardian,98638ca8-d2fc-4424-a5f0-1c0371def4b2,top_dns,puzzle.guardianapis.com,2
com.guardian,98638ca8-d2fc-4424-a5f0-1c0371def4b2,top_sni,i.guim.co.uk,5
com.guardian,98638ca8-d2fc-4424-a5f0-1c0371def4b2,top_sni,sdk.fra-01.braze.eu,3
com.guardian,98638ca8-d2fc-4424-a5f0-1c0371def4b2,top_sni,cdn.permutive.app,2
com.guardian,98638ca8-d2fc-4424-a5f0-1c0371def4b2,top_sni,ophan.theguardian.com,2
com.guardian,98638ca8-d2fc-4424-a5f0-1c0371def4b2,top_sni,firebaselogging-pa.googleapis.com,1
com.guardian,98638ca8-d2fc-4424-a5f0-1c0371def4b2,top_sni,app.adjust.com,1
com.guardian,98638ca8-d2fc-4424-a5f0-1c0371def4b2,top_sni,cdn.privacy-mgmt.com,1
com.guardian,98638ca8-d2fc-4424-a5f0-1c0371def4b2,top_sni,firebaselogging.googleapis.com,1
com.guardian,98638ca8-d2fc-4424-a5f0-1c0371def4b2,top_sni,mobile.guardianapis.com,1
com.guardian,98638ca8-d2fc-4424-a5f0-1c0371def4b2,top_sni,api.permutive.app,1
com.guardian,a19e9b4b-0f38-4f73-a486-323785896b3b,top_dns,sdk.fra-01.braze.eu,4
com.guardian,a19e9b4b-0f38-4f73-a486-323785896b3b,top_dns,ophan.theguardian.com,4
com.guardian,a19e9b4b-0f38-4f73-a486-323785896b3b,top_dns,census-app.scorecardresearch.com,2
com.guardian,a19e9b4b-0f38-4f73-a486-323785896b3b,top_dns,cdn.permutive.app,2
com.guardian,a19e9b4b-0f38-4f73-a486-323785896b3b,top_dns,app.adjust.com,2
com.guardian,a19e9b4b-0f38-4f73-a486-323785896b3b,top_dns,cdn.privacy-mgmt.com,2
com.guardian,a19e9b4b-0f38-4f73-a486-323785896b3b,top_dns,mobile.guardianapis.com,2
com.guardian,a19e9b4b-0f38-4f73-a486-323785896b3b,top_dns,api.permutive.app,2
com.guardian,a19e9b4b-0f38-4f73-a486-323785896b3b,top_dns,www.theguardian.com,2
com.guardian,a19e9b4b-0f38-4f73-a486-323785896b3b,top_dns,secure-messaging-api.guardianapis.com,2
com.guardian,a19e9b4b-0f38-4f73-a486-323785896b3b,top_sni,cdn.permutive.app,2
com.guardian,a19e9b4b-0f38-4f73-a486-323785896b3b,top_sni,sdk.fra-01.braze.eu,2
com.guardian,a19e9b4b-0f38-4f73-a486-323785896b3b,top_sni,ophan.theguardian.com,2
com.guardian,a19e9b4b-0f38-4f73-a486-323785896b3b,top_sni,census-app.scorecardresearch.com,1
com.guardian,a19e9b4b-0f38-4f73-a486-323785896b3b,top_sni,cdn.privacy-mgmt.com,1
com.guardian,a19e9b4b-0f38-4f73-a486-323785896b3b,top_sni,app.adjust.com,1
com.guardian,a19e9b4b-0f38-4f73-a486-323785896b3b,top_sni,mobile.guardianapis.com,1
com.guardian,a19e9b4b-0f38-4f73-a486-323785896b3b,top_sni,api.permutive.app,1
com.guardian,a19e9b4b-0f38-4f73-a486-323785896b3b,top_sni,firebaselogging-pa.googleapis.com,1
com.guardian,a19e9b4b-0f38-4f73-a486-323785896b3b,top_sni,firebaselogging.googleapis.com,1
com.guardian,af792cda-682b-4103-925b-a053b28cff1f,top_dns,i.guim.co.uk,18
com.guardian,af792cda-682b-4103-925b-a053b28cff1f,top_dns,sdk.fra-01.braze.eu,16
com.guardian,af792cda-682b-4103-925b-a053b28cff1f,top_dns,ophan.theguardian.com,16
com.guardian,af792cda-682b-4103-925b-a053b28cff1f,top_dns,cdn.privacy-mgmt.com,10
com.guardian,af792cda-682b-4103-925b-a053b28cff1f,top_dns,www.theguardian.com,10
com.guardian,af792cda-682b-4103-925b-a053b28cff1f,top_dns,mobile.guardianapis.com,8
com.guardian,af792cda-682b-4103-925b-a053b28cff1f,top_dns,csi.gstatic.com,8
com.guardian,af792cda-682b-4103-925b-a053b28cff1f,top_dns,assets.guim.co.uk,8
com.guardian,af792cda-682b-4103-925b-a053b28cff1f,top_dns,j.ophan.co.uk,8
com.guardian,af792cda-682b-4103-925b-a053b28cff1f,top_dns,support.theguardian.com,8
com.guardian,af792cda-682b-4103-925b-a053b28cff1f,top_sni,i.guim.co.uk,24
com.guardian,af792cda-682b-4103-925b-a053b28cff1f,top_sni,sdk.fra-01.braze.eu,16
com.guardian,af792cda-682b-4103-925b-a053b28cff1f,top_sni,csi.gstatic.com,11
com.guardian,af792cda-682b-4103-925b-a053b28cff1f,top_sni,ophan.theguardian.com,10
com.guardian,af792cda-682b-4103-925b-a053b28cff1f,top_sni,assets.guim.co.uk,9
com.guardian,af792cda-682b-4103-925b-a053b28cff1f,top_sni,api.permutive.app,6
com.guardian,af792cda-682b-4103-925b-a053b28cff1f,top_sni,googleads.g.doubleclick.net,6
com.guardian,af792cda-682b-4103-925b-a053b28cff1f,top_sni,ts.amazon-adsystem.com,6
com.guardian,af792cda-682b-4103-925b-a053b28cff1f,top_sni,tpsc-ue1.doubleverify.com,6
com.guardian,af792cda-682b-4103-925b-a053b28cff1f,top_sni,cdn.privacy-mgmt.com,5
com.guardian,c32d10f5-5d28-49ef-bfe9-3c424ca5823b,top_dns,i.guim.co.uk,16
com.guardian,c32d10f5-5d28-49ef-bfe9-3c424ca5823b,top_dns,ophan.theguardian.com,10
com.guardian,c32d10f5-5d28-49ef-bfe9-3c424ca5823b,top_dns,cell8003.iad.mobile.bid-na.ads.aps.amazon-adsystem.com,10
com.guardian,c32d10f5-5d28-49ef-bfe9-3c424ca5823b,top_dns,sdk.fra-01.braze.eu,8
com.guardian,c32d10f5-5d28-49ef-bfe9-3c424ca5823b,top_dns,mdtb-cf-2.ads.aps.amazon-adsystem.com,8
com.guardian,c32d10f5-5d28-49ef-bfe9-3c424ca5823b,top_dns,www.theguardian.com,6
com.guardian,c32d10f5-5d28-49ef-bfe9-3c424ca5823b,top_dns,ts.amazon-adsystem.com,6
com.guardian,c32d10f5-5d28-49ef-bfe9-3c424ca5823b,top_dns,tungsten-service.prod.na.adsqtungsten.a9.amazon.dev,6
com.guardian,c32d10f5-5d28-49ef-bfe9-3c424ca5823b,top_dns,www.btd-cmh.tq-tungsten.com,6
com.guardian,c32d10f5-5d28-49ef-bfe9-3c424ca5823b,top_dns,aax-events-cell01-cf.us-east.aps.axp.amazon-adsystem.com,6
com.guardian,c32d10f5-5d28-49ef-bfe9-3c424ca5823b,top_sni,googleads.g.doubleclick.net,16
com.guardian,c32d10f5-5d28-49ef-bfe9-3c424ca5823b,top_sni,ts.amazon-adsystem.com,13
com.guardian,c32d10f5-5d28-49ef-bfe9-3c424ca5823b,top_sni,app.adjust.com,10
com.guardian,c32d10f5-5d28-49ef-bfe9-3c424ca5823b,top_sni,mdtb-cf-2.ads.aps.amazon-adsystem.com,7
com.guardian,c32d10f5-5d28-49ef-bfe9-3c424ca5823b,top_sni,cell8003.iad.mobile.bid-na.ads.aps.amazon-adsystem.com,7
com.guardian,c32d10f5-5d28-49ef-bfe9-3c424ca5823b,top_sni,m.media-amazon.com,7
com.guardian,c32d10f5-5d28-49ef-bfe9-3c424ca5823b,top_sni,unagi-na.amazon.com,7
com.guardian,c32d10f5-5d28-49ef-bfe9-3c424ca5823b,top_sni,sdk.fra-01.braze.eu,6
com.guardian,c32d10f5-5d28-49ef-bfe9-3c424ca5823b,top_sni,ophan.theguardian.com,6
com.guardian,c32d10f5-5d28-49ef-bfe9-3c424ca5823b,top_sni,i.guim.co.uk,6
com.instagram.android,a86281b8-bf39-4ff4-97a4-1c446d1cef03,top_dns,z-p42-chat-e2ee-ig.facebook.com,14
com.instagram.android,a86281b8-bf39-4ff4-97a4-1c446d1cef03,top_dns,edge-mqtt.facebook.com,14
com.instagram.android,a86281b8-bf39-4ff4-97a4-1c446d1cef03,top_dns,z-m-gateway.facebook.com,6
com.instagram.android,a86281b8-bf39-4ff4-97a4-1c446d1cef03,top_dns,graph.facebook.com,4
com.instagram.android,a86281b8-bf39-4ff4-97a4-1c446d1cef03,top_dns,i.instagram.com,4
com.instagram.android,a86281b8-bf39-4ff4-97a4-1c446d1cef03,top_dns,web.facebook.com,2
com.instagram.android,a86281b8-bf39-4ff4-97a4-1c446d1cef03,top_dns,b11502d2-e213-4068-82c0-42a2b60e157e-netseer-ipaddr-assoc.xz.fbcdn.net,2
com.instagram.android,a86281b8-bf39-4ff4-97a4-1c446d1cef03,top_dns,b11502d2-e213-4068-82c0-42a2b60e157e-netseer-ipaddr-assoc.xy.fbcdn.net,2
com.instagram.android,a86281b8-bf39-4ff4-97a4-1c446d1cef03,top_dns,graph-fallback.facebook.com,2
com.instagram.android,a86281b8-bf39-4ff4-97a4-1c446d1cef03,top_dns,i-fallback.instagram.com,2
com.instagram.android,a86281b8-bf39-4ff4-97a4-1c446d1cef03,top_sni,edge-mqtt.facebook.com,7
com.instagram.android,a86281b8-bf39-4ff4-97a4-1c446d1cef03,top_sni,z-m-gateway.facebook.com,3
com.instagram.android,a86281b8-bf39-4ff4-97a4-1c446d1cef03,top_sni,graph.facebook.com,2
com.instagram.android,a86281b8-bf39-4ff4-97a4-1c446d1cef03,top_sni,web.facebook.com,1
com.instagram.android,a86281b8-bf39-4ff4-97a4-1c446d1cef03,top_sni,b11502d2-e213-4068-82c0-42a2b60e157e-netseer-ipaddr-assoc.xz.fbcdn.net,1
com.instagram.android,a86281b8-bf39-4ff4-97a4-1c446d1cef03,top_sni,i.instagram.com,1
com.instagram.android,bed92445-4088-4c29-82d7-8fecd0d8edb2,top_dns,edge-mqtt.facebook.com,30
com.instagram.android,bed92445-4088-4c29-82d7-8fecd0d8edb2,top_dns,z-p42-chat-e2ee-ig.facebook.com,30
com.instagram.android,bed92445-4088-4c29-82d7-8fecd0d8edb2,top_dns,z-m-gateway.facebook.com,6
com.instagram.android,bed92445-4088-4c29-82d7-8fecd0d8edb2,top_dns,i.instagram.com,6
com.instagram.android,bed92445-4088-4c29-82d7-8fecd0d8edb2,top_dns,graph.facebook.com,6
com.instagram.android,bed92445-4088-4c29-82d7-8fecd0d8edb2,top_dns,i-fallback.instagram.com,4
com.instagram.android,bed92445-4088-4c29-82d7-8fecd0d8edb2,top_dns,graph-fallback.facebook.com,4
com.instagram.android,bed92445-4088-4c29-82d7-8fecd0d8edb2,top_dns,graph.instagram.com,4
com.instagram.android,bed92445-4088-4c29-82d7-8fecd0d8edb2,top_dns,graph-fallback.instagram.com,4
com.instagram.android,bed92445-4088-4c29-82d7-8fecd0d8edb2,top_dns,instagram.ffcm1-1.fna.fbcdn.net,2
com.instagram.android,bed92445-4088-4c29-82d7-8fecd0d8edb2,top_sni,edge-mqtt.facebook.com,15
com.instagram.android,bed92445-4088-4c29-82d7-8fecd0d8edb2,top_sni,z-m-gateway.facebook.com,3
com.instagram.android,bed92445-4088-4c29-82d7-8fecd0d8edb2,top_sni,graph.facebook.com,2
com.instagram.android,bed92445-4088-4c29-82d7-8fecd0d8edb2,top_sni,instagram.ffcm1-1.fna.fbcdn.net,1
com.instagram.android,bed92445-4088-4c29-82d7-8fecd0d8edb2,top_sni,instagram.ffcm1-2.fna.fbcdn.net,1
com.instagram.android,bed92445-4088-4c29-82d7-8fecd0d8edb2,top_sni,i.instagram.com,1
com.instagram.android,bed92445-4088-4c29-82d7-8fecd0d8edb2,top_sni,web.facebook.com,1
com.instagram.android,bed92445-4088-4c29-82d7-8fecd0d8edb2,top_sni,ea243b9b-bb19-4e23-904c-43ebf96a53c7-netseer-ipaddr-assoc.xz.fbcdn.net,1
com.instagram.android,bed92445-4088-4c29-82d7-8fecd0d8edb2,top_sni,lookaside.facebook.com,1
com.instagram.android,bed92445-4088-4c29-82d7-8fecd0d8edb2,top_sni,e6d32c71-f9c0-485a-b5d6-8d8588119be1-netseer-ipaddr-assoc.xz.fbcdn.net,1
com.instagram.android,c6745dc2-ac8c-48bb-8066-498f9eb9f2f5,top_dns,edge-mqtt.facebook.com,12
com.instagram.android,c6745dc2-ac8c-48bb-8066-498f9eb9f2f5,top_dns,z-p42-chat-e2ee-ig.facebook.com,12
com.instagram.android,c6745dc2-ac8c-48bb-8066-498f9eb9f2f5,top_dns,i.instagram.com,4
com.instagram.android,c6745dc2-ac8c-48bb-8066-498f9eb9f2f5,top_dns,z-m-gateway.facebook.com,4
com.instagram.android,c6745dc2-ac8c-48bb-8066-498f9eb9f2f5,top_dns,graph.facebook.com,4
com.instagram.android,c6745dc2-ac8c-48bb-8066-498f9eb9f2f5,top_dns,f23079bb-0fbd-4250-9650-f49491cf5eee-netseer-ipaddr-assoc.xz.fbcdn.net,2
com.instagram.android,c6745dc2-ac8c-48bb-8066-498f9eb9f2f5,top_dns,f23079bb-0fbd-4250-9650-f49491cf5eee-netseer-ipaddr-assoc.xy.fbcdn.net,2
com.instagram.android,c6745dc2-ac8c-48bb-8066-498f9eb9f2f5,top_dns,i-fallback.instagram.com,2
com.instagram.android,c6745dc2-ac8c-48bb-8066-498f9eb9f2f5,top_dns,graph-fallback.facebook.com,2
com.instagram.android,c6745dc2-ac8c-48bb-8066-498f9eb9f2f5,top_dns,graph.instagram.com,2
com.instagram.android,c6745dc2-ac8c-48bb-8066-498f9eb9f2f5,top_sni,edge-mqtt.facebook.com,6
com.instagram.android,c6745dc2-ac8c-48bb-8066-498f9eb9f2f5,top_sni,z-m-gateway.facebook.com,2
com.instagram.android,c6745dc2-ac8c-48bb-8066-498f9eb9f2f5,top_sni,graph.facebook.com,2
com.instagram.android,c6745dc2-ac8c-48bb-8066-498f9eb9f2f5,top_sni,i.instagram.com,1
com.instagram.android,c6745dc2-ac8c-48bb-8066-498f9eb9f2f5,top_sni,f23079bb-0fbd-4250-9650-f49491cf5eee-netseer-ipaddr-assoc.xz.fbcdn.net,1
com.instagram.android,db16b18d-892a-48f4-9ea6-3d059c67024c,top_dns,edge-mqtt.facebook.com,12
com.instagram.android,db16b18d-892a-48f4-9ea6-3d059c67024c,top_dns,z-p42-chat-e2ee-ig.facebook.com,10
com.instagram.android,db16b18d-892a-48f4-9ea6-3d059c67024c,top_dns,i.instagram.com,4
com.instagram.android,db16b18d-892a-48f4-9ea6-3d059c67024c,top_dns,graph.facebook.com,4
com.instagram.android,db16b18d-892a-48f4-9ea6-3d059c67024c,top_dns,z-m-gateway.facebook.com,2
com.instagram.android,db16b18d-892a-48f4-9ea6-3d059c67024c,top_dns,d560c790-7d10-4d5b-994a-c79f265044e5-netseer-ipaddr-assoc.xz.fbcdn.net,2
com.instagram.android,db16b18d-892a-48f4-9ea6-3d059c67024c,top_dns,d560c790-7d10-4d5b-994a-c79f265044e5-netseer-ipaddr-assoc.xy.fbcdn.net,2
com.instagram.android,db16b18d-892a-48f4-9ea6-3d059c67024c,top_dns,graph-fallback.facebook.com,2
com.instagram.android,db16b18d-892a-48f4-9ea6-3d059c67024c,top_dns,i-fallback.instagram.com,2
com.instagram.android,db16b18d-892a-48f4-9ea6-3d059c67024c,top_dns,graph.instagram.com,2
com.instagram.android,db16b18d-892a-48f4-9ea6-3d059c67024c,top_sni,edge-mqtt.facebook.com,6
com.instagram.android,db16b18d-892a-48f4-9ea6-3d059c67024c,top_sni,graph.facebook.com,2
com.instagram.android,db16b18d-892a-48f4-9ea6-3d059c67024c,top_sni,z-m-gateway.facebook.com,1
com.instagram.android,db16b18d-892a-48f4-9ea6-3d059c67024c,top_sni,d560c790-7d10-4d5b-994a-c79f265044e5-netseer-ipaddr-assoc.xz.fbcdn.net,1
com.instagram.android,db16b18d-892a-48f4-9ea6-3d059c67024c,top_sni,i.instagram.com,1
com.instagram.android,e30e640a-13a9-48db-b900-c021d4700776,top_dns,edge-mqtt.facebook.com,12
com.instagram.android,e30e640a-13a9-48db-b900-c021d4700776,top_dns,z-p42-chat-e2ee-ig.facebook.com,12
com.instagram.android,e30e640a-13a9-48db-b900-c021d4700776,top_dns,z-m-gateway.facebook.com,10
com.instagram.android,e30e640a-13a9-48db-b900-c021d4700776,top_dns,i.instagram.com,4
com.instagram.android,e30e640a-13a9-48db-b900-c021d4700776,top_dns,graph.facebook.com,4
com.instagram.android,e30e640a-13a9-48db-b900-c021d4700776,top_dns,fe4c7acb-1240-4e51-9cb3-f5e90b6e14e9-netseer-ipaddr-assoc.xz.fbcdn.net,2
com.instagram.android,e30e640a-13a9-48db-b900-c021d4700776,top_dns,fe4c7acb-1240-4e51-9cb3-f5e90b6e14e9-netseer-ipaddr-assoc.xy.fbcdn.net,2
com.instagram.android,e30e640a-13a9-48db-b900-c021d4700776,top_dns,i-fallback.instagram.com,2
com.instagram.android,e30e640a-13a9-48db-b900-c021d4700776,top_dns,graph-fallback.facebook.com,2
com.instagram.android,e30e640a-13a9-48db-b900-c021d4700776,top_dns,graph.instagram.com,2
com.instagram.android,e30e640a-13a9-48db-b900-c021d4700776,top_sni,edge-mqtt.facebook.com,12
com.instagram.android,e30e640a-13a9-48db-b900-c021d4700776,top_sni,z-m-gateway.facebook.com,5
com.instagram.android,e30e640a-13a9-48db-b900-c021d4700776,top_sni,graph.facebook.com,2
com.instagram.android,e30e640a-13a9-48db-b900-c021d4700776,top_sni,i.instagram.com,1
com.instagram.android,e30e640a-13a9-48db-b900-c021d4700776,top_sni,fe4c7acb-1240-4e51-9cb3-f5e90b6e14e9-netseer-ipaddr-assoc.xz.fbcdn.net,1
com.instagram.android,e50b2cb6-c942-4b06-b261-45df6d7b0a30,top_dns,edge-mqtt.facebook.com,14
com.instagram.android,e50b2cb6-c942-4b06-b261-45df6d7b0a30,top_dns,z-p42-chat-e2ee-ig.facebook.com,12
com.instagram.android,e50b2cb6-c942-4b06-b261-45df6d7b0a30,top_dns,z-m-gateway.facebook.com,6
com.instagram.android,e50b2cb6-c942-4b06-b261-45df6d7b0a30,top_dns,i.instagram.com,4
com.instagram.android,e50b2cb6-c942-4b06-b261-45df6d7b0a30,top_dns,graph.facebook.com,4
com.instagram.android,e50b2cb6-c942-4b06-b261-45df6d7b0a30,top_dns,5149b038-3cb4-4fed-984e-006664823168-netseer-ipaddr-assoc.xz.fbcdn.net,2
com.instagram.android,e50b2cb6-c942-4b06-b261-45df6d7b0a30,top_dns,5149b038-3cb4-4fed-984e-006664823168-netseer-ipaddr-assoc.xy.fbcdn.net,2
com.instagram.android,e50b2cb6-c942-4b06-b261-45df6d7b0a30,top_dns,i-fallback.instagram.com,2
com.instagram.android,e50b2cb6-c942-4b06-b261-45df6d7b0a30,top_dns,graph-fallback.facebook.com,2
com.instagram.android,e50b2cb6-c942-4b06-b261-45df6d7b0a30,top_dns,graph.instagram.com,2
com.instagram.android,e50b2cb6-c942-4b06-b261-45df6d7b0a30,top_sni,edge-mqtt.facebook.com,7
com.instagram.android,e50b2cb6-c942-4b06-b261-45df6d7b0a30,top_sni,z-m-gateway.facebook.com,3
com.instagram.android,e50b2cb6-c942-4b06-b261-45df6d7b0a30,top_sni,graph.facebook.com,2
com.instagram.android,e50b2cb6-c942-4b06-b261-45df6d7b0a30,top_sni,i.instagram.com,1
com.instagram.android,e50b2cb6-c942-4b06-b261-45df6d7b0a30,top_sni,5149b038-3cb4-4fed-984e-006664823168-netseer-ipaddr-assoc.xz.fbcdn.net,1
com.instagram.android,ec701488-abec-423e-bb7e-f79af5774e53,top_dns,edge-mqtt.facebook.com,12
com.instagram.android,ec701488-abec-423e-bb7e-f79af5774e53,top_dns,z-p42-chat-e2ee-ig.facebook.com,10
com.instagram.android,ec701488-abec-423e-bb7e-f79af5774e53,top_dns,z-m-gateway.facebook.com,4
com.instagram.android,ec701488-abec-423e-bb7e-f79af5774e53,top_dns,i.instagram.com,4
com.instagram.android,ec701488-abec-423e-bb7e-f79af5774e53,top_dns,graph.facebook.com,4
com.instagram.android,ec701488-abec-423e-bb7e-f79af5774e53,top_dns,web.facebook.com,2
com.instagram.android,ec701488-abec-423e-bb7e-f79af5774e53,top_dns,7701b8bf-8c81-4c49-9081-1a78f8491c3a-netseer-ipaddr-assoc.xz.fbcdn.net,2
com.instagram.android,ec701488-abec-423e-bb7e-f79af5774e53,top_dns,7701b8bf-8c81-4c49-9081-1a78f8491c3a-netseer-ipaddr-assoc.xy.fbcdn.net,2
com.instagram.android,ec701488-abec-423e-bb7e-f79af5774e53,top_dns,i-fallback.instagram.com,2
com.instagram.android,ec701488-abec-423e-bb7e-f79af5774e53,top_dns,graph-fallback.facebook.com,2
com.instagram.android,ec701488-abec-423e-bb7e-f79af5774e53,top_sni,edge-mqtt.facebook.com,6
com.instagram.android,ec701488-abec-423e-bb7e-f79af5774e53,top_sni,z-m-gateway.facebook.com,2
com.instagram.android,ec701488-abec-423e-bb7e-f79af5774e53,top_sni,graph.facebook.com,2
com.instagram.android,ec701488-abec-423e-bb7e-f79af5774e53,top_sni,i.instagram.com,1
com.instagram.android,ec701488-abec-423e-bb7e-f79af5774e53,top_sni,web.facebook.com,1
com.instagram.android,ec701488-abec-423e-bb7e-f79af5774e53,top_sni,7701b8bf-8c81-4c49-9081-1a78f8491c3a-netseer-ipaddr-assoc.xz.fbcdn.net,1
com.linkedin.android,72be35d0-3932-480d-b252-88e5d44d55d9,top_dns,dms.licdn.com,4
com.linkedin.android,72be35d0-3932-480d-b252-88e5d44d55d9,top_dns,media.licdn.com,4
com.linkedin.android,72be35d0-3932-480d-b252-88e5d44d55d9,top_dns,www.linkedin.com,2
com.linkedin.android,72be35d0-3932-480d-b252-88e5d44d55d9,top_dns,cs.ns1p.net,2
com.linkedin.android,72be35d0-3932-480d-b252-88e5d44d55d9,top_dns,s.ns1p.net,2
com.linkedin.android,72be35d0-3932-480d-b252-88e5d44d55d9,top_dns,static-akam.licdn.com,2
com.linkedin.android,72be35d0-3932-480d-b252-88e5d44d55d9,top_dns,static-cflr.licdn.com,2
com.linkedin.android,72be35d0-3932-480d-b252-88e5d44d55d9,top_dns,dms-akam.licdn.com,2
com.linkedin.android,72be35d0-3932-480d-b252-88e5d44d55d9,top_dns,b.ns1p.net,2
com.linkedin.android,72be35d0-3932-480d-b252-88e5d44d55d9,top_dns,s.xlgmedia.com,2
com.linkedin.android,72be35d0-3932-480d-b252-88e5d44d55d9,top_sni,www.linkedin.com,3
com.linkedin.android,72be35d0-3932-480d-b252-88e5d44d55d9,top_sni,media.licdn.com,3
com.linkedin.android,72be35d0-3932-480d-b252-88e5d44d55d9,top_sni,dms-akam.licdn.com,2
com.linkedin.android,72be35d0-3932-480d-b252-88e5d44d55d9,top_sni,dms.licdn.com,2
com.linkedin.android,72be35d0-3932-480d-b252-88e5d44d55d9,top_sni,cs.ns1p.net,1
com.linkedin.android,72be35d0-3932-480d-b252-88e5d44d55d9,top_sni,s.ns1p.net,1
com.linkedin.android,72be35d0-3932-480d-b252-88e5d44d55d9,top_sni,static-cflr.licdn.com,1
com.linkedin.android,72be35d0-3932-480d-b252-88e5d44d55d9,top_sni,b.ns1p.net,1
com.linkedin.android,72be35d0-3932-480d-b252-88e5d44d55d9,top_sni,s.xlgmedia.com,1
com.linkedin.android,877deccd-2d6a-47b2-9dc9-04ae899bd5db,top_dns,stun.l.google.com,4
com.linkedin.android,877deccd-2d6a-47b2-9dc9-04ae899bd5db,top_dns,media.licdn.com,4
com.linkedin.android,877deccd-2d6a-47b2-9dc9-04ae899bd5db,top_dns,dms.licdn.com,4
com.linkedin.android,877deccd-2d6a-47b2-9dc9-04ae899bd5db,top_dns,cs.ns1p.net,4
com.linkedin.android,877deccd-2d6a-47b2-9dc9-04ae899bd5db,top_dns,s.ns1p.net,4
com.linkedin.android,877deccd-2d6a-47b2-9dc9-04ae899bd5db,top_dns,b.ns1p.net,4
com.linkedin.android,877deccd-2d6a-47b2-9dc9-04ae899bd5db,top_dns,client.protechts.net,2
com.linkedin.android,877deccd-2d6a-47b2-9dc9-04ae899bd5db,top_dns,tzm.protechts.net,2
com.linkedin.android,877deccd-2d6a-47b2-9dc9-04ae899bd5db,top_dns,collector-pxdojv695v.protechts.net,2
com.linkedin.android,877deccd-2d6a-47b2-9dc9-04ae899bd5db,top_dns,www.linkedin.com,2
com.linkedin.android,877deccd-2d6a-47b2-9dc9-04ae899bd5db,top_sni,www.linkedin.com,7
com.linkedin.android,877deccd-2d6a-47b2-9dc9-04ae899bd5db,top_sni,media.licdn.com,7
com.linkedin.android,877deccd-2d6a-47b2-9dc9-04ae899bd5db,top_sni,collector-pxdojv695v.protechts.net,3
com.linkedin.android,877deccd-2d6a-47b2-9dc9-04ae899bd5db,top_sni,dms.licdn.com,3
com.linkedin.android,877deccd-2d6a-47b2-9dc9-04ae899bd5db,top_sni,cs.ns1p.net,2
com.linkedin.android,877deccd-2d6a-47b2-9dc9-04ae899bd5db,top_sni,s.ns1p.net,2
com.linkedin.android,877deccd-2d6a-47b2-9dc9-04ae899bd5db,top_sni,rum22.perf.linkedin-ei.com,2
com.linkedin.android,877deccd-2d6a-47b2-9dc9-04ae899bd5db,top_sni,pop-ltx1-lx.www.linkedin.com,2
com.linkedin.android,877deccd-2d6a-47b2-9dc9-04ae899bd5db,top_sni,b.ns1p.net,2
com.linkedin.android,877deccd-2d6a-47b2-9dc9-04ae899bd5db,top_sni,static-akam.licdn.com,2
com.linkedin.android,88ca8fa5-1149-4d4b-902f-86f4e82897ea,top_dns,www.linkedin.com,2
com.linkedin.android,88ca8fa5-1149-4d4b-902f-86f4e82897ea,top_dns,media.licdn.com,2
com.linkedin.android,88ca8fa5-1149-4d4b-902f-86f4e82897ea,top_dns,dms.licdn.com,2
com.linkedin.android,88ca8fa5-1149-4d4b-902f-86f4e82897ea,top_dns,cs.ns1p.net,2
com.linkedin.android,88ca8fa5-1149-4d4b-902f-86f4e82897ea,top_dns,s.ns1p.net,2
com.linkedin.android,88ca8fa5-1149-4d4b-902f-86f4e82897ea,top_dns,dms-akam.licdn.com,2
com.linkedin.android,88ca8fa5-1149-4d4b-902f-86f4e82897ea,top_dns,rum15.perf.linkedin.com,2
com.linkedin.android,88ca8fa5-1149-4d4b-902f-86f4e82897ea,top_dns,pop-ltx1-lx.www.linkedin.com,2
com.linkedin.android,88ca8fa5-1149-4d4b-902f-86f4e82897ea,top_dns,static-cflr.licdn.com,2
com.linkedin.android,88ca8fa5-1149-4d4b-902f-86f4e82897ea,top_dns,pop-lor1-lx.www.linkedin.com,2
com.linkedin.android,88ca8fa5-1149-4d4b-902f-86f4e82897ea,top_sni,media.licdn.com,6
com.linkedin.android,88ca8fa5-1149-4d4b-902f-86f4e82897ea,top_sni,www.linkedin.com,3
com.linkedin.android,88ca8fa5-1149-4d4b-902f-86f4e82897ea,top_sni,dms-akam.licdn.com,2
com.linkedin.android,88ca8fa5-1149-4d4b-902f-86f4e82897ea,top_sni,rum15.perf.linkedin.com,2
com.linkedin.android,88ca8fa5-1149-4d4b-902f-86f4e82897ea,top_sni,dms.licdn.com,1
com.linkedin.android,88ca8fa5-1149-4d4b-902f-86f4e82897ea,top_sni,cs.ns1p.net,1
com.linkedin.android,88ca8fa5-1149-4d4b-902f-86f4e82897ea,top_sni,s.ns1p.net,1
com.linkedin.android,88ca8fa5-1149-4d4b-902f-86f4e82897ea,top_sni,pop-ltx1-lx.www.linkedin.com,1
com.linkedin.android,88ca8fa5-1149-4d4b-902f-86f4e82897ea,top_sni,static-cflr.licdn.com,1
com.linkedin.android,88ca8fa5-1149-4d4b-902f-86f4e82897ea,top_sni,pop-lor1-lx.www.linkedin.com,1
com.linkedin.android,9db2b195-05a4-4d18-a85d-38fe9130c975,top_dns,media.licdn.com,4
com.linkedin.android,9db2b195-05a4-4d18-a85d-38fe9130c975,top_dns,www.linkedin.com,2
com.linkedin.android,9db2b195-05a4-4d18-a85d-38fe9130c975,top_dns,dms.licdn.com,2
com.linkedin.android,9db2b195-05a4-4d18-a85d-38fe9130c975,top_dns,cs.ns1p.net,2
com.linkedin.android,9db2b195-05a4-4d18-a85d-38fe9130c975,top_dns,s.ns1p.net,2
com.linkedin.android,9db2b195-05a4-4d18-a85d-38fe9130c975,top_dns,pop-lor1-lx.www.linkedin.com,2
com.linkedin.android,9db2b195-05a4-4d18-a85d-38fe9130c975,top_dns,static-akam.licdn.com,2
com.linkedin.android,9db2b195-05a4-4d18-a85d-38fe9130c975,top_dns,static-fsly.licdn.com,2
com.linkedin.android,9db2b195-05a4-4d18-a85d-38fe9130c975,top_dns,b.ns1p.net,2
com.linkedin.android,9db2b195-05a4-4d18-a85d-38fe9130c975,top_sni,media.licdn.com,7
com.linkedin.android,9db2b195-05a4-4d18-a85d-38fe9130c975,top_sni,www.linkedin.com,3
com.linkedin.android,9db2b195-05a4-4d18-a85d-38fe9130c975,top_sni,dms.licdn.com,3
com.linkedin.android,9db2b195-05a4-4d18-a85d-38fe9130c975,top_sni,static-akam.licdn.com,2
com.linkedin.android,9db2b195-05a4-4d18-a85d-38fe9130c975,top_sni,static-fsly.licdn.com,2
com.linkedin.android,9db2b195-05a4-4d18-a85d-38fe9130c975,top_sni,cs.ns1p.net,1
com.linkedin.android,9db2b195-05a4-4d18-a85d-38fe9130c975,top_sni,s.ns1p.net,1
com.linkedin.android,9db2b195-05a4-4d18-a85d-38fe9130c975,top_sni,pop-lor1-lx.www.linkedin.com,1
com.linkedin.android,9db2b195-05a4-4d18-a85d-38fe9130c975,top_sni,b.ns1p.net,1
com.linkedin.android,a45a5e99-0e3e-4a26-a1e2-93fcb33994fc,top_dns,www.linkedin.com,2
com.linkedin.android,a45a5e99-0e3e-4a26-a1e2-93fcb33994fc,top_dns,media.licdn.com,2
com.linkedin.android,a45a5e99-0e3e-4a26-a1e2-93fcb33994fc,top_dns,dms.licdn.com,2
com.linkedin.android,a45a5e99-0e3e-4a26-a1e2-93fcb33994fc,top_dns,cs.ns1p.net,2
com.linkedin.android,a45a5e99-0e3e-4a26-a1e2-93fcb33994fc,top_dns,s.ns1p.net,2
com.linkedin.android,a45a5e99-0e3e-4a26-a1e2-93fcb33994fc,top_dns,pop-ltx1-lx.www.linkedin.com,2
com.linkedin.android,a45a5e99-0e3e-4a26-a1e2-93fcb33994fc,top_dns,rum6.perf.linkedin.com,2
com.linkedin.android,a45a5e99-0e3e-4a26-a1e2-93fcb33994fc,top_dns,rum15.perf.linkedin.com,2
com.linkedin.android,a45a5e99-0e3e-4a26-a1e2-93fcb33994fc,top_dns,static-akam.licdn.com,2
com.linkedin.android,a45a5e99-0e3e-4a26-a1e2-93fcb33994fc,top_dns,b.ns1p.net,2
com.linkedin.android,a45a5e99-0e3e-4a26-a1e2-93fcb33994fc,top_sni,media.licdn.com,6
com.linkedin.android,a45a5e99-0e3e-4a26-a1e2-93fcb33994fc,top_sni,www.linkedin.com,3
com.linkedin.android,a45a5e99-0e3e-4a26-a1e2-93fcb33994fc,top_sni,rum6.perf.linkedin.com,2
com.linkedin.android,a45a5e99-0e3e-4a26-a1e2-93fcb33994fc,top_sni,rum15.perf.linkedin.com,2
com.linkedin.android,a45a5e99-0e3e-4a26-a1e2-93fcb33994fc,top_sni,static-akam.licdn.com,2
com.linkedin.android,a45a5e99-0e3e-4a26-a1e2-93fcb33994fc,top_sni,dms.licdn.com,1
com.linkedin.android,a45a5e99-0e3e-4a26-a1e2-93fcb33994fc,top_sni,cs.ns1p.net,1
com.linkedin.android,a45a5e99-0e3e-4a26-a1e2-93fcb33994fc,top_sni,s.ns1p.net,1
com.linkedin.android,a45a5e99-0e3e-4a26-a1e2-93fcb33994fc,top_sni,b.ns1p.net,1
com.linkedin.android,baa88347-fb99-4ec4-9bc7-a99b77e8a356,top_dns,media.licdn.com,4
com.linkedin.android,baa88347-fb99-4ec4-9bc7-a99b77e8a356,top_dns,dms.licdn.com,4
com.linkedin.android,baa88347-fb99-4ec4-9bc7-a99b77e8a356,top_dns,www.linkedin.com,2
com.linkedin.android,baa88347-fb99-4ec4-9bc7-a99b77e8a356,top_dns,cs.ns1p.net,2
com.linkedin.android,baa88347-fb99-4ec4-9bc7-a99b77e8a356,top_dns,s.ns1p.net,2
com.linkedin.android,baa88347-fb99-4ec4-9bc7-a99b77e8a356,top_dns,pop-ltx1-lx.www.linkedin.com,2
com.linkedin.android,baa88347-fb99-4ec4-9bc7-a99b77e8a356,top_dns,rum14.perf.linkedin.com,2
com.linkedin.android,baa88347-fb99-4ec4-9bc7-a99b77e8a356,top_dns,static-fsly.licdn.com,2
com.linkedin.android,baa88347-fb99-4ec4-9bc7-a99b77e8a356,top_dns,b.ns1p.net,2
com.linkedin.android,baa88347-fb99-4ec4-9bc7-a99b77e8a356,top_sni,www.linkedin.com,3
com.linkedin.android,baa88347-fb99-4ec4-9bc7-a99b77e8a356,top_sni,media.licdn.com,3
com.linkedin.android,baa88347-fb99-4ec4-9bc7-a99b77e8a356,top_sni,dms.licdn.com,2
com.linkedin.android,baa88347-fb99-4ec4-9bc7-a99b77e8a356,top_sni,rum14.perf.linkedin.com,2
com.linkedin.android,baa88347-fb99-4ec4-9bc7-a99b77e8a356,top_sni,static-fsly.licdn.com,2
com.linkedin.android,baa88347-fb99-4ec4-9bc7-a99b77e8a356,top_sni,cs.ns1p.net,1
com.linkedin.android,baa88347-fb99-4ec4-9bc7-a99b77e8a356,top_sni,s.ns1p.net,1
com.linkedin.android,baa88347-fb99-4ec4-9bc7-a99b77e8a356,top_sni,pop-ltx1-lx.www.linkedin.com,1
com.linkedin.android,baa88347-fb99-4ec4-9bc7-a99b77e8a356,top_sni,b.ns1p.net,1
com.linkedin.android,dee02a1b-93eb-4476-8691-105e360eac67,top_dns,dms.licdn.com,6
com.linkedin.android,dee02a1b-93eb-4476-8691-105e360eac67,top_dns,media.licdn.com,4
com.linkedin.android,dee02a1b-93eb-4476-8691-105e360eac67,top_dns,www.linkedin.com,2
com.linkedin.android,dee02a1b-93eb-4476-8691-105e360eac67,top_dns,cs.ns1p.net,2
com.linkedin.android,dee02a1b-93eb-4476-8691-105e360eac67,top_dns,s.ns1p.net,2
com.linkedin.android,dee02a1b-93eb-4476-8691-105e360eac67,top_dns,pop-lva1-lx.www.linkedin.com,2
com.linkedin.android,dee02a1b-93eb-4476-8691-105e360eac67,top_dns,dms-akam.licdn.com,2
com.linkedin.android,dee02a1b-93eb-4476-8691-105e360eac67,top_dns,pop-ltx1-lx.www.linkedin.com,2
com.linkedin.android,dee02a1b-93eb-4476-8691-105e360eac67,top_dns,b.ns1p.net,2
com.linkedin.android,dee02a1b-93eb-4476-8691-105e360eac67,top_sni,media.licdn.com,6
com.linkedin.android,dee02a1b-93eb-4476-8691-105e360eac67,top_sni,dms.licdn.com,3
com.linkedin.android,dee02a1b-93eb-4476-8691-105e360eac67,top_sni,dms-akam.licdn.com,2
com.linkedin.android,dee02a1b-93eb-4476-8691-105e360eac67,top_sni,www.linkedin.com,1
com.linkedin.android,dee02a1b-93eb-4476-8691-105e360eac67,top_sni,cs.ns1p.net,1
com.linkedin.android,dee02a1b-93eb-4476-8691-105e360eac67,top_sni,s.ns1p.net,1
com.linkedin.android,dee02a1b-93eb-4476-8691-105e360eac67,top_sni,pop-lva1-lx.www.linkedin.com,1
com.linkedin.android,dee02a1b-93eb-4476-8691-105e360eac67,top_sni,pop-ltx1-lx.www.linkedin.com,1
com.linkedin.android,dee02a1b-93eb-4476-8691-105e360eac67,top_sni,b.ns1p.net,1
com.linkedin.android,fe44cb00-1593-4819-b227-cf84e48f48cb,top_dns,www.linkedin.com,2
com.linkedin.android,fe44cb00-1593-4819-b227-cf84e48f48cb,top_dns,media.licdn.com,2
com.linkedin.android,fe44cb00-1593-4819-b227-cf84e48f48cb,top_dns,dms.licdn.com,2
com.linkedin.android,fe44cb00-1593-4819-b227-cf84e48f48cb,top_dns,cs.ns1p.net,2
com.linkedin.android,fe44cb00-1593-4819-b227-cf84e48f48cb,top_dns,s.ns1p.net,2
com.linkedin.android,fe44cb00-1593-4819-b227-cf84e48f48cb,top_dns,dms-akam.licdn.com,2
com.linkedin.android,fe44cb00-1593-4819-b227-cf84e48f48cb,top_dns,pop-ltx1-lx.www.linkedin.com,2
com.linkedin.android,fe44cb00-1593-4819-b227-cf84e48f48cb,top_dns,rum15.perf.linkedin.com,2
com.linkedin.android,fe44cb00-1593-4819-b227-cf84e48f48cb,top_dns,b.ns1p.net,2
com.linkedin.android,fe44cb00-1593-4819-b227-cf84e48f48cb,top_sni,www.linkedin.com,4
com.linkedin.android,fe44cb00-1593-4819-b227-cf84e48f48cb,top_sni,media.licdn.com,3
com.linkedin.android,fe44cb00-1593-4819-b227-cf84e48f48cb,top_sni,dms-akam.licdn.com,2
com.linkedin.android,fe44cb00-1593-4819-b227-cf84e48f48cb,top_sni,rum15.perf.linkedin.com,2
com.linkedin.android,fe44cb00-1593-4819-b227-cf84e48f48cb,top_sni,dms.licdn.com,1
com.linkedin.android,fe44cb00-1593-4819-b227-cf84e48f48cb,top_sni,cs.ns1p.net,1
com.linkedin.android,fe44cb00-1593-4819-b227-cf84e48f48cb,top_sni,s.ns1p.net,1
com.linkedin.android,fe44cb00-1593-4819-b227-cf84e48f48cb,top_sni,pop-ltx1-lx.www.linkedin.com,1
com.linkedin.android,fe44cb00-1593-4819-b227-cf84e48f48cb,top_sni,b.ns1p.net,1
com.pinterest,029f8e5e-1621-427f-885c-19c10a6825be,top_dns,trk.pinterest.com,4
com.pinterest,029f8e5e-1621-427f-885c-19c10a6825be,top_dns,api.pinterest.com,2
com.pinterest,029f8e5e-1621-427f-885c-19c10a6825be,top_dns,s.pinimg.com,2
com.pinterest,029f8e5e-1621-427f-885c-19c10a6825be,top_dns,www.gstatic.com,2
com.pinterest,029f8e5e-1621-427f-885c-19c10a6825be,top_dns,www.recaptcha.net,2
com.pinterest,029f8e5e-1621-427f-885c-19c10a6825be,top_dns,jarlio.cdn-settings.appsflyersdk.com,2
com.pinterest,029f8e5e-1621-427f-885c-19c10a6825be,top_dns,jarlio.inapps.appsflyersdk.com,2
com.pinterest,029f8e5e-1621-427f-885c-19c10a6825be,top_dns,jarlio.launches.appsflyersdk.com,2
com.pinterest,029f8e5e-1621-427f-885c-19c10a6825be,top_sni,trk.pinterest.com,3
com.pinterest,029f8e5e-1621-427f-885c-19c10a6825be,top_sni,api.pinterest.com,2
com.pinterest,029f8e5e-1621-427f-885c-19c10a6825be,top_sni,s.pinimg.com,2
com.pinterest,029f8e5e-1621-427f-885c-19c10a6825be,top_sni,www.recaptcha.net,2
com.pinterest,029f8e5e-1621-427f-885c-19c10a6825be,top_sni,jarlio.inapps.appsflyersdk.com,2
com.pinterest,029f8e5e-1621-427f-885c-19c10a6825be,top_sni,www.gstatic.com,1
com.pinterest,029f8e5e-1621-427f-885c-19c10a6825be,top_sni,jarlio.cdn-settings.appsflyersdk.com,1
com.pinterest,029f8e5e-1621-427f-885c-19c10a6825be,top_sni,jarlio.launches.appsflyersdk.com,1
com.pinterest,35789b9f-64eb-41b6-b2fe-21c59a537fe8,top_dns,trk.pinterest.com,4
com.pinterest,35789b9f-64eb-41b6-b2fe-21c59a537fe8,top_dns,www.recaptcha.net,4
com.pinterest,35789b9f-64eb-41b6-b2fe-21c59a537fe8,top_dns,api.pinterest.com,2
com.pinterest,35789b9f-64eb-41b6-b2fe-21c59a537fe8,top_dns,s.pinimg.com,2
com.pinterest,35789b9f-64eb-41b6-b2fe-21c59a537fe8,top_dns,www.gstatic.com,2
com.pinterest,35789b9f-64eb-41b6-b2fe-21c59a537fe8,top_dns,jarlio.launches.appsflyersdk.com,2
com.pinterest,35789b9f-64eb-41b6-b2fe-21c59a537fe8,top_dns,jarlio.inapps.appsflyersdk.com,2
com.pinterest,35789b9f-64eb-41b6-b2fe-21c59a537fe8,top_sni,trk.pinterest.com,3
com.pinterest,35789b9f-64eb-41b6-b2fe-21c59a537fe8,top_sni,api.pinterest.com,2
com.pinterest,35789b9f-64eb-41b6-b2fe-21c59a537fe8,top_sni,s.pinimg.com,2
com.pinterest,35789b9f-64eb-41b6-b2fe-21c59a537fe8,top_sni,www.recaptcha.net,2
com.pinterest,35789b9f-64eb-41b6-b2fe-21c59a537fe8,top_sni,www.gstatic.com,1
com.pinterest,35789b9f-64eb-41b6-b2fe-21c59a537fe8,top_sni,jarlio.launches.appsflyersdk.com,1
com.pinterest,35789b9f-64eb-41b6-b2fe-21c59a537fe8,top_sni,jarlio.inapps.appsflyersdk.com,1
com.pinterest,6c761999-80a9-4892-9e34-bec8039e374f,top_dns,trk.pinterest.com,4
com.pinterest,6c761999-80a9-4892-9e34-bec8039e374f,top_dns,api.pinterest.com,2
com.pinterest,6c761999-80a9-4892-9e34-bec8039e374f,top_dns,s.pinimg.com,2
com.pinterest,6c761999-80a9-4892-9e34-bec8039e374f,top_dns,www.gstatic.com,2
com.pinterest,6c761999-80a9-4892-9e34-bec8039e374f,top_dns,www.recaptcha.net,2
com.pinterest,6c761999-80a9-4892-9e34-bec8039e374f,top_dns,jarlio.inapps.appsflyersdk.com,2
com.pinterest,6c761999-80a9-4892-9e34-bec8039e374f,top_dns,jarlio.launches.appsflyersdk.com,2
com.pinterest,6c761999-80a9-4892-9e34-bec8039e374f,top_sni,api.pinterest.com,4
com.pinterest,6c761999-80a9-4892-9e34-bec8039e374f,top_sni,trk.pinterest.com,3
com.pinterest,6c761999-80a9-4892-9e34-bec8039e374f,top_sni,s.pinimg.com,2
com.pinterest,6c761999-80a9-4892-9e34-bec8039e374f,top_sni,www.recaptcha.net,2
com.pinterest,6c761999-80a9-4892-9e34-bec8039e374f,top_sni,www.gstatic.com,1
com.pinterest,6c761999-80a9-4892-9e34-bec8039e374f,top_sni,jarlio.inapps.appsflyersdk.com,1
com.pinterest,6c761999-80a9-4892-9e34-bec8039e374f,top_sni,jarlio.launches.appsflyersdk.com,1
com.pinterest,88f52203-db12-4ba0-bfce-48c45d559f8e,top_dns,trk.pinterest.com,4
com.pinterest,88f52203-db12-4ba0-bfce-48c45d559f8e,top_dns,api.pinterest.com,2
com.pinterest,88f52203-db12-4ba0-bfce-48c45d559f8e,top_dns,jarlio.launches.appsflyersdk.com,2
com.pinterest,88f52203-db12-4ba0-bfce-48c45d559f8e,top_dns,www.recaptcha.net,2
com.pinterest,88f52203-db12-4ba0-bfce-48c45d559f8e,top_sni,trk.pinterest.com,2
com.pinterest,88f52203-db12-4ba0-bfce-48c45d559f8e,top_sni,api.pinterest.com,2
com.pinterest,88f52203-db12-4ba0-bfce-48c45d559f8e,top_sni,jarlio.launches.appsflyersdk.com,1
com.pinterest,88f52203-db12-4ba0-bfce-48c45d559f8e,top_sni,www.recaptcha.net,1
com.pinterest,99d38ac7-c7de-40db-873c-c1ce4416929d,top_dns,trk.pinterest.com,14
com.pinterest,99d38ac7-c7de-40db-873c-c1ce4416929d,top_dns,api.pinterest.com,14
com.pinterest,99d38ac7-c7de-40db-873c-c1ce4416929d,top_dns,i.pinimg.com,8
com.pinterest,99d38ac7-c7de-40db-873c-c1ce4416929d,top_dns,www.recaptcha.net,6
com.pinterest,99d38ac7-c7de-40db-873c-c1ce4416929d,top_dns,jarlio.launches.appsflyersdk.com,6
com.pinterest,99d38ac7-c7de-40db-873c-c1ce4416929d,top_dns,v1.pinimg.com,6
com.pinterest,99d38ac7-c7de-40db-873c-c1ce4416929d,top_dns,m.media-amazon.com,6
com.pinterest,99d38ac7-c7de-40db-873c-c1ce4416929d,top_dns,www.gstatic.com,4
com.pinterest,99d38ac7-c7de-40db-873c-c1ce4416929d,top_dns,jarlio.inapps.appsflyersdk.com,4
com.pinterest,99d38ac7-c7de-40db-873c-c1ce4416929d,top_dns,s.pinimg.com,2
com.pinterest,99d38ac7-c7de-40db-873c-c1ce4416929d,top_sni,api.pinterest.com,17
com.pinterest,99d38ac7-c7de-40db-873c-c1ce4416929d,top_sni,trk.pinterest.com,10
com.pinterest,99d38ac7-c7de-40db-873c-c1ce4416929d,top_sni,v1.pinimg.com,8
com.pinterest,99d38ac7-c7de-40db-873c-c1ce4416929d,top_sni,m.media-amazon.com,6
com.pinterest,99d38ac7-c7de-40db-873c-c1ce4416929d,top_sni,www.recaptcha.net,4
com.pinterest,99d38ac7-c7de-40db-873c-c1ce4416929d,top_sni,jarlio.launches.appsflyersdk.com,3
com.pinterest,99d38ac7-c7de-40db-873c-c1ce4416929d,top_sni,i.pinimg.com,3
com.pinterest,99d38ac7-c7de-40db-873c-c1ce4416929d,top_sni,s.pinimg.com,2
com.pinterest,99d38ac7-c7de-40db-873c-c1ce4416929d,top_sni,www.gstatic.com,2
com.pinterest,99d38ac7-c7de-40db-873c-c1ce4416929d,top_sni,jarlio.inapps.appsflyersdk.com,2
com.pinterest,d23c56e6-eac7-4453-b1ff-c4b387e9a942,top_dns,trk.pinterest.com,4
com.pinterest,d23c56e6-eac7-4453-b1ff-c4b387e9a942,top_dns,api.pinterest.com,2
com.pinterest,d23c56e6-eac7-4453-b1ff-c4b387e9a942,top_sni,trk.pinterest.com,4
com.pinterest,d23c56e6-eac7-4453-b1ff-c4b387e9a942,top_sni,api.pinterest.com,2
com.pinterest,d4b09f72-1e21-44e7-b232-c019b901facd,top_dns,trk.pinterest.com,14
com.pinterest,d4b09f72-1e21-44e7-b232-c019b901facd,top_dns,api.pinterest.com,10
com.pinterest,d4b09f72-1e21-44e7-b232-c019b901facd,top_dns,jarlio.launches.appsflyersdk.com,8
com.pinterest,d4b09f72-1e21-44e7-b232-c019b901facd,top_dns,v1.pinimg.com,4
com.pinterest,d4b09f72-1e21-44e7-b232-c019b901facd,top_dns,m.media-amazon.com,4
com.pinterest,d4b09f72-1e21-44e7-b232-c019b901facd,top_dns,s.pinimg.com,2
com.pinterest,d4b09f72-1e21-44e7-b232-c019b901facd,top_dns,www.gstatic.com,2
com.pinterest,d4b09f72-1e21-44e7-b232-c019b901facd,top_dns,www.recaptcha.net,2
com.pinterest,d4b09f72-1e21-44e7-b232-c019b901facd,top_dns,jarlio.inapps.appsflyersdk.com,2
com.pinterest,d4b09f72-1e21-44e7-b232-c019b901facd,top_dns,i.pinimg.com,2
com.pinterest,d4b09f72-1e21-44e7-b232-c019b901facd,top_sni,trk.pinterest.com,6
com.pinterest,d4b09f72-1e21-44e7-b232-c019b901facd,top_sni,api.pinterest.com,6
com.pinterest,d4b09f72-1e21-44e7-b232-c019b901facd,top_sni,jarlio.launches.appsflyersdk.com,4
com.pinterest,d4b09f72-1e21-44e7-b232-c019b901facd,top_sni,v1.pinimg.com,3
com.pinterest,d4b09f72-1e21-44e7-b232-c019b901facd,top_sni,m.media-amazon.com,3
com.pinterest,d4b09f72-1e21-44e7-b232-c019b901facd,top_sni,www.recaptcha.net,2
com.pinterest,d4b09f72-1e21-44e7-b232-c019b901facd,top_sni,s.pinimg.com,1
com.pinterest,d4b09f72-1e21-44e7-b232-c019b901facd,top_sni,www.gstatic.com,1
com.pinterest,d4b09f72-1e21-44e7-b232-c019b901facd,top_sni,jarlio.inapps.appsflyersdk.com,1
com.pinterest,d4b09f72-1e21-44e7-b232-c019b901facd,top_sni,cdn-f.adsmoloco.com,1
com.reddit.frontpage,486edb3b-e0df-4356-afd1-e6cbd17f7df0,top_dns,gql-fed.reddit.com,8
com.reddit.frontpage,486edb3b-e0df-4356-afd1-e6cbd17f7df0,top_dns,w3-reporting.reddit.com,4
com.reddit.frontpage,486edb3b-e0df-4356-afd1-e6cbd17f7df0,top_dns,matrix.redditspace.com,2
com.reddit.frontpage,486edb3b-e0df-4356-afd1-e6cbd17f7df0,top_dns,gql-realtime.reddit.com,2
com.reddit.frontpage,486edb3b-e0df-4356-afd1-e6cbd17f7df0,top_dns,9m71lc.cdn-settings.appsflyersdk.com,2
com.reddit.frontpage,486edb3b-e0df-4356-afd1-e6cbd17f7df0,top_dns,9m71lc.launches.appsflyersdk.com,2
com.reddit.frontpage,486edb3b-e0df-4356-afd1-e6cbd17f7df0,top_dns,preview.redd.it,2
com.reddit.frontpage,486edb3b-e0df-4356-afd1-e6cbd17f7df0,top_dns,styles.redditmedia.com,2
com.reddit.frontpage,486edb3b-e0df-4356-afd1-e6cbd17f7df0,top_dns,external-preview.redd.it,2
com.reddit.frontpage,486edb3b-e0df-4356-afd1-e6cbd17f7df0,top_dns,v.redd.it,2
com.reddit.frontpage,486edb3b-e0df-4356-afd1-e6cbd17f7df0,top_sni,gql-fed.reddit.com,4
com.reddit.frontpage,486edb3b-e0df-4356-afd1-e6cbd17f7df0,top_sni,w3-reporting.reddit.com,3
com.reddit.frontpage,486edb3b-e0df-4356-afd1-e6cbd17f7df0,top_sni,preview.redd.it,2
com.reddit.frontpage,486edb3b-e0df-4356-afd1-e6cbd17f7df0,top_sni,styles.redditmedia.com,2
com.reddit.frontpage,486edb3b-e0df-4356-afd1-e6cbd17f7df0,top_sni,external-preview.redd.it,2
com.reddit.frontpage,486edb3b-e0df-4356-afd1-e6cbd17f7df0,top_sni,matrix.redditspace.com,1
com.reddit.frontpage,486edb3b-e0df-4356-afd1-e6cbd17f7df0,top_sni,9m71lc.cdn-settings.appsflyersdk.com,1
com.reddit.frontpage,486edb3b-e0df-4356-afd1-e6cbd17f7df0,top_sni,gql-realtime.reddit.com,1
com.reddit.frontpage,486edb3b-e0df-4356-afd1-e6cbd17f7df0,top_sni,9m71lc.launches.appsflyersdk.com,1
com.reddit.frontpage,486edb3b-e0df-4356-afd1-e6cbd17f7df0,top_sni,alb.reddit.com,1
com.reddit.frontpage,73c4661f-d513-4124-9890-76cda46252e3,top_dns,gql-fed.reddit.com,10
com.reddit.frontpage,73c4661f-d513-4124-9890-76cda46252e3,top_dns,w3-reporting.reddit.com,6
com.reddit.frontpage,73c4661f-d513-4124-9890-76cda46252e3,top_dns,preview.redd.it,4
com.reddit.frontpage,73c4661f-d513-4124-9890-76cda46252e3,top_dns,external-preview.redd.it,4
com.reddit.frontpage,73c4661f-d513-4124-9890-76cda46252e3,top_dns,gql-realtime.reddit.com,2
com.reddit.frontpage,73c4661f-d513-4124-9890-76cda46252e3,top_dns,9m71lc.cdn-settings.appsflyersdk.com,2
com.reddit.frontpage,73c4661f-d513-4124-9890-76cda46252e3,top_dns,matrix.redditspace.com,2
com.reddit.frontpage,73c4661f-d513-4124-9890-76cda46252e3,top_dns,v.redd.it,2
com.reddit.frontpage,73c4661f-d513-4124-9890-76cda46252e3,top_dns,alb.reddit.com,2
com.reddit.frontpage,73c4661f-d513-4124-9890-76cda46252e3,top_dns,9m71lc.launches.appsflyersdk.com,2
com.reddit.frontpage,73c4661f-d513-4124-9890-76cda46252e3,top_sni,gql-fed.reddit.com,6
com.reddit.frontpage,73c4661f-d513-4124-9890-76cda46252e3,top_sni,w3-reporting.reddit.com,5
com.reddit.frontpage,73c4661f-d513-4124-9890-76cda46252e3,top_sni,matrix.redditspace.com,3
com.reddit.frontpage,73c4661f-d513-4124-9890-76cda46252e3,top_sni,preview.redd.it,2
com.reddit.frontpage,73c4661f-d513-4124-9890-76cda46252e3,top_sni,gql-realtime.reddit.com,1
com.reddit.frontpage,73c4661f-d513-4124-9890-76cda46252e3,top_sni,9m71lc.cdn-settings.appsflyersdk.com,1
com.reddit.frontpage,73c4661f-d513-4124-9890-76cda46252e3,top_sni,external-preview.redd.it,1
com.reddit.frontpage,73c4661f-d513-4124-9890-76cda46252e3,top_sni,alb.reddit.com,1
com.reddit.frontpage,73c4661f-d513-4124-9890-76cda46252e3,top_sni,9m71lc.launches.appsflyersdk.com,1
com.reddit.frontpage,73c4661f-d513-4124-9890-76cda46252e3,top_sni,firebaselogging-pa.googleapis.com,1
com.reddit.frontpage,9cd06ac2-2070-4028-806d-c04501aa44e1,top_dns,gql-fed.reddit.com,6
com.reddit.frontpage,9cd06ac2-2070-4028-806d-c04501aa44e1,top_dns,alb.reddit.com,6
com.reddit.frontpage,9cd06ac2-2070-4028-806d-c04501aa44e1,top_dns,w3-reporting.reddit.com,4
com.reddit.frontpage,9cd06ac2-2070-4028-806d-c04501aa44e1,top_dns,9m71lc.cdn-settings.appsflyersdk.com,2
com.reddit.frontpage,9cd06ac2-2070-4028-806d-c04501aa44e1,top_dns,gql-realtime.reddit.com,2
com.reddit.frontpage,9cd06ac2-2070-4028-806d-c04501aa44e1,top_dns,preview.redd.it,2
com.reddit.frontpage,9cd06ac2-2070-4028-806d-c04501aa44e1,top_dns,packaged-media.redd.it,2
com.reddit.frontpage,9cd06ac2-2070-4028-806d-c04501aa44e1,top_dns,9m71lc.launches.appsflyersdk.com,2
com.reddit.frontpage,9cd06ac2-2070-4028-806d-c04501aa44e1,top_dns,styles.redditmedia.com,2
com.reddit.frontpage,9cd06ac2-2070-4028-806d-c04501aa44e1,top_dns,external-preview.redd.it,2
com.reddit.frontpage,9cd06ac2-2070-4028-806d-c04501aa44e1,top_sni,w3-reporting.reddit.com,5
com.reddit.frontpage,9cd06ac2-2070-4028-806d-c04501aa44e1,top_sni,gql-fed.reddit.com,5
com.reddit.frontpage,9cd06ac2-2070-4028-806d-c04501aa44e1,top_sni,alb.reddit.com,3
com.reddit.frontpage,9cd06ac2-2070-4028-806d-c04501aa44e1,top_sni,9m71lc.cdn-settings.appsflyersdk.com,1
com.reddit.frontpage,9cd06ac2-2070-4028-806d-c04501aa44e1,top_sni,gql-realtime.reddit.com,1
com.reddit.frontpage,9cd06ac2-2070-4028-806d-c04501aa44e1,top_sni,preview.redd.it,1
com.reddit.frontpage,9cd06ac2-2070-4028-806d-c04501aa44e1,top_sni,9m71lc.launches.appsflyersdk.com,1
com.reddit.frontpage,9cd06ac2-2070-4028-806d-c04501aa44e1,top_sni,styles.redditmedia.com,1
com.reddit.frontpage,9cd06ac2-2070-4028-806d-c04501aa44e1,top_sni,firebaselogging-pa.googleapis.com,1
com.reddit.frontpage,a4087adf-cf1a-4012-b5e5-a3c8013db498,top_dns,alb.reddit.com,10
com.reddit.frontpage,a4087adf-cf1a-4012-b5e5-a3c8013db498,top_dns,gql-fed.reddit.com,6
com.reddit.frontpage,a4087adf-cf1a-4012-b5e5-a3c8013db498,top_dns,styles.redditmedia.com,6
com.reddit.frontpage,a4087adf-cf1a-4012-b5e5-a3c8013db498,top_dns,w3-reporting.reddit.com,4
com.reddit.frontpage,a4087adf-cf1a-4012-b5e5-a3c8013db498,top_dns,9m71lc.cdn-settings.appsflyersdk.com,4
com.reddit.frontpage,a4087adf-cf1a-4012-b5e5-a3c8013db498,top_dns,9m71lc.launches.appsflyersdk.com,4
com.reddit.frontpage,a4087adf-cf1a-4012-b5e5-a3c8013db498,top_dns,i.redd.it,4
com.reddit.frontpage,a4087adf-cf1a-4012-b5e5-a3c8013db498,top_dns,gql-realtime.reddit.com,2
com.reddit.frontpage,a4087adf-cf1a-4012-b5e5-a3c8013db498,top_dns,external-preview.redd.it,2
com.reddit.frontpage,a4087adf-cf1a-4012-b5e5-a3c8013db498,top_dns,preview.redd.it,2
com.reddit.frontpage,a4087adf-cf1a-4012-b5e5-a3c8013db498,top_sni,w3-reporting.reddit.com,10
com.reddit.frontpage,a4087adf-cf1a-4012-b5e5-a3c8013db498,top_sni,gql-fed.reddit.com,9
com.reddit.frontpage,a4087adf-cf1a-4012-b5e5-a3c8013db498,top_sni,alb.reddit.com,8
com.reddit.frontpage,a4087adf-cf1a-4012-b5e5-a3c8013db498,top_sni,styles.redditmedia.com,3
com.reddit.frontpage,a4087adf-cf1a-4012-b5e5-a3c8013db498,top_sni,9m71lc.cdn-settings.appsflyersdk.com,2
com.reddit.frontpage,a4087adf-cf1a-4012-b5e5-a3c8013db498,top_sni,9m71lc.launches.appsflyersdk.com,2
com.reddit.frontpage,a4087adf-cf1a-4012-b5e5-a3c8013db498,top_sni,gql-realtime.reddit.com,1
com.reddit.frontpage,a4087adf-cf1a-4012-b5e5-a3c8013db498,top_sni,external-preview.redd.it,1
com.reddit.frontpage,a4087adf-cf1a-4012-b5e5-a3c8013db498,top_sni,firebaselogging-pa.googleapis.com,1
com.reddit.frontpage,a4087adf-cf1a-4012-b5e5-a3c8013db498,top_sni,play-lh.googleusercontent.com,1
com.reddit.frontpage,b21e68e9-0a23-4d8a-ab2e-9e1a0bf82236,top_dns,gql-fed.reddit.com,14
com.reddit.frontpage,b21e68e9-0a23-4d8a-ab2e-9e1a0bf82236,top_dns,w3-reporting.reddit.com,6
com.reddit.frontpage,b21e68e9-0a23-4d8a-ab2e-9e1a0bf82236,top_dns,9m71lc.cdn-settings.appsflyersdk.com,4
com.reddit.frontpage,b21e68e9-0a23-4d8a-ab2e-9e1a0bf82236,top_dns,gql-realtime.reddit.com,2
com.reddit.frontpage,b21e68e9-0a23-4d8a-ab2e-9e1a0bf82236,top_dns,matrix.redditspace.com,2
com.reddit.frontpage,b21e68e9-0a23-4d8a-ab2e-9e1a0bf82236,top_dns,external-preview.redd.it,2
com.reddit.frontpage,b21e68e9-0a23-4d8a-ab2e-9e1a0bf82236,top_dns,preview.redd.it,2
com.reddit.frontpage,b21e68e9-0a23-4d8a-ab2e-9e1a0bf82236,top_dns,packaged-media.redd.it,2
com.reddit.frontpage,b21e68e9-0a23-4d8a-ab2e-9e1a0bf82236,top_dns,9m71lc.launches.appsflyersdk.com,2
com.reddit.frontpage,b21e68e9-0a23-4d8a-ab2e-9e1a0bf82236,top_dns,alb.reddit.com,2
com.reddit.frontpage,b21e68e9-0a23-4d8a-ab2e-9e1a0bf82236,top_sni,gql-fed.reddit.com,16
com.reddit.frontpage,b21e68e9-0a23-4d8a-ab2e-9e1a0bf82236,top_sni,w3-reporting.reddit.com,5
com.reddit.frontpage,b21e68e9-0a23-4d8a-ab2e-9e1a0bf82236,top_sni,matrix.redditspace.com,3
com.reddit.frontpage,b21e68e9-0a23-4d8a-ab2e-9e1a0bf82236,top_sni,gql-realtime.reddit.com,2
com.reddit.frontpage,b21e68e9-0a23-4d8a-ab2e-9e1a0bf82236,top_sni,9m71lc.cdn-settings.appsflyersdk.com,2
com.reddit.frontpage,b21e68e9-0a23-4d8a-ab2e-9e1a0bf82236,top_sni,external-preview.redd.it,2
com.reddit.frontpage,b21e68e9-0a23-4d8a-ab2e-9e1a0bf82236,top_sni,preview.redd.it,2
com.reddit.frontpage,b21e68e9-0a23-4d8a-ab2e-9e1a0bf82236,top_sni,9m71lc.launches.appsflyersdk.com,1
com.reddit.frontpage,b21e68e9-0a23-4d8a-ab2e-9e1a0bf82236,top_sni,alb.reddit.com,1
com.reddit.frontpage,b21e68e9-0a23-4d8a-ab2e-9e1a0bf82236,top_sni,firebaselogging-pa.googleapis.com,1
com.reddit.frontpage,ba6e92ac-b89d-4d67-96c0-a5172a373411,top_dns,gql-fed.reddit.com,10
com.reddit.frontpage,ba6e92ac-b89d-4d67-96c0-a5172a373411,top_dns,preview.redd.it,6
com.reddit.frontpage,ba6e92ac-b89d-4d67-96c0-a5172a373411,top_dns,w3-reporting.reddit.com,4
com.reddit.frontpage,ba6e92ac-b89d-4d67-96c0-a5172a373411,top_dns,styles.redditmedia.com,4
com.reddit.frontpage,ba6e92ac-b89d-4d67-96c0-a5172a373411,top_dns,external-preview.redd.it,4
com.reddit.frontpage,ba6e92ac-b89d-4d67-96c0-a5172a373411,top_dns,gql-realtime.reddit.com,2
com.reddit.frontpage,ba6e92ac-b89d-4d67-96c0-a5172a373411,top_dns,9m71lc.cdn-settings.appsflyersdk.com,2
com.reddit.frontpage,ba6e92ac-b89d-4d67-96c0-a5172a373411,top_dns,packaged-media.redd.it,2
com.reddit.frontpage,ba6e92ac-b89d-4d67-96c0-a5172a373411,top_dns,alb.reddit.com,2
com.reddit.frontpage,ba6e92ac-b89d-4d67-96c0-a5172a373411,top_dns,9m71lc.launches.appsflyersdk.com,2
com.reddit.frontpage,ba6e92ac-b89d-4d67-96c0-a5172a373411,top_sni,gql-fed.reddit.com,9
com.reddit.frontpage,ba6e92ac-b89d-4d67-96c0-a5172a373411,top_sni,w3-reporting.reddit.com,4
com.reddit.frontpage,ba6e92ac-b89d-4d67-96c0-a5172a373411,top_sni,styles.redditmedia.com,3
com.reddit.frontpage,ba6e92ac-b89d-4d67-96c0-a5172a373411,top_sni,external-preview.redd.it,3
com.reddit.frontpage,ba6e92ac-b89d-4d67-96c0-a5172a373411,top_sni,preview.redd.it,2
com.reddit.frontpage,ba6e92ac-b89d-4d67-96c0-a5172a373411,top_sni,9m71lc.cdn-settings.appsflyersdk.com,1
com.reddit.frontpage,ba6e92ac-b89d-4d67-96c0-a5172a373411,top_sni,gql-realtime.reddit.com,1
com.reddit.frontpage,ba6e92ac-b89d-4d67-96c0-a5172a373411,top_sni,alb.reddit.com,1
com.reddit.frontpage,ba6e92ac-b89d-4d67-96c0-a5172a373411,top_sni,9m71lc.launches.appsflyersdk.com,1
com.reddit.frontpage,ba6e92ac-b89d-4d67-96c0-a5172a373411,top_sni,firebaselogging-pa.googleapis.com,1
com.snapchat.android,1f178ebc-7670-4fbc-ad5f-77cfef19bcae,top_dns,aws.api.snapchat.com,4
com.snapchat.android,1f178ebc-7670-4fbc-ad5f-77cfef19bcae,top_dns,gcp.api.snapchat.com,4
com.snapchat.android,1f178ebc-7670-4fbc-ad5f-77cfef19bcae,top_dns,aws.duplex.snapchat.com,4
com.snapchat.android,1f178ebc-7670-4fbc-ad5f-77cfef19bcae,top_dns,us-east1-aws.api.snapchat.com,2
com.snapchat.android,1f178ebc-7670-4fbc-ad5f-77cfef19bcae,top_dns,app-analytics-v2.snapchat.com,2
com.snapchat.android,1f178ebc-7670-4fbc-ad5f-77cfef19bcae,top_dns,aws-proxy-gcp.api.snapchat.com,2
com.snapchat.android,1f178ebc-7670-4fbc-ad5f-77cfef19bcae,top_dns,us-central1-gcp.api.snapchat.com,2
com.snapchat.android,1f178ebc-7670-4fbc-ad5f-77cfef19bcae,top_dns,us-east4-gcp.api.snapchat.com,2
com.snapchat.android,1f178ebc-7670-4fbc-ad5f-77cfef19bcae,top_dns,cf-st.sc-cdn.net,2
com.snapchat.android,1f178ebc-7670-4fbc-ad5f-77cfef19bcae,top_sni,gcp.api.snapchat.com,7
com.snapchat.android,1f178ebc-7670-4fbc-ad5f-77cfef19bcae,top_sni,app-analytics-v2.snapchat.com,5
com.snapchat.android,1f178ebc-7670-4fbc-ad5f-77cfef19bcae,top_sni,cf-st.sc-cdn.net,5
com.snapchat.android,1f178ebc-7670-4fbc-ad5f-77cfef19bcae,top_sni,aws.api.snapchat.com,3
com.snapchat.android,1f178ebc-7670-4fbc-ad5f-77cfef19bcae,top_sni,us-east1-aws.api.snapchat.com,2
com.snapchat.android,1f178ebc-7670-4fbc-ad5f-77cfef19bcae,top_sni,aws.duplex.snapchat.com,1
com.snapchat.android,1f178ebc-7670-4fbc-ad5f-77cfef19bcae,top_sni,aws-proxy-gcp.api.snapchat.com,1
com.snapchat.android,7993cef2-5589-4015-849c-6983f6659a13,top_dns,aws.api.snapchat.com,14
com.snapchat.android,7993cef2-5589-4015-849c-6983f6659a13,top_dns,gcp.api.snapchat.com,12
com.snapchat.android,7993cef2-5589-4015-849c-6983f6659a13,top_dns,cf-st.sc-cdn.net,12
com.snapchat.android,7993cef2-5589-4015-849c-6983f6659a13,top_dns,aws-proxy-gcp.api.snapchat.com,10
com.snapchat.android,7993cef2-5589-4015-849c-6983f6659a13,top_dns,us-east1-aws.api.snapchat.com,10
com.snapchat.android,7993cef2-5589-4015-849c-6983f6659a13,top_dns,app-analytics-v2.snapchat.com,8
com.snapchat.android,7993cef2-5589-4015-849c-6983f6659a13,top_dns,usc1-gcp-v62.api.snapchat.com,8
com.snapchat.android,7993cef2-5589-4015-849c-6983f6659a13,top_dns,us-central1-gcp.api.snapchat.com,6
com.snapchat.android,7993cef2-5589-4015-849c-6983f6659a13,top_dns,us-east4-gcp.api.snapchat.com,6
com.snapchat.android,7993cef2-5589-4015-849c-6983f6659a13,top_dns,bolt-gcdn.sc-cdn.net,6
com.snapchat.android,7993cef2-5589-4015-849c-6983f6659a13,top_sni,cf-st.sc-cdn.net,37
com.snapchat.android,7993cef2-5589-4015-849c-6983f6659a13,top_sni,app-analytics-v2.snapchat.com,11
com.snapchat.android,7993cef2-5589-4015-849c-6983f6659a13,top_sni,gcp.api.snapchat.com,8
com.snapchat.android,7993cef2-5589-4015-849c-6983f6659a13,top_sni,bolt-gcdn.sc-cdn.net,7
com.snapchat.android,7993cef2-5589-4015-849c-6983f6659a13,top_sni,aws-proxy-gcp.api.snapchat.com,6
com.snapchat.android,7993cef2-5589-4015-849c-6983f6659a13,top_sni,aws.api.snapchat.com,6
com.snapchat.android,7993cef2-5589-4015-849c-6983f6659a13,top_sni,us-east1-aws.api.snapchat.com,6
com.snapchat.android,7993cef2-5589-4015-849c-6983f6659a13,top_sni,usc1-gcp-v62.api.snapchat.com,4
com.snapchat.android,7993cef2-5589-4015-849c-6983f6659a13,top_sni,aws.duplex.snapchat.com,1
com.snapchat.android,7993cef2-5589-4015-849c-6983f6659a13,top_sni,us-central1-gcp.api.snapchat.com,1
com.snapchat.android,9ddade5d-49b4-40a7-b681-c84bf60694ff,top_dns,app-analytics-v2.snapchat.com,6
com.snapchat.android,9ddade5d-49b4-40a7-b681-c84bf60694ff,top_dns,aws.duplex.snapchat.com,4
com.snapchat.android,9ddade5d-49b4-40a7-b681-c84bf60694ff,top_dns,aws-proxy-gcp.api.snapchat.com,4
com.snapchat.android,9ddade5d-49b4-40a7-b681-c84bf60694ff,top_dns,aws.api.snapchat.com,4
com.snapchat.android,9ddade5d-49b4-40a7-b681-c84bf60694ff,top_dns,gcp.api.snapchat.com,4
com.snapchat.android,9ddade5d-49b4-40a7-b681-c84bf60694ff,top_dns,us-east1-aws.api.snapchat.com,2
com.snapchat.android,9ddade5d-49b4-40a7-b681-c84bf60694ff,top_dns,us-central1-gcp.api.snapchat.com,2
com.snapchat.android,9ddade5d-49b4-40a7-b681-c84bf60694ff,top_dns,us-east4-gcp.api.snapchat.com,2
com.snapchat.android,9ddade5d-49b4-40a7-b681-c84bf60694ff,top_dns,cf-st.sc-cdn.net,2
com.snapchat.android,9ddade5d-49b4-40a7-b681-c84bf60694ff,top_dns,usc1-gcp-v62.api.snapchat.com,2
com.snapchat.android,9ddade5d-49b4-40a7-b681-c84bf60694ff,top_sni,gcp.api.snapchat.com,7
com.snapchat.android,9ddade5d-49b4-40a7-b681-c84bf60694ff,top_sni,app-analytics-v2.snapchat.com,6
com.snapchat.android,9ddade5d-49b4-40a7-b681-c84bf60694ff,top_sni,cf-st.sc-cdn.net,5
com.snapchat.android,9ddade5d-49b4-40a7-b681-c84bf60694ff,top_sni,aws.api.snapchat.com,3
com.snapchat.android,9ddade5d-49b4-40a7-b681-c84bf60694ff,top_sni,us-east1-aws.api.snapchat.com,2
com.snapchat.android,9ddade5d-49b4-40a7-b681-c84bf60694ff,top_sni,aws-proxy-gcp.api.snapchat.com,2
com.snapchat.android,9ddade5d-49b4-40a7-b681-c84bf60694ff,top_sni,aws.duplex.snapchat.com,1
com.snapchat.android,9ddade5d-49b4-40a7-b681-c84bf60694ff,top_sni,us-central1-gcp.api.snapchat.com,1
com.snapchat.android,9ddade5d-49b4-40a7-b681-c84bf60694ff,top_sni,usc1-gcp-v62.api.snapchat.com,1
com.snapchat.android,9ddade5d-49b4-40a7-b681-c84bf60694ff,top_sni,firebaselogging.googleapis.com,1
com.snapchat.android,cf2ed3ff-4247-4f1c-8d0d-800ad025c897,top_dns,aws.api.snapchat.com,14
com.snapchat.android,cf2ed3ff-4247-4f1c-8d0d-800ad025c897,top_dns,cf-st.sc-cdn.net,12
com.snapchat.android,cf2ed3ff-4247-4f1c-8d0d-800ad025c897,top_dns,gcp.api.snapchat.com,8
com.snapchat.android,cf2ed3ff-4247-4f1c-8d0d-800ad025c897,top_dns,usc1-gcp-v62.api.snapchat.com,8
com.snapchat.android,cf2ed3ff-4247-4f1c-8d0d-800ad025c897,top_dns,app-analytics-v2.snapchat.com,6
com.snapchat.android,cf2ed3ff-4247-4f1c-8d0d-800ad025c897,top_dns,aws-proxy-gcp.api.snapchat.com,6
com.snapchat.android,cf2ed3ff-4247-4f1c-8d0d-800ad025c897,top_dns,us-central1-gcp.api.snapchat.com,6
com.snapchat.android,cf2ed3ff-4247-4f1c-8d0d-800ad025c897,top_dns,us-east1-aws.api.snapchat.com,6
com.snapchat.android,cf2ed3ff-4247-4f1c-8d0d-800ad025c897,top_dns,us-east4-gcp.api.snapchat.com,6
com.snapchat.android,cf2ed3ff-4247-4f1c-8d0d-800ad025c897,top_dns,bolt-gcdn.sc-cdn.net,6
com.snapchat.android,cf2ed3ff-4247-4f1c-8d0d-800ad025c897,top_sni,cf-st.sc-cdn.net,108
com.snapchat.android,cf2ed3ff-4247-4f1c-8d0d-800ad025c897,top_sni,app-analytics-v2.snapchat.com,8
com.snapchat.android,cf2ed3ff-4247-4f1c-8d0d-800ad025c897,top_sni,aws.api.snapchat.com,6
com.snapchat.android,cf2ed3ff-4247-4f1c-8d0d-800ad025c897,top_sni,storage.googleapis.com,6
com.snapchat.android,cf2ed3ff-4247-4f1c-8d0d-800ad025c897,top_sni,aws-proxy-gcp.api.snapchat.com,5
com.snapchat.android,cf2ed3ff-4247-4f1c-8d0d-800ad025c897,top_sni,bolt-gcdn.sc-cdn.net,5
com.snapchat.android,cf2ed3ff-4247-4f1c-8d0d-800ad025c897,top_sni,gcp.api.snapchat.com,4
com.snapchat.android,cf2ed3ff-4247-4f1c-8d0d-800ad025c897,top_sni,usc1-gcp-v62.api.snapchat.com,4
com.snapchat.android,cf2ed3ff-4247-4f1c-8d0d-800ad025c897,top_sni,us-east1-aws.api.snapchat.com,3
com.snapchat.android,cf2ed3ff-4247-4f1c-8d0d-800ad025c897,top_sni,us-central1-gcp.api.snapchat.com,2
com.snapchat.android,f43d09e5-b757-46fd-80f1-7ebcc614d875,top_dns,gcp.api.snapchat.com,6
com.snapchat.android,f43d09e5-b757-46fd-80f1-7ebcc614d875,top_dns,app-analytics-v2.snapchat.com,4
com.snapchat.android,f43d09e5-b757-46fd-80f1-7ebcc614d875,top_dns,us-east1-aws.api.snapchat.com,4
com.snapchat.android,f43d09e5-b757-46fd-80f1-7ebcc614d875,top_dns,aws.api.snapchat.com,4
com.snapchat.android,f43d09e5-b757-46fd-80f1-7ebcc614d875,top_dns,cf-st.sc-cdn.net,4
com.snapchat.android,f43d09e5-b757-46fd-80f1-7ebcc614d875,top_dns,aws-proxy-gcp.api.snapchat.com,4
com.snapchat.android,f43d09e5-b757-46fd-80f1-7ebcc614d875,top_dns,aws.duplex.snapchat.com,4
com.snapchat.android,f43d09e5-b757-46fd-80f1-7ebcc614d875,top_dns,us-central1-gcp.api.snapchat.com,4
com.snapchat.android,f43d09e5-b757-46fd-80f1-7ebcc614d875,top_dns,usc1-gcp-v62.api.snapchat.com,4
com.snapchat.android,f43d09e5-b757-46fd-80f1-7ebcc614d875,top_dns,us-east4-gcp.api.snapchat.com,2
com.snapchat.android,f43d09e5-b757-46fd-80f1-7ebcc614d875,top_sni,gcp.api.snapchat.com,8
com.snapchat.android,f43d09e5-b757-46fd-80f1-7ebcc614d875,top_sni,cf-st.sc-cdn.net,6
com.snapchat.android,f43d09e5-b757-46fd-80f1-7ebcc614d875,top_sni,app-analytics-v2.snapchat.com,5
com.snapchat.android,f43d09e5-b757-46fd-80f1-7ebcc614d875,top_sni,us-east1-aws.api.snapchat.com,3
com.snapchat.android,f43d09e5-b757-46fd-80f1-7ebcc614d875,top_sni,aws.api.snapchat.com,3
com.snapchat.android,f43d09e5-b757-46fd-80f1-7ebcc614d875,top_sni,aws-proxy-gcp.api.snapchat.com,2
com.snapchat.android,f43d09e5-b757-46fd-80f1-7ebcc614d875,top_sni,usc1-gcp-v62.api.snapchat.com,2
com.snapchat.android,f43d09e5-b757-46fd-80f1-7ebcc614d875,top_sni,bolt-gcdn.sc-cdn.net,2
com.snapchat.android,f43d09e5-b757-46fd-80f1-7ebcc614d875,top_sni,us-east4-gcp.api.snapchat.com,1
com.snapchat.android,f43d09e5-b757-46fd-80f1-7ebcc614d875,top_sni,aws.duplex.snapchat.com,1
com.twitter.android,09c50c80-518d-4a0e-818c-268ffd350f5b,top_dns,api-stream.twitter.com,6
com.twitter.android,09c50c80-518d-4a0e-818c-268ffd350f5b,top_dns,api.twitter.com,2
com.twitter.android,09c50c80-518d-4a0e-818c-268ffd350f5b,top_dns,firebaselogging-pa.googleapis.com,2
com.twitter.android,09c50c80-518d-4a0e-818c-268ffd350f5b,top_dns,firebaselogging.googleapis.com,2
com.twitter.android,09c50c80-518d-4a0e-818c-268ffd350f5b,top_dns,pbs.twimg.com,2
com.twitter.android,09c50c80-518d-4a0e-818c-268ffd350f5b,top_dns,video.twimg.com,2
com.twitter.android,09c50c80-518d-4a0e-818c-268ffd350f5b,top_dns,probe.twitter.com,2
com.twitter.android,09c50c80-518d-4a0e-818c-268ffd350f5b,top_dns,x.com,2
com.twitter.android,09c50c80-518d-4a0e-818c-268ffd350f5b,top_sni,api-stream.twitter.com,3
com.twitter.android,09c50c80-518d-4a0e-818c-268ffd350f5b,top_sni,api.twitter.com,3
com.twitter.android,09c50c80-518d-4a0e-818c-268ffd350f5b,top_sni,x.com,2
com.twitter.android,09c50c80-518d-4a0e-818c-268ffd350f5b,top_sni,pbs.twimg.com,2
com.twitter.android,09c50c80-518d-4a0e-818c-268ffd350f5b,top_sni,ads-api.x.com,1
com.twitter.android,09c50c80-518d-4a0e-818c-268ffd350f5b,top_sni,firebaselogging-pa.googleapis.com,1
com.twitter.android,09c50c80-518d-4a0e-818c-268ffd350f5b,top_sni,firebaselogging.googleapis.com,1
com.twitter.android,09c50c80-518d-4a0e-818c-268ffd350f5b,top_sni,video.twimg.com,1
com.twitter.android,09c50c80-518d-4a0e-818c-268ffd350f5b,top_sni,probe.twitter.com,1
com.twitter.android,11f32b26-99fa-4fb4-9aaf-77f1d9af590c,top_dns,api-stream.twitter.com,6
com.twitter.android,11f32b26-99fa-4fb4-9aaf-77f1d9af590c,top_dns,api.twitter.com,2
com.twitter.android,11f32b26-99fa-4fb4-9aaf-77f1d9af590c,top_dns,pbs.twimg.com,2
com.twitter.android,11f32b26-99fa-4fb4-9aaf-77f1d9af590c,top_dns,video.twimg.com,2
com.twitter.android,11f32b26-99fa-4fb4-9aaf-77f1d9af590c,top_dns,api.x.com,2
com.twitter.android,11f32b26-99fa-4fb4-9aaf-77f1d9af590c,top_dns,firebaseremoteconfig.googleapis.com,2
com.twitter.android,11f32b26-99fa-4fb4-9aaf-77f1d9af590c,top_dns,abs.twimg.com,2
com.twitter.android,11f32b26-99fa-4fb4-9aaf-77f1d9af590c,top_dns,ads-api.x.com,2
com.twitter.android,11f32b26-99fa-4fb4-9aaf-77f1d9af590c,top_dns,cm.g.doubleclick.net,2
com.twitter.android,11f32b26-99fa-4fb4-9aaf-77f1d9af590c,top_dns,analytics.twitter.com,2
com.twitter.android,11f32b26-99fa-4fb4-9aaf-77f1d9af590c,top_sni,pbs.twimg.com,4
com.twitter.android,11f32b26-99fa-4fb4-9aaf-77f1d9af590c,top_sni,api.twitter.com,3
com.twitter.android,11f32b26-99fa-4fb4-9aaf-77f1d9af590c,top_sni,api-stream.twitter.com,2
com.twitter.android,11f32b26-99fa-4fb4-9aaf-77f1d9af590c,top_sni,api.x.com,2
com.twitter.android,11f32b26-99fa-4fb4-9aaf-77f1d9af590c,top_sni,x.com,2
com.twitter.android,11f32b26-99fa-4fb4-9aaf-77f1d9af590c,top_sni,ads-api.x.com,2
com.twitter.android,11f32b26-99fa-4fb4-9aaf-77f1d9af590c,top_sni,cm.g.doubleclick.net,2
com.twitter.android,11f32b26-99fa-4fb4-9aaf-77f1d9af590c,top_sni,video.twimg.com,1
com.twitter.android,11f32b26-99fa-4fb4-9aaf-77f1d9af590c,top_sni,firebaseremoteconfig.googleapis.com,1
com.twitter.android,11f32b26-99fa-4fb4-9aaf-77f1d9af590c,top_sni,abs.twimg.com,1
com.twitter.android,1305d61c-1498-4991-a215-032a00f12b2b,top_dns,pbs.twimg.com,12
com.twitter.android,1305d61c-1498-4991-a215-032a00f12b2b,top_dns,probe.twitter.com,8
com.twitter.android,1305d61c-1498-4991-a215-032a00f12b2b,top_dns,api.twitter.com,6
com.twitter.android,1305d61c-1498-4991-a215-032a00f12b2b,top_dns,api.x.com,6
com.twitter.android,1305d61c-1498-4991-a215-032a00f12b2b,top_dns,x.com,6
com.twitter.android,1305d61c-1498-4991-a215-032a00f12b2b,top_dns,api-stream.twitter.com,4
com.twitter.android,1305d61c-1498-4991-a215-032a00f12b2b,top_dns,video.twimg.com,4
com.twitter.android,1305d61c-1498-4991-a215-032a00f12b2b,top_dns,ads-api.x.com,4
com.twitter.android,1305d61c-1498-4991-a215-032a00f12b2b,top_dns,cm.g.doubleclick.net,4
com.twitter.android,1305d61c-1498-4991-a215-032a00f12b2b,top_dns,analytics.twitter.com,4
com.twitter.android,1305d61c-1498-4991-a215-032a00f12b2b,top_sni,pbs.twimg.com,18
com.twitter.android,1305d61c-1498-4991-a215-032a00f12b2b,top_sni,x.com,5
com.twitter.android,1305d61c-1498-4991-a215-032a00f12b2b,top_sni,api.twitter.com,5
com.twitter.android,1305d61c-1498-4991-a215-032a00f12b2b,top_sni,abs.twimg.com,5
com.twitter.android,1305d61c-1498-4991-a215-032a00f12b2b,top_sni,api.x.com,5
com.twitter.android,1305d61c-1498-4991-a215-032a00f12b2b,top_sni,probe.twitter.com,5
com.twitter.android,1305d61c-1498-4991-a215-032a00f12b2b,top_sni,api-stream.twitter.com,3
com.twitter.android,1305d61c-1498-4991-a215-032a00f12b2b,top_sni,video.twimg.com,3
com.twitter.android,1305d61c-1498-4991-a215-032a00f12b2b,top_sni,ads-api.x.com,3
com.twitter.android,1305d61c-1498-4991-a215-032a00f12b2b,top_sni,cm.g.doubleclick.net,3
com.twitter.android,4826adbf-e7b9-4119-a495-ac30c442e95d,top_dns,pbs.twimg.com,6
com.twitter.android,4826adbf-e7b9-4119-a495-ac30c442e95d,top_dns,api.twitter.com,4
com.twitter.android,4826adbf-e7b9-4119-a495-ac30c442e95d,top_dns,api-stream.twitter.com,2
com.twitter.android,4826adbf-e7b9-4119-a495-ac30c442e95d,top_dns,video.twimg.com,2
com.twitter.android,4826adbf-e7b9-4119-a495-ac30c442e95d,top_dns,video-s.twimg.com,2
com.twitter.android,4826adbf-e7b9-4119-a495-ac30c442e95d,top_dns,firebaselogging.googleapis.com,2
com.twitter.android,4826adbf-e7b9-4119-a495-ac30c442e95d,top_dns,probe.twitter.com,2
com.twitter.android,4826adbf-e7b9-4119-a495-ac30c442e95d,top_dns,x.com,2
com.twitter.android,4826adbf-e7b9-4119-a495-ac30c442e95d,top_dns,time.google.com,2
com.twitter.android,4826adbf-e7b9-4119-a495-ac30c442e95d,top_dns,api.x.com,2
com.twitter.android,4826adbf-e7b9-4119-a495-ac30c442e95d,top_sni,pbs.twimg.com,6
com.twitter.android,4826adbf-e7b9-4119-a495-ac30c442e95d,top_sni,probe.twitter.com,3
com.twitter.android,4826adbf-e7b9-4119-a495-ac30c442e95d,top_sni,x.com,2
com.twitter.android,4826adbf-e7b9-4119-a495-ac30c442e95d,top_sni,api.x.com,2
com.twitter.android,4826adbf-e7b9-4119-a495-ac30c442e95d,top_sni,api-stream.twitter.com,1
com.twitter.android,4826adbf-e7b9-4119-a495-ac30c442e95d,top_sni,video.twimg.com,1
com.twitter.android,4826adbf-e7b9-4119-a495-ac30c442e95d,top_sni,firebaselogging.googleapis.com,1
com.twitter.android,4826adbf-e7b9-4119-a495-ac30c442e95d,top_sni,chat-ws.x.com,1
com.twitter.android,4826adbf-e7b9-4119-a495-ac30c442e95d,top_sni,firebaselogging-pa.googleapis.com,1
com.twitter.android,4826adbf-e7b9-4119-a495-ac30c442e95d,top_sni,abs.twimg.com,1
com.twitter.android,67b3fa18-ac60-4c14-8711-0df566e93608,top_dns,api.twitter.com,6
com.twitter.android,67b3fa18-ac60-4c14-8711-0df566e93608,top_dns,probe.twitter.com,6
com.twitter.android,67b3fa18-ac60-4c14-8711-0df566e93608,top_dns,pbs.twimg.com,4
com.twitter.android,67b3fa18-ac60-4c14-8711-0df566e93608,top_dns,api.x.com,4
com.twitter.android,67b3fa18-ac60-4c14-8711-0df566e93608,top_dns,abs.twimg.com,4
com.twitter.android,67b3fa18-ac60-4c14-8711-0df566e93608,top_dns,api-stream.twitter.com,2
com.twitter.android,67b3fa18-ac60-4c14-8711-0df566e93608,top_dns,video.twimg.com,2
com.twitter.android,67b3fa18-ac60-4c14-8711-0df566e93608,top_dns,time.google.com,2
com.twitter.android,67b3fa18-ac60-4c14-8711-0df566e93608,top_dns,firebaseremoteconfig.googleapis.com,2
com.twitter.android,67b3fa18-ac60-4c14-8711-0df566e93608,top_dns,firebaselogging-pa.googleapis.com,2
com.twitter.android,67b3fa18-ac60-4c14-8711-0df566e93608,top_sni,pbs.twimg.com,8
com.twitter.android,67b3fa18-ac60-4c14-8711-0df566e93608,top_sni,api.x.com,5
com.twitter.android,67b3fa18-ac60-4c14-8711-0df566e93608,top_sni,abs.twimg.com,4
com.twitter.android,67b3fa18-ac60-4c14-8711-0df566e93608,top_sni,probe.twitter.com,3
com.twitter.android,67b3fa18-ac60-4c14-8711-0df566e93608,top_sni,x.com,3
com.twitter.android,67b3fa18-ac60-4c14-8711-0df566e93608,top_sni,ads-api.x.com,2
com.twitter.android,67b3fa18-ac60-4c14-8711-0df566e93608,top_sni,cm.g.doubleclick.net,2
com.twitter.android,67b3fa18-ac60-4c14-8711-0df566e93608,top_sni,api-stream.twitter.com,1
com.twitter.android,67b3fa18-ac60-4c14-8711-0df566e93608,top_sni,video.twimg.com,1
com.twitter.android,67b3fa18-ac60-4c14-8711-0df566e93608,top_sni,firebaseremoteconfig.googleapis.com,1
com.twitter.android,842410c2-036f-4482-bd70-693d07a4ec7e,top_dns,api.twitter.com,8
com.twitter.android,842410c2-036f-4482-bd70-693d07a4ec7e,top_dns,api-stream.twitter.com,2
com.twitter.android,842410c2-036f-4482-bd70-693d07a4ec7e,top_dns,video.twimg.com,2
com.twitter.android,842410c2-036f-4482-bd70-693d07a4ec7e,top_dns,pbs.twimg.com,2
com.twitter.android,842410c2-036f-4482-bd70-693d07a4ec7e,top_dns,abs.twimg.com,2
com.twitter.android,842410c2-036f-4482-bd70-693d07a4ec7e,top_dns,api.x.com,2
com.twitter.android,842410c2-036f-4482-bd70-693d07a4ec7e,top_dns,ads-api.x.com,2
com.twitter.android,842410c2-036f-4482-bd70-693d07a4ec7e,top_dns,cm.g.doubleclick.net,2
com.twitter.android,842410c2-036f-4482-bd70-693d07a4ec7e,top_dns,analytics.twitter.com,2
com.twitter.android,842410c2-036f-4482-bd70-693d07a4ec7e,top_dns,firebaselogging-pa.googleapis.com,2
com.twitter.android,842410c2-036f-4482-bd70-693d07a4ec7e,top_sni,pbs.twimg.com,3
com.twitter.android,842410c2-036f-4482-bd70-693d07a4ec7e,top_sni,x.com,2
com.twitter.android,842410c2-036f-4482-bd70-693d07a4ec7e,top_sni,ads-api.x.com,2
com.twitter.android,842410c2-036f-4482-bd70-693d07a4ec7e,top_sni,cm.g.doubleclick.net,2
com.twitter.android,842410c2-036f-4482-bd70-693d07a4ec7e,top_sni,api-stream.twitter.com,1
com.twitter.android,842410c2-036f-4482-bd70-693d07a4ec7e,top_sni,video.twimg.com,1
com.twitter.android,842410c2-036f-4482-bd70-693d07a4ec7e,top_sni,api.x.com,1
com.twitter.android,842410c2-036f-4482-bd70-693d07a4ec7e,top_sni,abs.twimg.com,1
com.twitter.android,842410c2-036f-4482-bd70-693d07a4ec7e,top_sni,analytics.twitter.com,1
com.twitter.android,842410c2-036f-4482-bd70-693d07a4ec7e,top_sni,firebaselogging-pa.googleapis.com,1
com.twitter.android,8d811dea-a6b3-456c-8b09-79985803ba2b,top_dns,api.twitter.com,18
com.twitter.android,8d811dea-a6b3-456c-8b09-79985803ba2b,top_dns,x.com,10
com.twitter.android,8d811dea-a6b3-456c-8b09-79985803ba2b,top_dns,api-stream.twitter.com,4
com.twitter.android,8d811dea-a6b3-456c-8b09-79985803ba2b,top_dns,video.twimg.com,2
com.twitter.android,8d811dea-a6b3-456c-8b09-79985803ba2b,top_dns,pbs.twimg.com,2
com.twitter.android,8d811dea-a6b3-456c-8b09-79985803ba2b,top_dns,time.google.com,2
com.twitter.android,8d811dea-a6b3-456c-8b09-79985803ba2b,top_dns,video-s.twimg.com,2
com.twitter.android,8d811dea-a6b3-456c-8b09-79985803ba2b,top_dns,firebaseremoteconfig.googleapis.com,2
com.twitter.android,8d811dea-a6b3-456c-8b09-79985803ba2b,top_dns,firebaselogging.googleapis.com,2
com.twitter.android,8d811dea-a6b3-456c-8b09-79985803ba2b,top_dns,firebaselogging-pa.googleapis.com,2
com.twitter.android,8d811dea-a6b3-456c-8b09-79985803ba2b,top_sni,x.com,6
com.twitter.android,8d811dea-a6b3-456c-8b09-79985803ba2b,top_sni,pbs.twimg.com,5
com.twitter.android,8d811dea-a6b3-456c-8b09-79985803ba2b,top_sni,abs.twimg.com,5
com.twitter.android,8d811dea-a6b3-456c-8b09-79985803ba2b,top_sni,api-stream.twitter.com,2
com.twitter.android,8d811dea-a6b3-456c-8b09-79985803ba2b,top_sni,video-s.twimg.com,2
com.twitter.android,8d811dea-a6b3-456c-8b09-79985803ba2b,top_sni,ads-api.x.com,2
com.twitter.android,8d811dea-a6b3-456c-8b09-79985803ba2b,top_sni,cm.g.doubleclick.net,2
com.twitter.android,8d811dea-a6b3-456c-8b09-79985803ba2b,top_sni,video.twimg.com,1
com.twitter.android,8d811dea-a6b3-456c-8b09-79985803ba2b,top_sni,firebaseremoteconfig.googleapis.com,1
com.twitter.android,8d811dea-a6b3-456c-8b09-79985803ba2b,top_sni,firebaselogging.googleapis.com,1
com.twitter.android,b25d4153-50e4-472d-8534-cd005af3f698,top_dns,api.twitter.com,10
com.twitter.android,b25d4153-50e4-472d-8534-cd005af3f698,top_dns,probe.twitter.com,8
com.twitter.android,b25d4153-50e4-472d-8534-cd005af3f698,top_dns,x.com,8
com.twitter.android,b25d4153-50e4-472d-8534-cd005af3f698,top_dns,pbs.twimg.com,6
com.twitter.android,b25d4153-50e4-472d-8534-cd005af3f698,top_dns,api.x.com,6
com.twitter.android,b25d4153-50e4-472d-8534-cd005af3f698,top_dns,abs.twimg.com,4
com.twitter.android,b25d4153-50e4-472d-8534-cd005af3f698,top_dns,api-stream.twitter.com,2
com.twitter.android,b25d4153-50e4-472d-8534-cd005af3f698,top_dns,video.twimg.com,2
com.twitter.android,b25d4153-50e4-472d-8534-cd005af3f698,top_dns,firebaselogging-pa.googleapis.com,2
com.twitter.android,b25d4153-50e4-472d-8534-cd005af3f698,top_dns,firebaselogging.googleapis.com,2
com.twitter.android,b25d4153-50e4-472d-8534-cd005af3f698,top_sni,pbs.twimg.com,11
com.twitter.android,b25d4153-50e4-472d-8534-cd005af3f698,top_sni,probe.twitter.com,5
com.twitter.android,b25d4153-50e4-472d-8534-cd005af3f698,top_sni,abs.twimg.com,4
com.twitter.android,b25d4153-50e4-472d-8534-cd005af3f698,top_sni,video.twimg.com,2
com.twitter.android,b25d4153-50e4-472d-8534-cd005af3f698,top_sni,x.com,2
com.twitter.android,b25d4153-50e4-472d-8534-cd005af3f698,top_sni,api.x.com,2
com.twitter.android,b25d4153-50e4-472d-8534-cd005af3f698,top_sni,cm.g.doubleclick.net,2
com.twitter.android,b25d4153-50e4-472d-8534-cd005af3f698,top_sni,api-stream.twitter.com,1
com.twitter.android,b25d4153-50e4-472d-8534-cd005af3f698,top_sni,firebaselogging-pa.googleapis.com,1
com.twitter.android,b25d4153-50e4-472d-8534-cd005af3f698,top_sni,firebaselogging.googleapis.com,1
com.whatsapp,1a58612d-70cf-4d48-8cd3-0df5ae1994af,top_dns,api.whatsapp.net,8
com.whatsapp,1a58612d-70cf-4d48-8cd3-0df5ae1994af,top_dns,mmg.whatsapp.net,4
com.whatsapp,1a58612d-70cf-4d48-8cd3-0df5ae1994af,top_dns,g.whatsapp.net,2
com.whatsapp,1a58612d-70cf-4d48-8cd3-0df5ae1994af,top_dns,www.whatsapp.com,2
com.whatsapp,1a58612d-70cf-4d48-8cd3-0df5ae1994af,top_dns,video-msp1-1.xx.fbcdn.net,2
com.whatsapp,1a58612d-70cf-4d48-8cd3-0df5ae1994af,top_dns,graph.whatsapp.com,2
com.whatsapp,1a58612d-70cf-4d48-8cd3-0df5ae1994af,top_dns,media-ord5-2.cdn.whatsapp.net,2
com.whatsapp,1a58612d-70cf-4d48-8cd3-0df5ae1994af,top_sni,media-ord5-2.cdn.whatsapp.net,5
com.whatsapp,1a58612d-70cf-4d48-8cd3-0df5ae1994af,top_sni,api.whatsapp.net,4
com.whatsapp,1a58612d-70cf-4d48-8cd3-0df5ae1994af,top_sni,mmg.whatsapp.net,4
com.whatsapp,1a58612d-70cf-4d48-8cd3-0df5ae1994af,top_sni,www.whatsapp.com,1
com.whatsapp,1a58612d-70cf-4d48-8cd3-0df5ae1994af,top_sni,video-msp1-1.xx.fbcdn.net,1
com.whatsapp,1a58612d-70cf-4d48-8cd3-0df5ae1994af,top_sni,graph.whatsapp.com,1
com.whatsapp,1df0c660-3cb3-4158-a312-86d02abe360d,top_dns,api.whatsapp.net,4
com.whatsapp,1df0c660-3cb3-4158-a312-86d02abe360d,top_dns,g.whatsapp.net,2
com.whatsapp,1df0c660-3cb3-4158-a312-86d02abe360d,top_dns,graph.whatsapp.com,2
com.whatsapp,1df0c660-3cb3-4158-a312-86d02abe360d,top_sni,api.whatsapp.net,2
com.whatsapp,1df0c660-3cb3-4158-a312-86d02abe360d,top_sni,graph.whatsapp.com,1
com.whatsapp,2768fff3-52e1-46a8-93b0-a7a989252e8d,top_dns,api.whatsapp.net,8
com.whatsapp,2768fff3-52e1-46a8-93b0-a7a989252e8d,top_dns,g.whatsapp.net,4
com.whatsapp,2768fff3-52e1-46a8-93b0-a7a989252e8d,top_dns,media-ord5-2.cdn.whatsapp.net,2
com.whatsapp,2768fff3-52e1-46a8-93b0-a7a989252e8d,top_sni,api.whatsapp.net,4
com.whatsapp,2768fff3-52e1-46a8-93b0-a7a989252e8d,top_sni,media-ord5-2.cdn.whatsapp.net,1
com.whatsapp,415f0bcd-3c4e-4c69-8a16-a66c4c629ea5,top_dns,api.whatsapp.net,6
com.whatsapp,415f0bcd-3c4e-4c69-8a16-a66c4c629ea5,top_dns,g.whatsapp.net,2
com.whatsapp,415f0bcd-3c4e-4c69-8a16-a66c4c629ea5,top_sni,api.whatsapp.net,3
com.whatsapp,6e1def29-f200-4edb-a2c1-99194e82ab82,top_dns,api.whatsapp.net,6
com.whatsapp,6e1def29-f200-4edb-a2c1-99194e82ab82,top_dns,g.whatsapp.net,2
com.whatsapp,6e1def29-f200-4edb-a2c1-99194e82ab82,top_dns,www.whatsapp.com,2
com.whatsapp,6e1def29-f200-4edb-a2c1-99194e82ab82,top_dns,mmg.whatsapp.net,2
com.whatsapp,6e1def29-f200-4edb-a2c1-99194e82ab82,top_sni,api.whatsapp.net,3
com.whatsapp,6e1def29-f200-4edb-a2c1-99194e82ab82,top_sni,www.whatsapp.com,1
com.whatsapp,6e1def29-f200-4edb-a2c1-99194e82ab82,top_sni,mmg.whatsapp.net,1
com.whatsapp,9ebf5875-e6e7-4da3-914b-b2a36f24530c,top_dns,api.whatsapp.net,8
com.whatsapp,9ebf5875-e6e7-4da3-914b-b2a36f24530c,top_dns,g.whatsapp.net,4
com.whatsapp,9ebf5875-e6e7-4da3-914b-b2a36f24530c,top_sni,api.whatsapp.net,4
com.whatsapp,c6236c1f-0360-406e-86a4-21b782cee223,top_dns,api.whatsapp.net,8
com.whatsapp,c6236c1f-0360-406e-86a4-21b782cee223,top_dns,g.whatsapp.net,2
com.whatsapp,c6236c1f-0360-406e-86a4-21b782cee223,top_dns,media-ord5-2.cdn.whatsapp.net,2
com.whatsapp,c6236c1f-0360-406e-86a4-21b782cee223,top_sni,api.whatsapp.net,4
com.whatsapp,c6236c1f-0360-406e-86a4-21b782cee223,top_sni,media-ord5-2.cdn.whatsapp.net,2
com.whatsapp,dcf60233-71bc-4fca-8e25-d337ba39ee5b,top_dns,api.whatsapp.net,8
com.whatsapp,dcf60233-71bc-4fca-8e25-d337ba39ee5b,top_dns,g.whatsapp.net,2
com.whatsapp,dcf60233-71bc-4fca-8e25-d337ba39ee5b,top_dns,media-ord5-2.cdn.whatsapp.net,2
com.whatsapp,dcf60233-71bc-4fca-8e25-d337ba39ee5b,top_sni,api.whatsapp.net,4
com.whatsapp,dcf60233-71bc-4fca-8e25-d337ba39ee5b,top_sni,media-ord5-2.cdn.whatsapp.net,1
com.whatsapp,e1a43f05-f84b-4d4b-be33-24210ed927a2,top_dns,api.whatsapp.net,10
com.whatsapp,e1a43f05-f84b-4d4b-be33-24210ed927a2,top_dns,g.whatsapp.net,2
com.whatsapp,e1a43f05-f84b-4d4b-be33-24210ed927a2,top_dns,media-ord5-2.cdn.whatsapp.net,2
com.whatsapp,e1a43f05-f84b-4d4b-be33-24210ed927a2,top_sni,api.whatsapp.net,5
com.whatsapp,e1a43f05-f84b-4d4b-be33-24210ed927a2,top_sni,media-ord5-2.cdn.whatsapp.net,1
com.zhiliaoapp.musically,16cf4821-f638-4a43-ae3f-d3539877a706,top_dns,aggr16-normal.tiktokv.us,4
com.zhiliaoapp.musically,16cf4821-f638-4a43-ae3f-d3539877a706,top_dns,tnc16-normal-useast5.tiktokv.us,4
com.zhiliaoapp.musically,16cf4821-f638-4a43-ae3f-d3539877a706,top_dns,v45.tiktokcdn-us.com,4
com.zhiliaoapp.musically,16cf4821-f638-4a43-ae3f-d3539877a706,top_dns,v16m.tiktokcdn-us.com,4
com.zhiliaoapp.musically,16cf4821-f638-4a43-ae3f-d3539877a706,top_dns,p16-common-sign.tiktokcdn-us.com,4
com.zhiliaoapp.musically,16cf4821-f638-4a43-ae3f-d3539877a706,top_dns,reqhfg-launches.appsflyersdk.com,2
com.zhiliaoapp.musically,16cf4821-f638-4a43-ae3f-d3539877a706,top_dns,aggr19-normal.tiktokv.us,2
com.zhiliaoapp.musically,16cf4821-f638-4a43-ae3f-d3539877a706,top_dns,p19-oec-ttp.tiktokcdn-us.com,2
com.zhiliaoapp.musically,16cf4821-f638-4a43-ae3f-d3539877a706,top_dns,p19-oec-va.ibyteimg.com,2
com.zhiliaoapp.musically,16cf4821-f638-4a43-ae3f-d3539877a706,top_dns,api16-normal-useast5.tiktokv.us,2
com.zhiliaoapp.musically,16cf4821-f638-4a43-ae3f-d3539877a706,top_sni,aggr16-normal.tiktokv.us,8
com.zhiliaoapp.musically,16cf4821-f638-4a43-ae3f-d3539877a706,top_sni,v16m.tiktokcdn-us.com,7
com.zhiliaoapp.musically,16cf4821-f638-4a43-ae3f-d3539877a706,top_sni,p19-oec-va.ibyteimg.com,5
com.zhiliaoapp.musically,16cf4821-f638-4a43-ae3f-d3539877a706,top_sni,v45.tiktokcdn-us.com,5
com.zhiliaoapp.musically,16cf4821-f638-4a43-ae3f-d3539877a706,top_sni,p16-common-sign.tiktokcdn-us.com,4
com.zhiliaoapp.musically,16cf4821-f638-4a43-ae3f-d3539877a706,top_sni,api16-normal-useast5.tiktokv.us,3
com.zhiliaoapp.musically,16cf4821-f638-4a43-ae3f-d3539877a706,top_sni,aggr19-normal.tiktokv.us,2
com.zhiliaoapp.musically,16cf4821-f638-4a43-ae3f-d3539877a706,top_sni,tnc16-normal-useast5.tiktokv.us,2
com.zhiliaoapp.musically,16cf4821-f638-4a43-ae3f-d3539877a706,top_sni,v19.tiktokcdn-us.com,2
com.zhiliaoapp.musically,16cf4821-f638-4a43-ae3f-d3539877a706,top_sni,config.mtp.sag.us-ashburn-1.oci.oraclecloud.com,2
com.zhiliaoapp.musically,2f9d24a9-7835-4947-9760-b6b1d30c465d,top_dns,v45.tiktokcdn-us.com,18
com.zhiliaoapp.musically,2f9d24a9-7835-4947-9760-b6b1d30c465d,top_dns,p16-common-sign.tiktokcdn-us.com,16
com.zhiliaoapp.musically,2f9d24a9-7835-4947-9760-b6b1d30c465d,top_dns,v16m.tiktokcdn-us.com,14
com.zhiliaoapp.musically,2f9d24a9-7835-4947-9760-b6b1d30c465d,top_dns,v19.tiktokcdn-us.com,14
com.zhiliaoapp.musically,2f9d24a9-7835-4947-9760-b6b1d30c465d,top_dns,p16-common.tiktokcdn-us.com,12
com.zhiliaoapp.musically,2f9d24a9-7835-4947-9760-b6b1d30c465d,top_dns,api16-normal-useast5.tiktokv.us,12
com.zhiliaoapp.musically,2f9d24a9-7835-4947-9760-b6b1d30c465d,top_dns,p19-oec-va.ibyteimg.com,10
com.zhiliaoapp.musically,2f9d24a9-7835-4947-9760-b6b1d30c465d,top_dns,whoami.akamai.net,10
com.zhiliaoapp.musically,2f9d24a9-7835-4947-9760-b6b1d30c465d,top_dns,lf16-geckocdn.tiktokcdn-us.com,8
com.zhiliaoapp.musically,2f9d24a9-7835-4947-9760-b6b1d30c465d,top_dns,p19-common.tiktokcdn-us.com,8
com.zhiliaoapp.musically,2f9d24a9-7835-4947-9760-b6b1d30c465d,top_sni,v45.tiktokcdn-us.com,26
com.zhiliaoapp.musically,2f9d24a9-7835-4947-9760-b6b1d30c465d,top_sni,v16m.tiktokcdn-us.com,22
com.zhiliaoapp.musically,2f9d24a9-7835-4947-9760-b6b1d30c465d,top_sni,p16-common-sign.tiktokcdn-us.com,20
com.zhiliaoapp.musically,2f9d24a9-7835-4947-9760-b6b1d30c465d,top_sni,api16-normal-useast5.tiktokv.us,19
com.zhiliaoapp.musically,2f9d24a9-7835-4947-9760-b6b1d30c465d,top_sni,v19.tiktokcdn-us.com,14
com.zhiliaoapp.musically,2f9d24a9-7835-4947-9760-b6b1d30c465d,top_sni,v16-cla.tiktokcdn-us.com,9
com.zhiliaoapp.musically,2f9d24a9-7835-4947-9760-b6b1d30c465d,top_sni,aggr16-normal.tiktokv.us,8
com.zhiliaoapp.musically,2f9d24a9-7835-4947-9760-b6b1d30c465d,top_sni,p19-oec-va.ibyteimg.com,8
com.zhiliaoapp.musically,2f9d24a9-7835-4947-9760-b6b1d30c465d,top_sni,sf16.tiktokcdn-us.com,7
com.zhiliaoapp.musically,2f9d24a9-7835-4947-9760-b6b1d30c465d,top_sni,p16-common.tiktokcdn-us.com,6
com.zhiliaoapp.musically,3c579ee4-fbf0-4581-b7cd-a62c3c201ee3,top_dns,p16-common-sign.tiktokcdn-us.com,6
com.zhiliaoapp.musically,3c579ee4-fbf0-4581-b7cd-a62c3c201ee3,top_dns,v45.tiktokcdn-us.com,4
com.zhiliaoapp.musically,3c579ee4-fbf0-4581-b7cd-a62c3c201ee3,top_dns,v16m.tiktokcdn-us.com,4
com.zhiliaoapp.musically,3c579ee4-fbf0-4581-b7cd-a62c3c201ee3,top_dns,aggr16-normal.tiktokv.us,2
com.zhiliaoapp.musically,3c579ee4-fbf0-4581-b7cd-a62c3c201ee3,top_dns,lf16-gecko-source.tiktokcdn-us.com,2
com.zhiliaoapp.musically,3c579ee4-fbf0-4581-b7cd-a62c3c201ee3,top_dns,lf19-gecko-source.tiktokcdn-us.com,2
com.zhiliaoapp.musically,3c579ee4-fbf0-4581-b7cd-a62c3c201ee3,top_dns,p0-pu-private-useast8.tiktokv.us,2
com.zhiliaoapp.musically,3c579ee4-fbf0-4581-b7cd-a62c3c201ee3,top_dns,aggr19-normal.tiktokv.us,2
com.zhiliaoapp.musically,3c579ee4-fbf0-4581-b7cd-a62c3c201ee3,top_dns,graph.facebook.com,2
com.zhiliaoapp.musically,3c579ee4-fbf0-4581-b7cd-a62c3c201ee3,top_dns,reqhfg-launches.appsflyersdk.com,2
com.zhiliaoapp.musically,3c579ee4-fbf0-4581-b7cd-a62c3c201ee3,top_sni,aggr16-normal.tiktokv.us,7
com.zhiliaoapp.musically,3c579ee4-fbf0-4581-b7cd-a62c3c201ee3,top_sni,v45.tiktokcdn-us.com,6
com.zhiliaoapp.musically,3c579ee4-fbf0-4581-b7cd-a62c3c201ee3,top_sni,p16-common-sign.tiktokcdn-us.com,5
com.zhiliaoapp.musically,3c579ee4-fbf0-4581-b7cd-a62c3c201ee3,top_sni,v16m.tiktokcdn-us.com,4
com.zhiliaoapp.musically,3c579ee4-fbf0-4581-b7cd-a62c3c201ee3,top_sni,v19.tiktokcdn-us.com,2
com.zhiliaoapp.musically,3c579ee4-fbf0-4581-b7cd-a62c3c201ee3,top_sni,config.mtp.sag.us-ashburn-1.oci.oraclecloud.com,2
com.zhiliaoapp.musically,3c579ee4-fbf0-4581-b7cd-a62c3c201ee3,top_sni,lf16-geckocdn.tiktokcdn-us.com,2
com.zhiliaoapp.musically,3c579ee4-fbf0-4581-b7cd-a62c3c201ee3,top_sni,oecim16-normal-useast5.tiktokv.us,2
com.zhiliaoapp.musically,3c579ee4-fbf0-4581-b7cd-a62c3c201ee3,top_sni,lf16-gecko-source.tiktokcdn-us.com,1
com.zhiliaoapp.musically,3c579ee4-fbf0-4581-b7cd-a62c3c201ee3,top_sni,lf19-gecko-source.tiktokcdn-us.com,1
com.zhiliaoapp.musically,438dbff6-8bb2-400c-b927-9542fb875347,top_dns,p19-oec-va.ibyteimg.com,6
com.zhiliaoapp.musically,438dbff6-8bb2-400c-b927-9542fb875347,top_dns,v45.tiktokcdn-us.com,6
com.zhiliaoapp.musically,438dbff6-8bb2-400c-b927-9542fb875347,top_dns,v16m.tiktokcdn-us.com,6
com.zhiliaoapp.musically,438dbff6-8bb2-400c-b927-9542fb875347,top_dns,aggr16-normal.tiktokv.us,4
com.zhiliaoapp.musically,438dbff6-8bb2-400c-b927-9542fb875347,top_dns,p19-oec-ttp.tiktokcdn-us.com,2
com.zhiliaoapp.musically,438dbff6-8bb2-400c-b927-9542fb875347,top_dns,p16-ug-incentive.tiktokcdn-us.com,2
com.zhiliaoapp.musically,438dbff6-8bb2-400c-b927-9542fb875347,top_dns,reqhfg-launches.appsflyersdk.com,2
com.zhiliaoapp.musically,438dbff6-8bb2-400c-b927-9542fb875347,top_dns,cp-rp16-normal-useast5.tiktokv.us,2
com.zhiliaoapp.musically,438dbff6-8bb2-400c-b927-9542fb875347,top_dns,config.mtp.sag.us-ashburn-1.oci.oraclecloud.com,2
com.zhiliaoapp.musically,438dbff6-8bb2-400c-b927-9542fb875347,top_dns,pull-flv-f77-tt02.tiktokcdn-us.com,2
com.zhiliaoapp.musically,438dbff6-8bb2-400c-b927-9542fb875347,top_sni,aggr16-normal.tiktokv.us,8
com.zhiliaoapp.musically,438dbff6-8bb2-400c-b927-9542fb875347,top_sni,v45.tiktokcdn-us.com,7
com.zhiliaoapp.musically,438dbff6-8bb2-400c-b927-9542fb875347,top_sni,p19-oec-va.ibyteimg.com,6
com.zhiliaoapp.musically,438dbff6-8bb2-400c-b927-9542fb875347,top_sni,v16m.tiktokcdn-us.com,6
com.zhiliaoapp.musically,438dbff6-8bb2-400c-b927-9542fb875347,top_sni,dig.tiktokv.us,3
com.zhiliaoapp.musically,438dbff6-8bb2-400c-b927-9542fb875347,top_sni,p16-ug-incentive.tiktokcdn-us.com,2
com.zhiliaoapp.musically,438dbff6-8bb2-400c-b927-9542fb875347,top_sni,aggr19-normal.tiktokv.us,2
com.zhiliaoapp.musically,438dbff6-8bb2-400c-b927-9542fb875347,top_sni,config.mtp.sag.us-ashburn-1.oci.oraclecloud.com,2
com.zhiliaoapp.musically,438dbff6-8bb2-400c-b927-9542fb875347,top_sni,oecim16-normal-useast5.tiktokv.us,2
com.zhiliaoapp.musically,438dbff6-8bb2-400c-b927-9542fb875347,top_sni,p16-common-sign.tiktokcdn-us.com,2
com.zhiliaoapp.musically,541d5d9a-9a0c-496a-9f92-c6ea4c692b1e,top_dns,p19-oec-va.ibyteimg.com,4
com.zhiliaoapp.musically,541d5d9a-9a0c-496a-9f92-c6ea4c692b1e,top_dns,p16-common-sign.tiktokcdn-us.com,4
com.zhiliaoapp.musically,541d5d9a-9a0c-496a-9f92-c6ea4c692b1e,top_dns,aggr16-normal.tiktokv.us,2
com.zhiliaoapp.musically,541d5d9a-9a0c-496a-9f92-c6ea4c692b1e,top_dns,p19-oec-ttp.tiktokcdn-us.com,2
com.zhiliaoapp.musically,541d5d9a-9a0c-496a-9f92-c6ea4c692b1e,top_dns,graph.facebook.com,2
com.zhiliaoapp.musically,541d5d9a-9a0c-496a-9f92-c6ea4c692b1e,top_dns,reqhfg-launches.appsflyersdk.com,2
com.zhiliaoapp.musically,541d5d9a-9a0c-496a-9f92-c6ea4c692b1e,top_dns,aggr19-normal.tiktokv.us,2
com.zhiliaoapp.musically,541d5d9a-9a0c-496a-9f92-c6ea4c692b1e,top_dns,tnc16-normal-useast5.tiktokv.us,2
com.zhiliaoapp.musically,541d5d9a-9a0c-496a-9f92-c6ea4c692b1e,top_dns,whoami.akamai.net,2
com.zhiliaoapp.musically,541d5d9a-9a0c-496a-9f92-c6ea4c692b1e,top_dns,v45.tiktokcdn-us.com,2
com.zhiliaoapp.musically,541d5d9a-9a0c-496a-9f92-c6ea4c692b1e,top_sni,aggr16-normal.tiktokv.us,14
com.zhiliaoapp.musically,541d5d9a-9a0c-496a-9f92-c6ea4c692b1e,top_sni,p19-oec-va.ibyteimg.com,5
com.zhiliaoapp.musically,541d5d9a-9a0c-496a-9f92-c6ea4c692b1e,top_sni,aggr19-normal.tiktokv.us,4
com.zhiliaoapp.musically,541d5d9a-9a0c-496a-9f92-c6ea4c692b1e,top_sni,v45.tiktokcdn-us.com,4
com.zhiliaoapp.musically,541d5d9a-9a0c-496a-9f92-c6ea4c692b1e,top_sni,p16-common-sign.tiktokcdn-us.com,4
com.zhiliaoapp.musically,541d5d9a-9a0c-496a-9f92-c6ea4c692b1e,top_sni,v16m.tiktokcdn-us.com,3
com.zhiliaoapp.musically,541d5d9a-9a0c-496a-9f92-c6ea4c692b1e,top_sni,api16-normal-useast5.tiktokv.us,2
com.zhiliaoapp.musically,541d5d9a-9a0c-496a-9f92-c6ea4c692b1e,top_sni,v19.tiktokcdn-us.com,2
com.zhiliaoapp.musically,541d5d9a-9a0c-496a-9f92-c6ea4c692b1e,top_sni,lf16-geckocdn.tiktokcdn-us.com,2
com.zhiliaoapp.musically,541d5d9a-9a0c-496a-9f92-c6ea4c692b1e,top_sni,config.mtp.sag.us-ashburn-1.oci.oraclecloud.com,2
com.zhiliaoapp.musically,869a2493-cdab-4cc5-8ac0-d8c84ad8ec6a,top_dns,v16m.tiktokcdn-us.com,6
com.zhiliaoapp.musically,869a2493-cdab-4cc5-8ac0-d8c84ad8ec6a,top_dns,aggr16-normal.tiktokv.us,4
com.zhiliaoapp.musically,869a2493-cdab-4cc5-8ac0-d8c84ad8ec6a,top_dns,p19-oec-va.ibyteimg.com,4
com.zhiliaoapp.musically,869a2493-cdab-4cc5-8ac0-d8c84ad8ec6a,top_dns,p16-common-sign.tiktokcdn-us.com,4
com.zhiliaoapp.musically,869a2493-cdab-4cc5-8ac0-d8c84ad8ec6a,top_dns,v45.tiktokcdn-us.com,4
com.zhiliaoapp.musically,869a2493-cdab-4cc5-8ac0-d8c84ad8ec6a,top_dns,tnc16-normal-useast5.tiktokv.us,4
com.zhiliaoapp.musically,869a2493-cdab-4cc5-8ac0-d8c84ad8ec6a,top_dns,whoami.akamai.net,4
com.zhiliaoapp.musically,869a2493-cdab-4cc5-8ac0-d8c84ad8ec6a,top_dns,p16-common.tiktokcdn-us.com,4
com.zhiliaoapp.musically,869a2493-cdab-4cc5-8ac0-d8c84ad8ec6a,top_dns,sf16-telemetry-proxy-oci.tiktokcdn-us.com,2
com.zhiliaoapp.musically,869a2493-cdab-4cc5-8ac0-d8c84ad8ec6a,top_dns,aggr19-normal.tiktokv.us,2
com.zhiliaoapp.musically,869a2493-cdab-4cc5-8ac0-d8c84ad8ec6a,top_sni,v45.tiktokcdn-us.com,17
com.zhiliaoapp.musically,869a2493-cdab-4cc5-8ac0-d8c84ad8ec6a,top_sni,aggr16-normal.tiktokv.us,11
com.zhiliaoapp.musically,869a2493-cdab-4cc5-8ac0-d8c84ad8ec6a,top_sni,v16m.tiktokcdn-us.com,8
com.zhiliaoapp.musically,869a2493-cdab-4cc5-8ac0-d8c84ad8ec6a,top_sni,p16-common-sign.tiktokcdn-us.com,4
com.zhiliaoapp.musically,869a2493-cdab-4cc5-8ac0-d8c84ad8ec6a,top_sni,v19.tiktokcdn-us.com,4
com.zhiliaoapp.musically,869a2493-cdab-4cc5-8ac0-d8c84ad8ec6a,top_sni,api16-normal-useast5.tiktokv.us,3
com.zhiliaoapp.musically,869a2493-cdab-4cc5-8ac0-d8c84ad8ec6a,top_sni,sf16-telemetry-proxy-oci.tiktokcdn-us.com,2
com.zhiliaoapp.musically,869a2493-cdab-4cc5-8ac0-d8c84ad8ec6a,top_sni,aggr19-normal.tiktokv.us,2
com.zhiliaoapp.musically,869a2493-cdab-4cc5-8ac0-d8c84ad8ec6a,top_sni,p19-oec-va.ibyteimg.com,2
com.zhiliaoapp.musically,869a2493-cdab-4cc5-8ac0-d8c84ad8ec6a,top_sni,tnc16-normal-useast5.tiktokv.us,2
com.zhiliaoapp.musically,8f534340-5c02-4eb3-a123-f89f2cf5baff,top_dns,aggr19-normal.tiktokv.us,10
com.zhiliaoapp.musically,8f534340-5c02-4eb3-a123-f89f2cf5baff,top_dns,aggr16-normal.tiktokv.us,4
com.zhiliaoapp.musically,8f534340-5c02-4eb3-a123-f89f2cf5baff,top_dns,lf16-geckocdn.tiktokcdn-us.com,4
com.zhiliaoapp.musically,8f534340-5c02-4eb3-a123-f89f2cf5baff,top_dns,p19-oec-va.ibyteimg.com,4
com.zhiliaoapp.musically,8f534340-5c02-4eb3-a123-f89f2cf5baff,top_dns,lf16-gecko-source.tiktokcdn-us.com,2
com.zhiliaoapp.musically,8f534340-5c02-4eb3-a123-f89f2cf5baff,top_dns,lf19-gecko-source.tiktokcdn-us.com,2
com.zhiliaoapp.musically,8f534340-5c02-4eb3-a123-f89f2cf5baff,top_dns,ug-attribution.tiktokv.us,2
com.zhiliaoapp.musically,8f534340-5c02-4eb3-a123-f89f2cf5baff,top_dns,tnc16-normal-useast5.tiktokv.us,2
com.zhiliaoapp.musically,8f534340-5c02-4eb3-a123-f89f2cf5baff,top_dns,p0-pu-private-useast8.tiktokv.us,2
com.zhiliaoapp.musically,8f534340-5c02-4eb3-a123-f89f2cf5baff,top_dns,reqhfg-launches.appsflyersdk.com,2
com.zhiliaoapp.musically,8f534340-5c02-4eb3-a123-f89f2cf5baff,top_sni,aggr19-normal.tiktokv.us,10
com.zhiliaoapp.musically,8f534340-5c02-4eb3-a123-f89f2cf5baff,top_sni,aggr16-normal.tiktokv.us,7
com.zhiliaoapp.musically,8f534340-5c02-4eb3-a123-f89f2cf5baff,top_sni,v45.tiktokcdn-us.com,4
com.zhiliaoapp.musically,8f534340-5c02-4eb3-a123-f89f2cf5baff,top_sni,lf16-geckocdn.tiktokcdn-us.com,3
com.zhiliaoapp.musically,8f534340-5c02-4eb3-a123-f89f2cf5baff,top_sni,config.mtp.sag.us-ashburn-1.oci.oraclecloud.com,2
com.zhiliaoapp.musically,8f534340-5c02-4eb3-a123-f89f2cf5baff,top_sni,p19-oec-va.ibyteimg.com,2
com.zhiliaoapp.musically,8f534340-5c02-4eb3-a123-f89f2cf5baff,top_sni,oecim16-normal-useast5.tiktokv.us,2
com.zhiliaoapp.musically,8f534340-5c02-4eb3-a123-f89f2cf5baff,top_sni,p16-common-sign.tiktokcdn-us.com,2
com.zhiliaoapp.musically,8f534340-5c02-4eb3-a123-f89f2cf5baff,top_sni,v16m.tiktokcdn-us.com,2
com.zhiliaoapp.musically,8f534340-5c02-4eb3-a123-f89f2cf5baff,top_sni,lf16-gecko-source.tiktokcdn-us.com,1
com.zhiliaoapp.musically,c2c9859f-eb8c-4eb2-9c1d-f17490fa5614,top_dns,aggr16-normal.tiktokv.us,32
com.zhiliaoapp.musically,c2c9859f-eb8c-4eb2-9c1d-f17490fa5614,top_dns,p19-oec-va.ibyteimg.com,30
com.zhiliaoapp.musically,c2c9859f-eb8c-4eb2-9c1d-f17490fa5614,top_dns,p19-oec-ttp.tiktokcdn-us.com,30
com.zhiliaoapp.musically,c2c9859f-eb8c-4eb2-9c1d-f17490fa5614,top_dns,aggr19-normal.tiktokv.us,8
com.zhiliaoapp.musically,c2c9859f-eb8c-4eb2-9c1d-f17490fa5614,top_dns,p16-common-sign.tiktokcdn-us.com,6
com.zhiliaoapp.musically,c2c9859f-eb8c-4eb2-9c1d-f17490fa5614,top_dns,lf16-geckocdn.tiktokcdn-us.com,4
com.zhiliaoapp.musically,c2c9859f-eb8c-4eb2-9c1d-f17490fa5614,top_dns,lf16-gecko-source.tiktokcdn-us.com,2
com.zhiliaoapp.musically,c2c9859f-eb8c-4eb2-9c1d-f17490fa5614,top_dns,lf19-gecko-source.tiktokcdn-us.com,2
com.zhiliaoapp.musically,c2c9859f-eb8c-4eb2-9c1d-f17490fa5614,top_dns,tnc16-normal-useast5.tiktokv.us,2
com.zhiliaoapp.musically,c2c9859f-eb8c-4eb2-9c1d-f17490fa5614,top_dns,reqhfg-launches.appsflyersdk.com,2
com.zhiliaoapp.musically,c2c9859f-eb8c-4eb2-9c1d-f17490fa5614,top_sni,aggr16-normal.tiktokv.us,89
com.zhiliaoapp.musically,c2c9859f-eb8c-4eb2-9c1d-f17490fa5614,top_sni,p19-oec-va.ibyteimg.com,15
com.zhiliaoapp.musically,c2c9859f-eb8c-4eb2-9c1d-f17490fa5614,top_sni,p19-oec-ttp.tiktokcdn-us.com,14
com.zhiliaoapp.musically,c2c9859f-eb8c-4eb2-9c1d-f17490fa5614,top_sni,p16-common-sign.tiktokcdn-us.com,5
com.zhiliaoapp.musically,c2c9859f-eb8c-4eb2-9c1d-f17490fa5614,top_sni,aggr19-normal.tiktokv.us,4
com.zhiliaoapp.musically,c2c9859f-eb8c-4eb2-9c1d-f17490fa5614,top_sni,v45.tiktokcdn-us.com,3
com.zhiliaoapp.musically,c2c9859f-eb8c-4eb2-9c1d-f17490fa5614,top_sni,config.mtp.sag.us-ashburn-1.oci.oraclecloud.com,2
com.zhiliaoapp.musically,c2c9859f-eb8c-4eb2-9c1d-f17490fa5614,top_sni,oecim16-normal-useast5.tiktokv.us,2
com.zhiliaoapp.musically,c2c9859f-eb8c-4eb2-9c1d-f17490fa5614,top_sni,v16m.tiktokcdn-us.com,2
com.zhiliaoapp.musically,c2c9859f-eb8c-4eb2-9c1d-f17490fa5614,top_sni,lf16-gecko-source.tiktokcdn-us.com,1
com.zhiliaoapp.musically,c5ea1472-85ab-4927-8e79-39e194ea185c,top_dns,v45.tiktokcdn-us.com,8
com.zhiliaoapp.musically,c5ea1472-85ab-4927-8e79-39e194ea185c,top_dns,p19-oec-va.ibyteimg.com,6
com.zhiliaoapp.musically,c5ea1472-85ab-4927-8e79-39e194ea185c,top_dns,p16-common-sign.tiktokcdn-us.com,6
com.zhiliaoapp.musically,c5ea1472-85ab-4927-8e79-39e194ea185c,top_dns,v16m.tiktokcdn-us.com,6
com.zhiliaoapp.musically,c5ea1472-85ab-4927-8e79-39e194ea185c,top_dns,v19.tiktokcdn-us.com,6
com.zhiliaoapp.musically,c5ea1472-85ab-4927-8e79-39e194ea185c,top_dns,sf16.tiktokcdn-us.com,6
com.zhiliaoapp.musically,c5ea1472-85ab-4927-8e79-39e194ea185c,top_dns,tiktok.adsmeasurement.com,6
com.zhiliaoapp.musically,c5ea1472-85ab-4927-8e79-39e194ea185c,top_dns,aggr19-normal.tiktokv.us,4
com.zhiliaoapp.musically,c5ea1472-85ab-4927-8e79-39e194ea185c,top_dns,reqhfg-launches.appsflyersdk.com,4
com.zhiliaoapp.musically,c5ea1472-85ab-4927-8e79-39e194ea185c,top_dns,whoami.akamai.net,4
com.zhiliaoapp.musically,c5ea1472-85ab-4927-8e79-39e194ea185c,top_sni,v45.tiktokcdn-us.com,13
com.zhiliaoapp.musically,c5ea1472-85ab-4927-8e79-39e194ea185c,top_sni,v16m.tiktokcdn-us.com,12
com.zhiliaoapp.musically,c5ea1472-85ab-4927-8e79-39e194ea185c,top_sni,api16-normal-useast5.tiktokv.us,10
com.zhiliaoapp.musically,c5ea1472-85ab-4927-8e79-39e194ea185c,top_sni,tpsc-ue1.doubleverify.com,10
com.zhiliaoapp.musically,c5ea1472-85ab-4927-8e79-39e194ea185c,top_sni,sf19.tiktokcdn-us.com,9
com.zhiliaoapp.musically,c5ea1472-85ab-4927-8e79-39e194ea185c,top_sni,sf16.tiktokcdn-us.com,8
com.zhiliaoapp.musically,c5ea1472-85ab-4927-8e79-39e194ea185c,top_sni,p16-common-sign.tiktokcdn-us.com,7
com.zhiliaoapp.musically,c5ea1472-85ab-4927-8e79-39e194ea185c,top_sni,p19-oec-va.ibyteimg.com,6
com.zhiliaoapp.musically,c5ea1472-85ab-4927-8e79-39e194ea185c,top_sni,v19.tiktokcdn-us.com,6
com.zhiliaoapp.musically,c5ea1472-85ab-4927-8e79-39e194ea185c,top_sni,v16-cla.tiktokcdn-us.com,6
com.zhiliaoapp.musically,d4a6050d-f1c0-4ed7-a65b-0875e4367e61,top_dns,v45.tiktokcdn-us.com,14
com.zhiliaoapp.musically,d4a6050d-f1c0-4ed7-a65b-0875e4367e61,top_dns,p16-common-sign.tiktokcdn-us.com,12
com.zhiliaoapp.musically,d4a6050d-f1c0-4ed7-a65b-0875e4367e61,top_dns,p16-common.tiktokcdn-us.com,10
com.zhiliaoapp.musically,d4a6050d-f1c0-4ed7-a65b-0875e4367e61,top_dns,v16m.tiktokcdn-us.com,8
com.zhiliaoapp.musically,d4a6050d-f1c0-4ed7-a65b-0875e4367e61,top_dns,api16-normal-useast5.tiktokv.us,8
com.zhiliaoapp.musically,d4a6050d-f1c0-4ed7-a65b-0875e4367e61,top_dns,reqhfg-launches.appsflyersdk.com,6
com.zhiliaoapp.musically,d4a6050d-f1c0-4ed7-a65b-0875e4367e61,top_dns,whoami.akamai.net,6
com.zhiliaoapp.musically,d4a6050d-f1c0-4ed7-a65b-0875e4367e61,top_dns,lf16-geckocdn.tiktokcdn-us.com,6
com.zhiliaoapp.musically,d4a6050d-f1c0-4ed7-a65b-0875e4367e61,top_dns,pull-f5-tt02.tiktokcdn-us.com,6
com.zhiliaoapp.musically,d4a6050d-f1c0-4ed7-a65b-0875e4367e61,top_dns,sf-teko-source.tiktokcdn-us.com,6
com.zhiliaoapp.musically,d4a6050d-f1c0-4ed7-a65b-0875e4367e61,top_sni,v45.tiktokcdn-us.com,22
com.zhiliaoapp.musically,d4a6050d-f1c0-4ed7-a65b-0875e4367e61,top_sni,v16m.tiktokcdn-us.com,16
com.zhiliaoapp.musically,d4a6050d-f1c0-4ed7-a65b-0875e4367e61,top_sni,p16-common-sign.tiktokcdn-us.com,14
com.zhiliaoapp.musically,d4a6050d-f1c0-4ed7-a65b-0875e4367e61,top_sni,api16-normal-useast5.tiktokv.us,12
com.zhiliaoapp.musically,d4a6050d-f1c0-4ed7-a65b-0875e4367e61,top_sni,aggr16-normal.tiktokv.us,11
com.zhiliaoapp.musically,d4a6050d-f1c0-4ed7-a65b-0875e4367e61,top_sni,p19-oec-va.ibyteimg.com,6
com.zhiliaoapp.musically,d4a6050d-f1c0-4ed7-a65b-0875e4367e61,top_sni,sf19.tiktokcdn-us.com,6
com.zhiliaoapp.musically,d4a6050d-f1c0-4ed7-a65b-0875e4367e61,top_sni,v19.tiktokcdn-us.com,6
com.zhiliaoapp.musically,d4a6050d-f1c0-4ed7-a65b-0875e4367e61,top_sni,p16-common.tiktokcdn-us.com,5
com.zhiliaoapp.musically,d4a6050d-f1c0-4ed7-a65b-0875e4367e61,top_sni,lf16-geckocdn.tiktokcdn-us.com,4
com.zhiliaoapp.musically,f2b3dc07-2c57-4001-9723-af842db1272b,top_dns,p16-common-sign.tiktokcdn-us.com,6
com.zhiliaoapp.musically,f2b3dc07-2c57-4001-9723-af842db1272b,top_dns,aggr16-normal.tiktokv.us,4
com.zhiliaoapp.musically,f2b3dc07-2c57-4001-9723-af842db1272b,top_dns,v45.tiktokcdn-us.com,4
com.zhiliaoapp.musically,f2b3dc07-2c57-4001-9723-af842db1272b,top_dns,v16m.tiktokcdn-us.com,4
com.zhiliaoapp.musically,f2b3dc07-2c57-4001-9723-af842db1272b,top_dns,p16-ug-incentive-img-us.tiktokcdn-us.com,4
com.zhiliaoapp.musically,f2b3dc07-2c57-4001-9723-af842db1272b,top_dns,frontier.tiktokv.us,4
com.zhiliaoapp.musically,f2b3dc07-2c57-4001-9723-af842db1272b,top_dns,p19-oec-va.ibyteimg.com,4
com.zhiliaoapp.musically,f2b3dc07-2c57-4001-9723-af842db1272b,top_dns,whoami.akamai.net,4
com.zhiliaoapp.musically,f2b3dc07-2c57-4001-9723-af842db1272b,top_dns,tnc16-normal-useast5.tiktokv.us,2
com.zhiliaoapp.musically,f2b3dc07-2c57-4001-9723-af842db1272b,top_dns,reqhfg-launches.appsflyersdk.com,2
com.zhiliaoapp.musically,f2b3dc07-2c57-4001-9723-af842db1272b,top_sni,aggr16-normal.tiktokv.us,12
com.zhiliaoapp.musically,f2b3dc07-2c57-4001-9723-af842db1272b,top_sni,p16-common-sign.tiktokcdn-us.com,6
com.zhiliaoapp.musically,f2b3dc07-2c57-4001-9723-af842db1272b,top_sni,p19-oec-va.ibyteimg.com,5
com.zhiliaoapp.musically,f2b3dc07-2c57-4001-9723-af842db1272b,top_sni,v45.tiktokcdn-us.com,5
com.zhiliaoapp.musically,f2b3dc07-2c57-4001-9723-af842db1272b,top_sni,v16m.tiktokcdn-us.com,4
com.zhiliaoapp.musically,f2b3dc07-2c57-4001-9723-af842db1272b,top_sni,p16-ug-incentive-img-us.tiktokcdn-us.com,2
com.zhiliaoapp.musically,f2b3dc07-2c57-4001-9723-af842db1272b,top_sni,v19.tiktokcdn-us.com,2
com.zhiliaoapp.musically,f2b3dc07-2c57-4001-9723-af842db1272b,top_sni,frontier.tiktokv.us,2
com.zhiliaoapp.musically,f2b3dc07-2c57-4001-9723-af842db1272b,top_sni,config.mtp.sag.us-ashburn-1.oci.oraclecloud.com,2
com.zhiliaoapp.musically,f2b3dc07-2c57-4001-9723-af842db1272b,top_sni,aggr19-normal.tiktokv.us,1
org.telegram.messenger,3684f7ac-ef94-4380-ac7a-f3fb3c37310e,top_dns,firebaselogging.googleapis.com,2
org.telegram.messenger,3684f7ac-ef94-4380-ac7a-f3fb3c37310e,top_sni,firebaselogging.googleapis.com,1
org.telegram.messenger,4075e587-916b-4ea3-8bd0-d7c2bf6c2b3a,top_dns,firebaselogging.googleapis.com,2
org.telegram.messenger,4075e587-916b-4ea3-8bd0-d7c2bf6c2b3a,top_sni,firebaselogging.googleapis.com,1
org.telegram.messenger,e3eddb98-17be-4077-bd47-92d2f134ddaa,top_dns,firebaselogging.googleapis.com,2
org.telegram.messenger,e3eddb98-17be-4077-bd47-92d2f134ddaa,top_sni,firebaselogging.googleapis.com,1
org.thoughtcrime.securesms,2cf24186-1a93-48e6-9b17-d01de47dd45b,top_dns,grpc.chat.signal.org,4
org.thoughtcrime.securesms,2cf24186-1a93-48e6-9b17-d01de47dd45b,top_sni,grpc.chat.signal.org,2
org.thoughtcrime.securesms,3ba70b5e-3562-4032-9b44-24dcc6651e55,top_dns,grpc.chat.signal.org,4
org.thoughtcrime.securesms,3ba70b5e-3562-4032-9b44-24dcc6651e55,top_sni,grpc.chat.signal.org,2
org.thoughtcrime.securesms,5bacd03a-0030-4f13-97c2-6be4c4bed34a,top_dns,grpc.chat.signal.org,4
org.thoughtcrime.securesms,5bacd03a-0030-4f13-97c2-6be4c4bed34a,top_dns,turn.cloudflare.com,2
org.thoughtcrime.securesms,5bacd03a-0030-4f13-97c2-6be4c4bed34a,top_dns,stun.cloudflare.com,2
org.thoughtcrime.securesms,5bacd03a-0030-4f13-97c2-6be4c4bed34a,top_sni,turn.cloudflare.com,3
org.thoughtcrime.securesms,5bacd03a-0030-4f13-97c2-6be4c4bed34a,top_sni,grpc.chat.signal.org,2
org.thoughtcrime.securesms,978b0516-9070-4086-b631-dabecb7a1419,top_dns,grpc.chat.signal.org,4
org.thoughtcrime.securesms,978b0516-9070-4086-b631-dabecb7a1419,top_dns,turn.cloudflare.com,2
org.thoughtcrime.securesms,978b0516-9070-4086-b631-dabecb7a1419,top_dns,stun.cloudflare.com,2
org.thoughtcrime.securesms,978b0516-9070-4086-b631-dabecb7a1419,top_sni,grpc.chat.signal.org,2
org.thoughtcrime.securesms,978b0516-9070-4086-b631-dabecb7a1419,top_sni,turn.cloudflare.com,1
org.thoughtcrime.securesms,b7d0482c-2c26-4a7e-80fc-68a279e105f6,top_dns,grpc.chat.signal.org,4
org.thoughtcrime.securesms,b7d0482c-2c26-4a7e-80fc-68a279e105f6,top_dns,storage.signal.org,2
org.thoughtcrime.securesms,b7d0482c-2c26-4a7e-80fc-68a279e105f6,top_dns,turn.cloudflare.com,2
org.thoughtcrime.securesms,b7d0482c-2c26-4a7e-80fc-68a279e105f6,top_dns,stun.cloudflare.com,2
org.thoughtcrime.securesms,b7d0482c-2c26-4a7e-80fc-68a279e105f6,top_sni,turn.cloudflare.com,3
org.thoughtcrime.securesms,b7d0482c-2c26-4a7e-80fc-68a279e105f6,top_sni,grpc.chat.signal.org,2
org.thoughtcrime.securesms,b7d0482c-2c26-4a7e-80fc-68a279e105f6,top_sni,storage.signal.org,1
org.thoughtcrime.securesms,bdbbbe7f-aeb6-427c-9389-e165e487913e,top_dns,grpc.chat.signal.org,4
org.thoughtcrime.securesms,bdbbbe7f-aeb6-427c-9389-e165e487913e,top_dns,stun.cloudflare.com,2
org.thoughtcrime.securesms,bdbbbe7f-aeb6-427c-9389-e165e487913e,top_dns,turn.cloudflare.com,2
org.thoughtcrime.securesms,bdbbbe7f-aeb6-427c-9389-e165e487913e,top_sni,grpc.chat.signal.org,2
org.thoughtcrime.securesms,bdbbbe7f-aeb6-427c-9389-e165e487913e,top_sni,turn.cloudflare.com,2
org.thoughtcrime.securesms,cb85dd96-051c-4c5f-9962-225cf7de9470,top_dns,grpc.chat.signal.org,4
org.thoughtcrime.securesms,cb85dd96-051c-4c5f-9962-225cf7de9470,top_sni,grpc.chat.signal.org,2
